sample	cohort_memberships	mode	source_file
2017_SRR13208898	Annual_Wastewater_2017_2025	strict_perfect	rr-analysis/annual_wastewater_2017_2025/dataset_inputs_annual_wastewater_2017_2025/2017_SRR13208898/ARG_mobility_overlap/2017_SRR13208898_strict_perfect_overlap.tsv
2018_SRR13208892	Annual_Wastewater_2017_2025	strict_perfect	rr-analysis/annual_wastewater_2017_2025/dataset_inputs_annual_wastewater_2017_2025/2018_SRR13208892/ARG_mobility_overlap/2018_SRR13208892_strict_perfect_overlap.tsv
2019_SRR28226461	Annual_Wastewater_2017_2025	strict_perfect	rr-analysis/annual_wastewater_2017_2025/dataset_inputs_annual_wastewater_2017_2025/2019_SRR28226461/ARG_mobility_overlap/2019_SRR28226461_strict_perfect_overlap.tsv
2020_SRR33084338	Annual_Wastewater_2017_2025	strict_perfect	rr-analysis/annual_wastewater_2017_2025/dataset_inputs_annual_wastewater_2017_2025/2020_SRR33084338/ARG_mobility_overlap/2020_SRR33084338_strict_perfect_overlap.tsv
2021_SRR28226424	Annual_Wastewater_2017_2025	strict_perfect	rr-analysis/annual_wastewater_2017_2025/dataset_inputs_annual_wastewater_2017_2025/2021_SRR28226424/ARG_mobility_overlap/2021_SRR28226424_strict_perfect_overlap.tsv
2022_SRR28226418	Annual_Wastewater_2017_2025	strict_perfect	rr-analysis/annual_wastewater_2017_2025/dataset_inputs_annual_wastewater_2017_2025/2022_SRR28226418/ARG_mobility_overlap/2022_SRR28226418_strict_perfect_overlap.tsv
2023_SRR37365438	Annual_Wastewater_2017_2025	strict_perfect	rr-analysis/annual_wastewater_2017_2025/dataset_inputs_annual_wastewater_2017_2025/2023_SRR37365438/ARG_mobility_overlap/2023_SRR37365438_strict_perfect_overlap.tsv
2024_ERR17001293	Annual_Wastewater_2017_2025	strict_perfect	rr-analysis/annual_wastewater_2017_2025/dataset_inputs_annual_wastewater_2017_2025/2024_ERR17001293/ARG_mobility_overlap/2024_ERR17001293_strict_perfect_overlap.tsv
2025_ERR17359858	Annual_Wastewater_2017_2025	strict_perfect	rr-analysis/annual_wastewater_2017_2025/dataset_inputs_annual_wastewater_2017_2025/2025_ERR17359858/ARG_mobility_overlap/2025_ERR17359858_strict_perfect_overlap.tsv
ERR1713331	Hendriksen_Sensitivity_Aggregate;Pilot8	strict_perfect	rr-analysis/hendriksen_resistancemap_2016/dataset_inputs_pilot8/ARG_Mobility_Overlap/ERR1713331/ERR1713331_strict_perfect_overlap.tsv
ERR1713332	Batch02_10countries_USA11;Hendriksen_Sensitivity_Aggregate;Pilot8	strict_perfect	rr-analysis/hendriksen_resistancemap_2016/dataset_inputs_batch02_10countries_plus_USA_alt11/ARG_Mobility_Overlap/ERR1713332/ERR1713332_strict_perfect_overlap.tsv
ERR1713334	Batch02_10countries_USA11;Hendriksen_Sensitivity_Aggregate;Pilot8	strict_perfect	rr-analysis/hendriksen_resistancemap_2016/dataset_inputs_batch02_10countries_plus_USA_alt11/ARG_Mobility_Overlap/ERR1713334/ERR1713334_strict_perfect_overlap.tsv
ERR1713335	Batch02_10countries_USA11	strict_perfect	rr-analysis/hendriksen_resistancemap_2016/dataset_inputs_batch02_10countries_plus_USA_alt11/ARG_Mobility_Overlap/ERR1713335/ERR1713335_strict_perfect_overlap.tsv
ERR1713337	Batch02_10countries_USA11;Hendriksen_Sensitivity_Aggregate;Pilot8	strict_perfect	rr-analysis/hendriksen_resistancemap_2016/dataset_inputs_batch02_10countries_plus_USA_alt11/ARG_Mobility_Overlap/ERR1713337/ERR1713337_strict_perfect_overlap.tsv
ERR1713339	Batch02_10countries_USA11;Hendriksen_Sensitivity_Aggregate;Pilot8	strict_perfect	rr-analysis/hendriksen_resistancemap_2016/dataset_inputs_batch02_10countries_plus_USA_alt11/ARG_Mobility_Overlap/ERR1713339/ERR1713339_strict_perfect_overlap.tsv
ERR1713343	Batch02_10countries_USA11	strict_perfect	rr-analysis/hendriksen_resistancemap_2016/dataset_inputs_batch02_10countries_plus_USA_alt11/ARG_Mobility_Overlap/ERR1713343/ERR1713343_strict_perfect_overlap.tsv
ERR1713344	Hendriksen_Sensitivity_Aggregate;Pilot8	strict_perfect	rr-analysis/hendriksen_resistancemap_2016/dataset_inputs_pilot8/ARG_Mobility_Overlap/ERR1713344/ERR1713344_strict_perfect_overlap.tsv
ERR1713346	Batch03_Global10	strict_perfect	rr-analysis/hendriksen_resistancemap_2016/dataset_inputs_batch03_global10/ARG_Mobility_Overlap/ERR1713346/ERR1713346_strict_perfect_overlap.tsv
ERR1713348	Batch01_Clean21_USA_Chicago11	strict_perfect	rr-analysis/hendriksen_resistancemap_2016/dataset_inputs_clean21_plus_USA_chicago_11/ARG_Mobility_Overlap/ERR1713348/ERR1713348_strict_perfect_overlap.tsv
ERR1713349	Batch02_10countries_USA11	strict_perfect	rr-analysis/hendriksen_resistancemap_2016/dataset_inputs_batch02_10countries_plus_USA_alt11/ARG_Mobility_Overlap/ERR1713349/ERR1713349_strict_perfect_overlap.tsv
ERR1713350	Hendriksen_Sensitivity_Aggregate;Selected8	strict_perfect	rr-analysis/hendriksen_resistancemap_2016/dataset_inputs_selected8/ARG_Mobility_Overlap/ERR1713350/ERR1713350_strict_perfect_overlap.tsv
ERR1713352	Batch02_10countries_USA11	strict_perfect	rr-analysis/hendriksen_resistancemap_2016/dataset_inputs_batch02_10countries_plus_USA_alt11/ARG_Mobility_Overlap/ERR1713352/ERR1713352_strict_perfect_overlap.tsv
ERR1713354	Hendriksen_Sensitivity_Aggregate;Selected8	strict_perfect	rr-analysis/hendriksen_resistancemap_2016/dataset_inputs_selected8/ARG_Mobility_Overlap/ERR1713354/ERR1713354_strict_perfect_overlap.tsv
ERR1713355	Hendriksen_Sensitivity_Aggregate;Selected8	strict_perfect	rr-analysis/hendriksen_resistancemap_2016/dataset_inputs_selected8/ARG_Mobility_Overlap/ERR1713355/ERR1713355_strict_perfect_overlap.tsv
ERR1713358	Batch01_Clean21_USA_Chicago11	strict_perfect	rr-analysis/hendriksen_resistancemap_2016/dataset_inputs_clean21_plus_USA_chicago_11/ARG_Mobility_Overlap/ERR1713358/ERR1713358_strict_perfect_overlap.tsv
ERR1713359	Hendriksen_Sensitivity_Aggregate;Selected8	strict_perfect	rr-analysis/hendriksen_resistancemap_2016/dataset_inputs_selected8/ARG_Mobility_Overlap/ERR1713359/ERR1713359_strict_perfect_overlap.tsv
ERR1713361	Hendriksen_Sensitivity_Aggregate;Selected8	strict_perfect	rr-analysis/hendriksen_resistancemap_2016/dataset_inputs_selected8/ARG_Mobility_Overlap/ERR1713361/ERR1713361_strict_perfect_overlap.tsv
ERR1713362	Batch02_10countries_USA11;Hendriksen_Sensitivity_Aggregate;Selected8	strict_perfect	rr-analysis/hendriksen_resistancemap_2016/dataset_inputs_batch02_10countries_plus_USA_alt11/ARG_Mobility_Overlap/ERR1713362/ERR1713362_strict_perfect_overlap.tsv
ERR1713365	Hendriksen_Sensitivity_Aggregate;Selected8	strict_perfect	rr-analysis/hendriksen_resistancemap_2016/dataset_inputs_selected8/ARG_Mobility_Overlap/ERR1713365/ERR1713365_strict_perfect_overlap.tsv
ERR1713366	Batch04A_NewCountries	strict_perfect	rr-analysis/hendriksen_resistancemap_2016/dataset_inputs_batch04A_newcountries12/ERR1713366/ARG_mobility_overlap/ERR1713366_strict_perfect_overlap.tsv
ERR1713367	Batch01_Clean21_USA_Chicago11	strict_perfect	rr-analysis/hendriksen_resistancemap_2016/dataset_inputs_clean21_plus_USA_chicago_11/ARG_Mobility_Overlap/ERR1713367/ERR1713367_strict_perfect_overlap.tsv
ERR1713368	Batch04A_NewCountries	strict_perfect	rr-analysis/hendriksen_resistancemap_2016/dataset_inputs_batch04A_newcountries12/ERR1713368/ARG_mobility_overlap/ERR1713368_strict_perfect_overlap.tsv
ERR1713369	Hendriksen_Sensitivity_Aggregate;Selected8	strict_perfect	rr-analysis/hendriksen_resistancemap_2016/dataset_inputs_selected8/ARG_Mobility_Overlap/ERR1713369/ERR1713369_strict_perfect_overlap.tsv
ERR1713370	Batch03_Global10	strict_perfect	rr-analysis/hendriksen_resistancemap_2016/dataset_inputs_batch03_global10/ARG_Mobility_Overlap/ERR1713370/ERR1713370_strict_perfect_overlap.tsv
ERR1713371	Batch04B_NewCountries	strict_perfect	rr-analysis/hendriksen_resistancemap_2016/dataset_inputs_batch04B_newcountries12/ERR1713371/ARG_mobility_overlap/ERR1713371_strict_perfect_overlap.tsv
ERR1713372	Batch01_Clean21_USA_Chicago11	strict_perfect	rr-analysis/hendriksen_resistancemap_2016/dataset_inputs_clean21_plus_USA_chicago_11/ARG_Mobility_Overlap/ERR1713372/ERR1713372_strict_perfect_overlap.tsv
ERR1713379	Batch02_10countries_USA11	strict_perfect	rr-analysis/hendriksen_resistancemap_2016/dataset_inputs_batch02_10countries_plus_USA_alt11/ARG_Mobility_Overlap/ERR1713379/ERR1713379_strict_perfect_overlap.tsv
ERR1713381	Batch04A_NewCountries	strict_perfect	rr-analysis/hendriksen_resistancemap_2016/dataset_inputs_batch04A_newcountries12/ERR1713381/ARG_mobility_overlap/ERR1713381_strict_perfect_overlap.tsv
ERR1713382	Batch03_Global10	strict_perfect	rr-analysis/hendriksen_resistancemap_2016/dataset_inputs_batch03_global10/ARG_Mobility_Overlap/ERR1713382/ERR1713382_strict_perfect_overlap.tsv
ERR1713384	Batch04B_NewCountries	strict_perfect	rr-analysis/hendriksen_resistancemap_2016/dataset_inputs_batch04B_newcountries12/ERR1713384/ARG_mobility_overlap/ERR1713384_strict_perfect_overlap.tsv
ERR1713385	Batch03_Global10	strict_perfect	rr-analysis/hendriksen_resistancemap_2016/dataset_inputs_batch03_global10/ARG_Mobility_Overlap/ERR1713385/ERR1713385_strict_perfect_overlap.tsv
ERR1713386	Batch03_Global10	strict_perfect	rr-analysis/hendriksen_resistancemap_2016/dataset_inputs_batch03_global10/ARG_Mobility_Overlap/ERR1713386/ERR1713386_strict_perfect_overlap.tsv
ERR1713394	Batch04A_NewCountries	strict_perfect	rr-analysis/hendriksen_resistancemap_2016/dataset_inputs_batch04A_newcountries12/ERR1713394/ARG_mobility_overlap/ERR1713394_strict_perfect_overlap.tsv
ERR1713397	USA_CrossStudy8	strict_perfect	rr-analysis/hendriksen_resistancemap_2016/dataset_inputs_USA_crossstudy_additional8/ARG_Mobility_Overlap/ERR1713397/ERR1713397_strict_perfect_overlap.tsv
ERR1713398	USA_CrossStudy8	strict_perfect	rr-analysis/hendriksen_resistancemap_2016/dataset_inputs_USA_crossstudy_additional8/ARG_Mobility_Overlap/ERR1713398/ERR1713398_strict_perfect_overlap.tsv
ERR1713399	Batch01_Clean21_USA_Chicago11	strict_perfect	rr-analysis/hendriksen_resistancemap_2016/dataset_inputs_clean21_plus_USA_chicago_11/ARG_Mobility_Overlap/ERR1713399/ERR1713399_strict_perfect_overlap.tsv
ERR1713400	USA_CrossStudy8	strict_perfect	rr-analysis/hendriksen_resistancemap_2016/dataset_inputs_USA_crossstudy_additional8/ARG_Mobility_Overlap/ERR1713400/ERR1713400_strict_perfect_overlap.tsv
ERR1713403	Batch02_10countries_USA11	strict_perfect	rr-analysis/hendriksen_resistancemap_2016/dataset_inputs_batch02_10countries_plus_USA_alt11/ARG_Mobility_Overlap/ERR1713403/ERR1713403_strict_perfect_overlap.tsv
ERR1713405	USA_CrossStudy8	strict_perfect	rr-analysis/hendriksen_resistancemap_2016/dataset_inputs_USA_crossstudy_additional8/ARG_Mobility_Overlap/ERR1713405/ERR1713405_strict_perfect_overlap.tsv
ERR1713406	USA_CrossStudy8	strict_perfect	rr-analysis/hendriksen_resistancemap_2016/dataset_inputs_USA_crossstudy_additional8/ARG_Mobility_Overlap/ERR1713406/ERR1713406_strict_perfect_overlap.tsv
ERR1713407	Batch04B_NewCountries	strict_perfect	rr-analysis/hendriksen_resistancemap_2016/dataset_inputs_batch04B_newcountries12/ERR1713407/ARG_mobility_overlap/ERR1713407_strict_perfect_overlap.tsv
ERR1713408	Batch04A_NewCountries	strict_perfect	rr-analysis/hendriksen_resistancemap_2016/dataset_inputs_batch04A_newcountries12/ERR1713408/ARG_mobility_overlap/ERR1713408_strict_perfect_overlap.tsv
ERR1713409	Batch01_Clean21_USA_Chicago11	strict_perfect	rr-analysis/hendriksen_resistancemap_2016/dataset_inputs_clean21_plus_USA_chicago_11/ARG_Mobility_Overlap/ERR1713409/ERR1713409_strict_perfect_overlap.tsv
ERR1713410	Batch01_Clean21_USA_Chicago11	strict_perfect	rr-analysis/hendriksen_resistancemap_2016/dataset_inputs_clean21_plus_USA_chicago_11/ARG_Mobility_Overlap/ERR1713410/ERR1713410_strict_perfect_overlap.tsv
ERR1725938	Batch03_Global10	strict_perfect	rr-analysis/hendriksen_resistancemap_2016/dataset_inputs_batch03_global10/ARG_Mobility_Overlap/ERR1725938/ERR1725938_strict_perfect_overlap.tsv
ERR1725947	Hendriksen_Sensitivity_Aggregate;Pilot8	strict_perfect	rr-analysis/hendriksen_resistancemap_2016/dataset_inputs_pilot8/ARG_Mobility_Overlap/ERR1725947/ERR1725947_strict_perfect_overlap.tsv
ERR1725952	Batch03_Global10	strict_perfect	rr-analysis/hendriksen_resistancemap_2016/dataset_inputs_batch03_global10/ARG_Mobility_Overlap/ERR1725952/ERR1725952_strict_perfect_overlap.tsv
ERR1725962	Hendriksen_Sensitivity_Aggregate;Pilot8	strict_perfect	rr-analysis/hendriksen_resistancemap_2016/dataset_inputs_pilot8/ARG_Mobility_Overlap/ERR1725962/ERR1725962_strict_perfect_overlap.tsv
ERR1725965	Batch03_Global10	strict_perfect	rr-analysis/hendriksen_resistancemap_2016/dataset_inputs_batch03_global10/ARG_Mobility_Overlap/ERR1725965/ERR1725965_strict_perfect_overlap.tsv
ERR1725966	Batch01_Clean21_USA_Chicago11	strict_perfect	rr-analysis/hendriksen_resistancemap_2016/dataset_inputs_clean21_plus_USA_chicago_11/ARG_Mobility_Overlap/ERR1725966/ERR1725966_strict_perfect_overlap.tsv
ERR1725973	Batch01_Clean21_USA_Chicago11	strict_perfect	rr-analysis/hendriksen_resistancemap_2016/dataset_inputs_clean21_plus_USA_chicago_11/ARG_Mobility_Overlap/ERR1725973/ERR1725973_strict_perfect_overlap.tsv
ERR1725975	Batch01_Clean21_USA_Chicago11	strict_perfect	rr-analysis/hendriksen_resistancemap_2016/dataset_inputs_clean21_plus_USA_chicago_11/ARG_Mobility_Overlap/ERR1725975/ERR1725975_strict_perfect_overlap.tsv
ERR1725976	Batch01_Clean21_USA_Chicago11	strict_perfect	rr-analysis/hendriksen_resistancemap_2016/dataset_inputs_clean21_plus_USA_chicago_11/ARG_Mobility_Overlap/ERR1725976/ERR1725976_strict_perfect_overlap.tsv
ERR1725980	Batch03_Global10	strict_perfect	rr-analysis/hendriksen_resistancemap_2016/dataset_inputs_batch03_global10/ARG_Mobility_Overlap/ERR1725980/ERR1725980_strict_perfect_overlap.tsv
ERR1725981	Batch03_Global10	strict_perfect	rr-analysis/hendriksen_resistancemap_2016/dataset_inputs_batch03_global10/ARG_Mobility_Overlap/ERR1725981/ERR1725981_strict_perfect_overlap.tsv
ERR1725987	Batch04A_NewCountries	strict_perfect	rr-analysis/hendriksen_resistancemap_2016/dataset_inputs_batch04A_newcountries12/ERR1725987/ARG_mobility_overlap/ERR1725987_strict_perfect_overlap.tsv
ERR1725989	Batch04B_NewCountries	strict_perfect	rr-analysis/hendriksen_resistancemap_2016/dataset_inputs_batch04B_newcountries12/ERR1725989/ARG_mobility_overlap/ERR1725989_strict_perfect_overlap.tsv
ERR1725991	Batch04A_NewCountries	strict_perfect	rr-analysis/hendriksen_resistancemap_2016/dataset_inputs_batch04A_newcountries12/ERR1725991/ARG_mobility_overlap/ERR1725991_strict_perfect_overlap.tsv
ERR1725993	Batch04A_NewCountries	strict_perfect	rr-analysis/hendriksen_resistancemap_2016/dataset_inputs_batch04A_newcountries12/ERR1725993/ARG_mobility_overlap/ERR1725993_strict_perfect_overlap.tsv
ERR1725995	Batch04A_NewCountries	strict_perfect	rr-analysis/hendriksen_resistancemap_2016/dataset_inputs_batch04A_newcountries12/ERR1725995/ARG_mobility_overlap/ERR1725995_strict_perfect_overlap.tsv
ERR1725996	Batch04B_NewCountries	strict_perfect	rr-analysis/hendriksen_resistancemap_2016/dataset_inputs_batch04B_newcountries12/ERR1725996/ARG_mobility_overlap/ERR1725996_strict_perfect_overlap.tsv
ERR1725999	Batch04A_NewCountries	strict_perfect	rr-analysis/hendriksen_resistancemap_2016/dataset_inputs_batch04A_newcountries12/ERR1725999/ARG_mobility_overlap/ERR1725999_strict_perfect_overlap.tsv
ERR1726000	Batch04B_NewCountries	strict_perfect	rr-analysis/hendriksen_resistancemap_2016/dataset_inputs_batch04B_newcountries12/ERR1726000/ARG_mobility_overlap/ERR1726000_strict_perfect_overlap.tsv
ERR1726001	Batch04A_NewCountries	strict_perfect	rr-analysis/hendriksen_resistancemap_2016/dataset_inputs_batch04A_newcountries12/ERR1726001/ARG_mobility_overlap/ERR1726001_strict_perfect_overlap.tsv
ERR1726002	Batch04B_NewCountries	strict_perfect	rr-analysis/hendriksen_resistancemap_2016/dataset_inputs_batch04B_newcountries12/ERR1726002/ARG_mobility_overlap/ERR1726002_strict_perfect_overlap.tsv
ERR1726003	Batch04B_NewCountries	strict_perfect	rr-analysis/hendriksen_resistancemap_2016/dataset_inputs_batch04B_newcountries12/ERR1726003/ARG_mobility_overlap/ERR1726003_strict_perfect_overlap.tsv
ERR1726004	Batch04B_NewCountries	strict_perfect	rr-analysis/hendriksen_resistancemap_2016/dataset_inputs_batch04B_newcountries12/ERR1726004/ARG_mobility_overlap/ERR1726004_strict_perfect_overlap.tsv
ERR1726006	Batch04B_NewCountries	strict_perfect	rr-analysis/hendriksen_resistancemap_2016/dataset_inputs_batch04B_newcountries12/ERR1726006/ARG_mobility_overlap/ERR1726006_strict_perfect_overlap.tsv
ERR1726009	Batch04B_NewCountries	strict_perfect	rr-analysis/hendriksen_resistancemap_2016/dataset_inputs_batch04B_newcountries12/ERR1726009/ARG_mobility_overlap/ERR1726009_strict_perfect_overlap.tsv
ERR2729809	USA_CrossStudy8	strict_perfect	rr-analysis/hendriksen_resistancemap_2016/dataset_inputs_USA_crossstudy_additional8/ARG_Mobility_Overlap/ERR2729809/ERR2729809_strict_perfect_overlap.tsv
ERR9855090	Batch04B_NewCountries	strict_perfect	rr-analysis/hendriksen_resistancemap_2016/dataset_inputs_batch04B_newcountries12/ERR9855090/ARG_mobility_overlap/ERR9855090_strict_perfect_overlap.tsv
E_1-2	Kathmandu18	strict_perfect	rr-analysis/kathmandu_kbase/dataset_inputs_kathmandu_18/ARG_Mobility_Overlap/E_1-2/E_1-2_strict_perfect_overlap.tsv
E_11-12	Kathmandu18	strict_perfect	rr-analysis/kathmandu_kbase/dataset_inputs_kathmandu_18/ARG_Mobility_Overlap/E_11-12/E_11-12_strict_perfect_overlap.tsv
E_3-4	Kathmandu18	strict_perfect	rr-analysis/kathmandu_kbase/dataset_inputs_kathmandu_18/ARG_Mobility_Overlap/E_3-4/E_3-4_strict_perfect_overlap.tsv
E_5-6	Kathmandu18	strict_perfect	rr-analysis/kathmandu_kbase/dataset_inputs_kathmandu_18/ARG_Mobility_Overlap/E_5-6/E_5-6_strict_perfect_overlap.tsv
E_7-8	Kathmandu18	strict_perfect	rr-analysis/kathmandu_kbase/dataset_inputs_kathmandu_18/ARG_Mobility_Overlap/E_7-8/E_7-8_strict_perfect_overlap.tsv
E_9-10	Kathmandu18	strict_perfect	rr-analysis/kathmandu_kbase/dataset_inputs_kathmandu_18/ARG_Mobility_Overlap/E_9-10/E_9-10_strict_perfect_overlap.tsv
I_1-2	Kathmandu18	strict_perfect	rr-analysis/kathmandu_kbase/dataset_inputs_kathmandu_18/ARG_Mobility_Overlap/I_1-2/I_1-2_strict_perfect_overlap.tsv
I_11-12	Kathmandu18	strict_perfect	rr-analysis/kathmandu_kbase/dataset_inputs_kathmandu_18/ARG_Mobility_Overlap/I_11-12/I_11-12_strict_perfect_overlap.tsv
I_3-4	Kathmandu18	strict_perfect	rr-analysis/kathmandu_kbase/dataset_inputs_kathmandu_18/ARG_Mobility_Overlap/I_3-4/I_3-4_strict_perfect_overlap.tsv
I_5-6	Kathmandu18	strict_perfect	rr-analysis/kathmandu_kbase/dataset_inputs_kathmandu_18/ARG_Mobility_Overlap/I_5-6/I_5-6_strict_perfect_overlap.tsv
I_7-8	Kathmandu18	strict_perfect	rr-analysis/kathmandu_kbase/dataset_inputs_kathmandu_18/ARG_Mobility_Overlap/I_7-8/I_7-8_strict_perfect_overlap.tsv
I_9-10	Kathmandu18	strict_perfect	rr-analysis/kathmandu_kbase/dataset_inputs_kathmandu_18/ARG_Mobility_Overlap/I_9-10/I_9-10_strict_perfect_overlap.tsv
RW_1	Kathmandu18	strict_perfect	rr-analysis/kathmandu_kbase/dataset_inputs_kathmandu_18/ARG_Mobility_Overlap/RW_1/RW_1_strict_perfect_overlap.tsv
RW_2	Kathmandu18	strict_perfect	rr-analysis/kathmandu_kbase/dataset_inputs_kathmandu_18/ARG_Mobility_Overlap/RW_2/RW_2_strict_perfect_overlap.tsv
RW_3	Kathmandu18	strict_perfect	rr-analysis/kathmandu_kbase/dataset_inputs_kathmandu_18/ARG_Mobility_Overlap/RW_3/RW_3_strict_perfect_overlap.tsv
RW_4	Kathmandu18	strict_perfect	rr-analysis/kathmandu_kbase/dataset_inputs_kathmandu_18/ARG_Mobility_Overlap/RW_4/RW_4_strict_perfect_overlap.tsv
RW_5	Kathmandu18	strict_perfect	rr-analysis/kathmandu_kbase/dataset_inputs_kathmandu_18/ARG_Mobility_Overlap/RW_5/RW_5_strict_perfect_overlap.tsv
RW_6	Kathmandu18	strict_perfect	rr-analysis/kathmandu_kbase/dataset_inputs_kathmandu_18/ARG_Mobility_Overlap/RW_6/RW_6_strict_perfect_overlap.tsv
SRR5007116	USA_CrossStudy8	strict_perfect	rr-analysis/hendriksen_resistancemap_2016/dataset_inputs_USA_crossstudy_additional8/ARG_Mobility_Overlap/SRR5007116/SRR5007116_strict_perfect_overlap.tsv
SRR5007352	USA_CrossStudy8	strict_perfect	rr-analysis/hendriksen_resistancemap_2016/dataset_inputs_USA_crossstudy_additional8/ARG_Mobility_Overlap/SRR5007352/SRR5007352_strict_perfect_overlap.tsv
