sample	Ecoli_gyrA_QRDR_present	Ecoli_gyrA_QRDR_mutations	Ecoli_parC_QRDR_present	Ecoli_parC_QRDR_mutations	Ecoli_QRDR_any_present	Ecoli_QRDR_gene_count	Ecoli_gyrA_S83I	Ecoli_gyrA_S83L	Ecoli_parC_S80I
2017_SRR13208898	1	S83I	0		1	1	1	0	0
2018_SRR13208892	0		0		0	0	0	0	0
2019_SRR28226461	1	S83I	0		1	1	1	0	0
2020_SRR33084338	0		0		0	0	0	0	0
2021_SRR28226424	0		0		0	0	0	0	0
2022_SRR28226418	0		0		0	0	0	0	0
2023_SRR37365438	0		0		0	0	0	0	0
2024_ERR17001293	0		0		0	0	0	0	0
2025_ERR17359858	0		0		0	0	0	0	0
ERR1713331	0		0		0	0	0	0	0
ERR1713332	0		0		0	0	0	0	0
ERR1713334	0		0		0	0	0	0	0
ERR1713335	0		0		0	0	0	0	0
ERR1713337	0		0		0	0	0	0	0
ERR1713339	0		0		0	0	0	0	0
ERR1713343	0		0		0	0	0	0	0
ERR1713344	0		0		0	0	0	0	0
ERR1713346	0		0		0	0	0	0	0
ERR1713348	0		0		0	0	0	0	0
ERR1713349	0		0		0	0	0	0	0
ERR1713350	0		0		0	0	0	0	0
ERR1713352	0		0		0	0	0	0	0
ERR1713354	0		0		0	0	0	0	0
ERR1713355	0		0		0	0	0	0	0
ERR1713358	0		0		0	0	0	0	0
ERR1713359	0		0		0	0	0	0	0
ERR1713361	0		0		0	0	0	0	0
ERR1713362	0		0		0	0	0	0	0
ERR1713365	0		0		0	0	0	0	0
ERR1713366	0		0		0	0	0	0	0
ERR1713367	0		0		0	0	0	0	0
ERR1713368	0		0		0	0	0	0	0
ERR1713369	0		0		0	0	0	0	0
ERR1713370	0		0		0	0	0	0	0
ERR1713371	0		0		0	0	0	0	0
ERR1713372	0		0		0	0	0	0	0
ERR1713379	0		0		0	0	0	0	0
ERR1713381	0		0		0	0	0	0	0
ERR1713382	0		0		0	0	0	0	0
ERR1713384	1	S83L	0		1	1	0	1	0
ERR1713385	0		0		0	0	0	0	0
ERR1713386	1	S83L	1	S80I	1	2	0	1	1
ERR1713394	0		0		0	0	0	0	0
ERR1713397	0		0		0	0	0	0	0
ERR1713398	0		0		0	0	0	0	0
ERR1713399	0		0		0	0	0	0	0
ERR1713400	0		0		0	0	0	0	0
ERR1713403	0		0		0	0	0	0	0
ERR1713405	0		0		0	0	0	0	0
ERR1713406	0		0		0	0	0	0	0
ERR1713407	0		0		0	0	0	0	0
ERR1713408	0		0		0	0	0	0	0
ERR1713409	0		0		0	0	0	0	0
ERR1713410	0		0		0	0	0	0	0
ERR1725938	0		0		0	0	0	0	0
ERR1725947	0		0		0	0	0	0	0
ERR1725952	0		0		0	0	0	0	0
ERR1725962	0		0		0	0	0	0	0
ERR1725965	0		0		0	0	0	0	0
ERR1725966	0		0		0	0	0	0	0
ERR1725973	0		0		0	0	0	0	0
ERR1725975	0		0		0	0	0	0	0
ERR1725976	0		0		0	0	0	0	0
ERR1725980	0		0		0	0	0	0	0
ERR1725981	0		0		0	0	0	0	0
ERR1725987	0		0		0	0	0	0	0
ERR1725989	0		0		0	0	0	0	0
ERR1725991	0		0		0	0	0	0	0
ERR1725993	0		0		0	0	0	0	0
ERR1725995	0		0		0	0	0	0	0
ERR1725996	0		0		0	0	0	0	0
ERR1725999	0		0		0	0	0	0	0
ERR1726000	0		0		0	0	0	0	0
ERR1726001	0		0		0	0	0	0	0
ERR1726002	0		0		0	0	0	0	0
ERR1726003	0		0		0	0	0	0	0
ERR1726004	0		0		0	0	0	0	0
ERR1726006	0		0		0	0	0	0	0
ERR1726009	0		0		0	0	0	0	0
ERR2729809	0		0		0	0	0	0	0
ERR9855090	0		0		0	0	0	0	0
E_1-2	0		0		0	0	0	0	0
E_11-12	0		0		0	0	0	0	0
E_3-4	0		0		0	0	0	0	0
E_5-6	0		0		0	0	0	0	0
E_7-8	0		0		0	0	0	0	0
E_9-10	0		0		0	0	0	0	0
I_1-2	0		0		0	0	0	0	0
I_11-12	0		0		0	0	0	0	0
I_3-4	0		1	S80I	1	1	0	0	1
I_5-6	0		0		0	0	0	0	0
I_7-8	0		0		0	0	0	0	0
I_9-10	0		0		0	0	0	0	0
RW_1	0		0		0	0	0	0	0
RW_2	0		0		0	0	0	0	0
RW_3	1	S83L	0		1	1	0	1	0
RW_4	0		0		0	0	0	0	0
RW_5	0		0		0	0	0	0	0
RW_6	0		0		0	0	0	0	0
SRR5007116	0		0		0	0	0	0	0
SRR5007352	0		0		0	0	0	0	0
