sample	common_class	ARG_loci	ARG_present	mobile_ARG_loci	mobile_ARG_fraction	plasmid_ARG_loci	plasmid_ARG_fraction	virus_ARG_loci	virus_ARG_fraction	chromosome_ARG_loci	chromosome_ARG_fraction	ARG_locus_fraction
2017_SRR13208898	Aminoglycoside	21	1	3	0.14285714285714285	3	0.14285714285714285	0	0.0	18	0.8571428571428571	0.09375
2017_SRR13208898	Beta-lactam	38	1	3	0.07894736842105263	3	0.07894736842105263	0	0.0	35	0.9210526315789473	0.16964285714285715
2017_SRR13208898	Fosfomycin	8	1	0	0.0	0	0.0	0	0.0	8	1.0	0.03571428571428571
2017_SRR13208898	MLS	33	1	9	0.2727272727272727	9	0.2727272727272727	0	0.0	24	0.7272727272727273	0.14732142857142858
2017_SRR13208898	Phenicol	10	1	0	0.0	0	0.0	0	0.0	10	1.0	0.044642857142857144
2017_SRR13208898	Quinolone	50	1	6	0.12	6	0.12	0	0.0	44	0.88	0.22321428571428573
2017_SRR13208898	Rifamycin	8	1	0	0.0	0	0.0	0	0.0	8	1.0	0.03571428571428571
2017_SRR13208898	Sulfonamide	1	1	0	0.0	0	0.0	0	0.0	1	1.0	0.004464285714285714
2017_SRR13208898	Tetracycline	47	1	5	0.10638297872340426	5	0.10638297872340426	0	0.0	42	0.8936170212765957	0.20982142857142858
2017_SRR13208898	Trimethoprim	8	1	1	0.125	1	0.125	0	0.0	7	0.875	0.03571428571428571
2018_SRR13208892	Aminoglycoside	9	1	2	0.2222222222222222	2	0.2222222222222222	0	0.0	7	0.7777777777777778	0.08108108108108109
2018_SRR13208892	Beta-lactam	18	1	3	0.16666666666666666	3	0.16666666666666666	0	0.0	15	0.8333333333333334	0.16216216216216217
2018_SRR13208892	Fosfomycin	0	0	0	0.0	0	0.0	0	0.0	0	0.0	0.0
2018_SRR13208892	MLS	16	1	3	0.1875	3	0.1875	0	0.0	13	0.8125	0.14414414414414414
2018_SRR13208892	Phenicol	3	1	0	0.0	0	0.0	0	0.0	3	1.0	0.02702702702702703
2018_SRR13208892	Quinolone	26	1	4	0.15384615384615385	4	0.15384615384615385	0	0.0	22	0.8461538461538461	0.23423423423423423
2018_SRR13208892	Rifamycin	1	1	0	0.0	0	0.0	0	0.0	1	1.0	0.009009009009009009
2018_SRR13208892	Sulfonamide	1	1	1	1.0	1	1.0	0	0.0	0	0.0	0.009009009009009009
2018_SRR13208892	Tetracycline	32	1	3	0.09375	3	0.09375	0	0.0	29	0.90625	0.2882882882882883
2018_SRR13208892	Trimethoprim	5	1	1	0.2	1	0.2	0	0.0	4	0.8	0.04504504504504504
2019_SRR28226461	Aminoglycoside	30	1	6	0.2	6	0.2	0	0.0	24	0.8	0.08379888268156424
2019_SRR28226461	Beta-lactam	49	1	5	0.10204081632653061	5	0.10204081632653061	0	0.0	44	0.8979591836734694	0.13687150837988826
2019_SRR28226461	Fosfomycin	6	1	0	0.0	0	0.0	0	0.0	6	1.0	0.01675977653631285
2019_SRR28226461	MLS	33	1	8	0.24242424242424243	8	0.24242424242424243	0	0.0	25	0.7575757575757576	0.09217877094972067
2019_SRR28226461	Phenicol	21	1	2	0.09523809523809523	2	0.09523809523809523	0	0.0	19	0.9047619047619048	0.05865921787709497
2019_SRR28226461	Quinolone	95	1	8	0.08421052631578947	7	0.07368421052631578	1	0.010526315789473684	87	0.9157894736842105	0.26536312849162014
2019_SRR28226461	Rifamycin	14	1	0	0.0	0	0.0	0	0.0	14	1.0	0.03910614525139665
2019_SRR28226461	Sulfonamide	1	1	0	0.0	0	0.0	0	0.0	1	1.0	0.002793296089385475
2019_SRR28226461	Tetracycline	98	1	8	0.08163265306122448	8	0.08163265306122448	0	0.0	90	0.9183673469387755	0.2737430167597765
2019_SRR28226461	Trimethoprim	11	1	0	0.0	0	0.0	0	0.0	11	1.0	0.030726256983240222
2020_SRR33084338	Aminoglycoside	1	1	0	0.0	0	0.0	0	0.0	1	1.0	0.03125
2020_SRR33084338	Beta-lactam	0	0	0	0.0	0	0.0	0	0.0	0	0.0	0.0
2020_SRR33084338	Fosfomycin	1	1	0	0.0	0	0.0	0	0.0	1	1.0	0.03125
2020_SRR33084338	MLS	4	1	1	0.25	1	0.25	0	0.0	3	0.75	0.125
2020_SRR33084338	Phenicol	0	0	0	0.0	0	0.0	0	0.0	0	0.0	0.0
2020_SRR33084338	Quinolone	9	1	0	0.0	0	0.0	0	0.0	9	1.0	0.28125
2020_SRR33084338	Rifamycin	6	1	0	0.0	0	0.0	0	0.0	6	1.0	0.1875
2020_SRR33084338	Sulfonamide	1	1	1	1.0	1	1.0	0	0.0	0	0.0	0.03125
2020_SRR33084338	Tetracycline	10	1	0	0.0	0	0.0	0	0.0	10	1.0	0.3125
2020_SRR33084338	Trimethoprim	0	0	0	0.0	0	0.0	0	0.0	0	0.0	0.0
2021_SRR28226424	Aminoglycoside	14	1	4	0.2857142857142857	4	0.2857142857142857	0	0.0	10	0.7142857142857143	0.13725490196078433
2021_SRR28226424	Beta-lactam	17	1	1	0.058823529411764705	1	0.058823529411764705	0	0.0	16	0.9411764705882353	0.16666666666666666
2021_SRR28226424	Fosfomycin	2	1	0	0.0	0	0.0	0	0.0	2	1.0	0.0196078431372549
2021_SRR28226424	MLS	16	1	5	0.3125	5	0.3125	0	0.0	11	0.6875	0.1568627450980392
2021_SRR28226424	Phenicol	5	1	0	0.0	0	0.0	0	0.0	5	1.0	0.049019607843137254
2021_SRR28226424	Quinolone	19	1	2	0.10526315789473684	2	0.10526315789473684	0	0.0	17	0.8947368421052632	0.18627450980392157
2021_SRR28226424	Rifamycin	3	1	0	0.0	0	0.0	0	0.0	3	1.0	0.029411764705882353
2021_SRR28226424	Sulfonamide	0	0	0	0.0	0	0.0	0	0.0	0	0.0	0.0
2021_SRR28226424	Tetracycline	22	1	4	0.18181818181818182	4	0.18181818181818182	0	0.0	18	0.8181818181818182	0.21568627450980393
2021_SRR28226424	Trimethoprim	4	1	1	0.25	1	0.25	0	0.0	3	0.75	0.0392156862745098
2022_SRR28226418	Aminoglycoside	16	1	3	0.1875	3	0.1875	0	0.0	13	0.8125	0.07804878048780488
2022_SRR28226418	Beta-lactam	34	1	5	0.14705882352941177	5	0.14705882352941177	0	0.0	29	0.8529411764705882	0.16585365853658537
2022_SRR28226418	Fosfomycin	9	1	0	0.0	0	0.0	0	0.0	9	1.0	0.04390243902439024
2022_SRR28226418	MLS	23	1	7	0.30434782608695654	7	0.30434782608695654	0	0.0	16	0.6956521739130435	0.11219512195121951
2022_SRR28226418	Phenicol	10	1	1	0.1	1	0.1	0	0.0	9	0.9	0.04878048780487805
2022_SRR28226418	Quinolone	52	1	4	0.07692307692307693	4	0.07692307692307693	0	0.0	48	0.9230769230769231	0.25365853658536586
2022_SRR28226418	Rifamycin	0	0	0	0.0	0	0.0	0	0.0	0	0.0	0.0
2022_SRR28226418	Sulfonamide	0	0	0	0.0	0	0.0	0	0.0	0	0.0	0.0
2022_SRR28226418	Tetracycline	53	1	4	0.07547169811320754	4	0.07547169811320754	0	0.0	49	0.9245283018867925	0.25853658536585367
2022_SRR28226418	Trimethoprim	8	1	0	0.0	0	0.0	0	0.0	8	1.0	0.03902439024390244
2023_SRR37365438	Aminoglycoside	27	1	7	0.25925925925925924	7	0.25925925925925924	0	0.0	20	0.7407407407407407	0.07605633802816901
2023_SRR37365438	Beta-lactam	54	1	13	0.24074074074074073	13	0.24074074074074073	0	0.0	41	0.7592592592592593	0.15211267605633802
2023_SRR37365438	Fosfomycin	11	1	1	0.09090909090909091	1	0.09090909090909091	0	0.0	10	0.9090909090909091	0.030985915492957747
2023_SRR37365438	MLS	35	1	8	0.22857142857142856	8	0.22857142857142856	0	0.0	27	0.7714285714285715	0.09859154929577464
2023_SRR37365438	Phenicol	22	1	4	0.18181818181818182	4	0.18181818181818182	0	0.0	18	0.8181818181818182	0.061971830985915494
2023_SRR37365438	Quinolone	89	1	14	0.15730337078651685	13	0.14606741573033707	1	0.011235955056179775	75	0.8426966292134831	0.2507042253521127
2023_SRR37365438	Rifamycin	17	1	7	0.4117647058823529	7	0.4117647058823529	0	0.0	10	0.5882352941176471	0.04788732394366197
2023_SRR37365438	Sulfonamide	2	1	2	1.0	2	1.0	0	0.0	0	0.0	0.005633802816901409
2023_SRR37365438	Tetracycline	86	1	12	0.13953488372093023	12	0.13953488372093023	0	0.0	74	0.8604651162790697	0.24225352112676057
2023_SRR37365438	Trimethoprim	12	1	1	0.08333333333333333	1	0.08333333333333333	0	0.0	11	0.9166666666666666	0.03380281690140845
2024_ERR17001293	Aminoglycoside	15	1	4	0.26666666666666666	4	0.26666666666666666	0	0.0	11	0.7333333333333333	0.06329113924050633
2024_ERR17001293	Beta-lactam	35	1	3	0.08571428571428572	3	0.08571428571428572	0	0.0	32	0.9142857142857143	0.14767932489451477
2024_ERR17001293	Fosfomycin	6	1	0	0.0	0	0.0	0	0.0	6	1.0	0.02531645569620253
2024_ERR17001293	MLS	24	1	9	0.375	9	0.375	0	0.0	15	0.625	0.10126582278481013
2024_ERR17001293	Phenicol	19	1	4	0.21052631578947367	4	0.21052631578947367	0	0.0	15	0.7894736842105263	0.08016877637130802
2024_ERR17001293	Quinolone	55	1	5	0.09090909090909091	4	0.07272727272727272	1	0.01818181818181818	50	0.9090909090909091	0.2320675105485232
2024_ERR17001293	Rifamycin	13	1	0	0.0	0	0.0	0	0.0	13	1.0	0.05485232067510549
2024_ERR17001293	Sulfonamide	2	1	2	1.0	2	1.0	0	0.0	0	0.0	0.008438818565400843
2024_ERR17001293	Tetracycline	64	1	7	0.109375	6	0.09375	1	0.015625	57	0.890625	0.270042194092827
2024_ERR17001293	Trimethoprim	4	1	1	0.25	1	0.25	0	0.0	3	0.75	0.016877637130801686
2025_ERR17359858	Aminoglycoside	2	1	0	0.0	0	0.0	0	0.0	2	1.0	0.2
2025_ERR17359858	Beta-lactam	2	1	1	0.5	1	0.5	0	0.0	1	0.5	0.2
2025_ERR17359858	Fosfomycin	0	0	0	0.0	0	0.0	0	0.0	0	0.0	0.0
2025_ERR17359858	MLS	3	1	1	0.3333333333333333	1	0.3333333333333333	0	0.0	2	0.6666666666666666	0.3
2025_ERR17359858	Phenicol	0	0	0	0.0	0	0.0	0	0.0	0	0.0	0.0
2025_ERR17359858	Quinolone	0	0	0	0.0	0	0.0	0	0.0	0	0.0	0.0
2025_ERR17359858	Rifamycin	0	0	0	0.0	0	0.0	0	0.0	0	0.0	0.0
2025_ERR17359858	Sulfonamide	0	0	0	0.0	0	0.0	0	0.0	0	0.0	0.0
2025_ERR17359858	Tetracycline	3	1	1	0.3333333333333333	1	0.3333333333333333	0	0.0	2	0.6666666666666666	0.3
2025_ERR17359858	Trimethoprim	0	0	0	0.0	0	0.0	0	0.0	0	0.0	0.0
ERR1713331	Aminoglycoside	16	1	16	1.0	11	0.6875	0	0.0	5	0.3125	0.08888888888888889
ERR1713331	Beta-lactam	37	1	37	1.0	27	0.7297297297297297	0	0.0	10	0.2702702702702703	0.20555555555555555
ERR1713331	Fosfomycin	2	1	2	1.0	1	0.5	0	0.0	1	0.5	0.011111111111111112
ERR1713331	MLS	24	1	24	1.0	17	0.7083333333333334	0	0.0	7	0.2916666666666667	0.13333333333333333
ERR1713331	Phenicol	16	1	16	1.0	10	0.625	0	0.0	6	0.375	0.08888888888888889
ERR1713331	Quinolone	32	1	32	1.0	18	0.5625	1	0.03125	13	0.40625	0.17777777777777778
ERR1713331	Rifamycin	14	1	14	1.0	9	0.6428571428571429	0	0.0	5	0.35714285714285715	0.07777777777777778
ERR1713331	Sulfonamide	0	0	0	0.0	0	0.0	0	0.0	0	0.0	0.0
ERR1713331	Tetracycline	37	1	37	1.0	22	0.5945945945945946	1	0.02702702702702703	14	0.3783783783783784	0.20555555555555555
ERR1713331	Trimethoprim	2	1	2	1.0	1	0.5	0	0.0	1	0.5	0.011111111111111112
ERR1713332	Aminoglycoside	6	1	6	1.0	5	0.8333333333333334	0	0.0	1	0.16666666666666666	0.18181818181818182
ERR1713332	Beta-lactam	10	1	10	1.0	5	0.5	1	0.1	4	0.4	0.30303030303030304
ERR1713332	Fosfomycin	3	1	3	1.0	0	0.0	0	0.0	3	1.0	0.09090909090909091
ERR1713332	MLS	10	1	10	1.0	10	1.0	0	0.0	0	0.0	0.30303030303030304
ERR1713332	Phenicol	0	0	0	0.0	0	0.0	0	0.0	0	0.0	0.0
ERR1713332	Quinolone	1	1	1	1.0	0	0.0	0	0.0	1	1.0	0.030303030303030304
ERR1713332	Rifamycin	0	0	0	0.0	0	0.0	0	0.0	0	0.0	0.0
ERR1713332	Sulfonamide	0	0	0	0.0	0	0.0	0	0.0	0	0.0	0.0
ERR1713332	Tetracycline	3	1	3	1.0	1	0.3333333333333333	0	0.0	2	0.6666666666666666	0.09090909090909091
ERR1713332	Trimethoprim	0	0	0	0.0	0	0.0	0	0.0	0	0.0	0.0
ERR1713334	Aminoglycoside	9	1	9	1.0	8	0.8888888888888888	0	0.0	1	0.1111111111111111	0.08035714285714286
ERR1713334	Beta-lactam	20	1	20	1.0	13	0.65	0	0.0	7	0.35	0.17857142857142858
ERR1713334	Fosfomycin	1	1	1	1.0	1	1.0	0	0.0	0	0.0	0.008928571428571428
ERR1713334	MLS	19	1	19	1.0	16	0.8421052631578947	1	0.05263157894736842	2	0.10526315789473684	0.16964285714285715
ERR1713334	Phenicol	8	1	8	1.0	5	0.625	0	0.0	3	0.375	0.07142857142857142
ERR1713334	Quinolone	18	1	18	1.0	10	0.5555555555555556	0	0.0	8	0.4444444444444444	0.16071428571428573
ERR1713334	Rifamycin	8	1	8	1.0	5	0.625	0	0.0	3	0.375	0.07142857142857142
ERR1713334	Sulfonamide	0	0	0	0.0	0	0.0	0	0.0	0	0.0	0.0
ERR1713334	Tetracycline	29	1	29	1.0	19	0.6551724137931034	0	0.0	10	0.3448275862068966	0.25892857142857145
ERR1713334	Trimethoprim	0	0	0	0.0	0	0.0	0	0.0	0	0.0	0.0
ERR1713335	Aminoglycoside	10	1	10	1.0	8	0.8	0	0.0	2	0.2	0.09009009009009009
ERR1713335	Beta-lactam	22	1	22	1.0	18	0.8181818181818182	0	0.0	4	0.18181818181818182	0.1981981981981982
ERR1713335	Fosfomycin	3	1	3	1.0	1	0.3333333333333333	1	0.3333333333333333	1	0.3333333333333333	0.02702702702702703
ERR1713335	MLS	19	1	19	1.0	15	0.7894736842105263	2	0.10526315789473684	2	0.10526315789473684	0.17117117117117117
ERR1713335	Phenicol	8	1	8	1.0	6	0.75	0	0.0	2	0.25	0.07207207207207207
ERR1713335	Quinolone	18	1	18	1.0	9	0.5	0	0.0	9	0.5	0.16216216216216217
ERR1713335	Rifamycin	6	1	6	1.0	4	0.6666666666666666	0	0.0	2	0.3333333333333333	0.05405405405405406
ERR1713335	Sulfonamide	0	0	0	0.0	0	0.0	0	0.0	0	0.0	0.0
ERR1713335	Tetracycline	24	1	24	1.0	14	0.5833333333333334	1	0.041666666666666664	9	0.375	0.21621621621621623
ERR1713335	Trimethoprim	1	1	1	1.0	1	1.0	0	0.0	0	0.0	0.009009009009009009
ERR1713337	Aminoglycoside	7	1	7	1.0	5	0.7142857142857143	0	0.0	2	0.2857142857142857	0.04929577464788732
ERR1713337	Beta-lactam	24	1	24	1.0	12	0.5	1	0.041666666666666664	11	0.4583333333333333	0.16901408450704225
ERR1713337	Fosfomycin	1	1	1	1.0	0	0.0	0	0.0	1	1.0	0.007042253521126761
ERR1713337	MLS	17	1	17	1.0	9	0.5294117647058824	1	0.058823529411764705	7	0.4117647058823529	0.11971830985915492
ERR1713337	Phenicol	11	1	11	1.0	7	0.6363636363636364	1	0.09090909090909091	3	0.2727272727272727	0.07746478873239436
ERR1713337	Quinolone	30	1	30	1.0	7	0.23333333333333334	0	0.0	23	0.7666666666666667	0.2112676056338028
ERR1713337	Rifamycin	7	1	7	1.0	3	0.42857142857142855	0	0.0	4	0.5714285714285714	0.04929577464788732
ERR1713337	Sulfonamide	1	1	1	1.0	1	1.0	0	0.0	0	0.0	0.007042253521126761
ERR1713337	Tetracycline	43	1	43	1.0	12	0.27906976744186046	1	0.023255813953488372	30	0.6976744186046512	0.3028169014084507
ERR1713337	Trimethoprim	1	1	1	1.0	1	1.0	0	0.0	0	0.0	0.007042253521126761
ERR1713339	Aminoglycoside	0	0	0	0.0	0	0.0	0	0.0	0	0.0	0.0
ERR1713339	Beta-lactam	0	0	0	0.0	0	0.0	0	0.0	0	0.0	0.0
ERR1713339	Fosfomycin	0	0	0	0.0	0	0.0	0	0.0	0	0.0	0.0
ERR1713339	MLS	6	1	6	1.0	5	0.8333333333333334	0	0.0	1	0.16666666666666666	0.8571428571428571
ERR1713339	Phenicol	0	0	0	0.0	0	0.0	0	0.0	0	0.0	0.0
ERR1713339	Quinolone	0	0	0	0.0	0	0.0	0	0.0	0	0.0	0.0
ERR1713339	Rifamycin	0	0	0	0.0	0	0.0	0	0.0	0	0.0	0.0
ERR1713339	Sulfonamide	0	0	0	0.0	0	0.0	0	0.0	0	0.0	0.0
ERR1713339	Tetracycline	1	1	1	1.0	1	1.0	0	0.0	0	0.0	0.14285714285714285
ERR1713339	Trimethoprim	0	0	0	0.0	0	0.0	0	0.0	0	0.0	0.0
ERR1713343	Aminoglycoside	4	1	4	1.0	3	0.75	1	0.25	0	0.0	0.15384615384615385
ERR1713343	Beta-lactam	3	1	3	1.0	2	0.6666666666666666	0	0.0	1	0.3333333333333333	0.11538461538461539
ERR1713343	Fosfomycin	0	0	0	0.0	0	0.0	0	0.0	0	0.0	0.0
ERR1713343	MLS	7	1	7	1.0	6	0.8571428571428571	0	0.0	1	0.14285714285714285	0.2692307692307692
ERR1713343	Phenicol	1	1	1	1.0	1	1.0	0	0.0	0	0.0	0.038461538461538464
ERR1713343	Quinolone	3	1	3	1.0	1	0.3333333333333333	0	0.0	2	0.6666666666666666	0.11538461538461539
ERR1713343	Rifamycin	0	0	0	0.0	0	0.0	0	0.0	0	0.0	0.0
ERR1713343	Sulfonamide	0	0	0	0.0	0	0.0	0	0.0	0	0.0	0.0
ERR1713343	Tetracycline	8	1	8	1.0	6	0.75	0	0.0	2	0.25	0.3076923076923077
ERR1713343	Trimethoprim	0	0	0	0.0	0	0.0	0	0.0	0	0.0	0.0
ERR1713344	Aminoglycoside	9	1	9	1.0	8	0.8888888888888888	1	0.1111111111111111	0	0.0	0.0661764705882353
ERR1713344	Beta-lactam	13	1	13	1.0	9	0.6923076923076923	0	0.0	4	0.3076923076923077	0.09558823529411764
ERR1713344	Fosfomycin	2	1	2	1.0	1	0.5	0	0.0	1	0.5	0.014705882352941176
ERR1713344	MLS	23	1	23	1.0	19	0.8260869565217391	3	0.13043478260869565	1	0.043478260869565216	0.16911764705882354
ERR1713344	Phenicol	8	1	8	1.0	3	0.375	0	0.0	5	0.625	0.058823529411764705
ERR1713344	Quinolone	30	1	30	1.0	10	0.3333333333333333	0	0.0	20	0.6666666666666666	0.22058823529411764
ERR1713344	Rifamycin	4	1	4	1.0	2	0.5	0	0.0	2	0.5	0.029411764705882353
ERR1713344	Sulfonamide	1	1	1	1.0	1	1.0	0	0.0	0	0.0	0.007352941176470588
ERR1713344	Tetracycline	43	1	43	1.0	20	0.46511627906976744	4	0.09302325581395349	19	0.4418604651162791	0.3161764705882353
ERR1713344	Trimethoprim	3	1	3	1.0	2	0.6666666666666666	0	0.0	1	0.3333333333333333	0.022058823529411766
ERR1713346	Aminoglycoside	10	1	3	0.3	3	0.3	0	0.0	7	0.7	0.06289308176100629
ERR1713346	Beta-lactam	28	1	4	0.14285714285714285	3	0.10714285714285714	1	0.03571428571428571	24	0.8571428571428571	0.1761006289308176
ERR1713346	Fosfomycin	2	1	0	0.0	0	0.0	0	0.0	2	1.0	0.012578616352201259
ERR1713346	MLS	25	1	1	0.04	1	0.04	0	0.0	24	0.96	0.15723270440251572
ERR1713346	Phenicol	13	1	3	0.23076923076923078	3	0.23076923076923078	0	0.0	10	0.7692307692307693	0.08176100628930817
ERR1713346	Quinolone	32	1	6	0.1875	6	0.1875	0	0.0	26	0.8125	0.20125786163522014
ERR1713346	Rifamycin	11	1	2	0.18181818181818182	2	0.18181818181818182	0	0.0	9	0.8181818181818182	0.06918238993710692
ERR1713346	Sulfonamide	1	1	1	1.0	1	1.0	0	0.0	0	0.0	0.006289308176100629
ERR1713346	Tetracycline	33	1	5	0.15151515151515152	5	0.15151515151515152	0	0.0	28	0.8484848484848485	0.20754716981132076
ERR1713346	Trimethoprim	4	1	1	0.25	1	0.25	0	0.0	3	0.75	0.025157232704402517
ERR1713348	Aminoglycoside	4	1	0	0.0	0	0.0	0	0.0	4	1.0	0.06896551724137931
ERR1713348	Beta-lactam	11	1	2	0.18181818181818182	2	0.18181818181818182	0	0.0	9	0.8181818181818182	0.1896551724137931
ERR1713348	Fosfomycin	1	1	0	0.0	0	0.0	0	0.0	1	1.0	0.017241379310344827
ERR1713348	MLS	12	1	1	0.08333333333333333	1	0.08333333333333333	0	0.0	11	0.9166666666666666	0.20689655172413793
ERR1713348	Phenicol	3	1	1	0.3333333333333333	1	0.3333333333333333	0	0.0	2	0.6666666666666666	0.05172413793103448
ERR1713348	Quinolone	10	1	2	0.2	2	0.2	0	0.0	8	0.8	0.1724137931034483
ERR1713348	Rifamycin	3	1	1	0.3333333333333333	1	0.3333333333333333	0	0.0	2	0.6666666666666666	0.05172413793103448
ERR1713348	Sulfonamide	0	0	0	0.0	0	0.0	0	0.0	0	0.0	0.0
ERR1713348	Tetracycline	14	1	3	0.21428571428571427	3	0.21428571428571427	0	0.0	11	0.7857142857142857	0.2413793103448276
ERR1713348	Trimethoprim	0	0	0	0.0	0	0.0	0	0.0	0	0.0	0.0
ERR1713349	Aminoglycoside	10	1	10	1.0	9	0.9	0	0.0	1	0.1	0.06097560975609756
ERR1713349	Beta-lactam	25	1	25	1.0	17	0.68	0	0.0	8	0.32	0.1524390243902439
ERR1713349	Fosfomycin	7	1	7	1.0	4	0.5714285714285714	0	0.0	3	0.42857142857142855	0.042682926829268296
ERR1713349	MLS	25	1	25	1.0	20	0.8	0	0.0	5	0.2	0.1524390243902439
ERR1713349	Phenicol	13	1	13	1.0	7	0.5384615384615384	1	0.07692307692307693	5	0.38461538461538464	0.07926829268292683
ERR1713349	Quinolone	36	1	36	1.0	18	0.5	1	0.027777777777777776	17	0.4722222222222222	0.21951219512195122
ERR1713349	Rifamycin	6	1	6	1.0	4	0.6666666666666666	0	0.0	2	0.3333333333333333	0.036585365853658534
ERR1713349	Sulfonamide	0	0	0	0.0	0	0.0	0	0.0	0	0.0	0.0
ERR1713349	Tetracycline	37	1	37	1.0	20	0.5405405405405406	0	0.0	17	0.4594594594594595	0.22560975609756098
ERR1713349	Trimethoprim	5	1	5	1.0	2	0.4	0	0.0	3	0.6	0.03048780487804878
ERR1713350	Aminoglycoside	16	1	16	1.0	10	0.625	0	0.0	6	0.375	0.08163265306122448
ERR1713350	Beta-lactam	36	1	36	1.0	29	0.8055555555555556	0	0.0	7	0.19444444444444445	0.1836734693877551
ERR1713350	Fosfomycin	8	1	8	1.0	3	0.375	0	0.0	5	0.625	0.04081632653061224
ERR1713350	MLS	26	1	26	1.0	21	0.8076923076923077	1	0.038461538461538464	4	0.15384615384615385	0.1326530612244898
ERR1713350	Phenicol	15	1	15	1.0	10	0.6666666666666666	0	0.0	5	0.3333333333333333	0.07653061224489796
ERR1713350	Quinolone	37	1	37	1.0	23	0.6216216216216216	0	0.0	14	0.3783783783783784	0.18877551020408162
ERR1713350	Rifamycin	10	1	10	1.0	9	0.9	0	0.0	1	0.1	0.05102040816326531
ERR1713350	Sulfonamide	0	0	0	0.0	0	0.0	0	0.0	0	0.0	0.0
ERR1713350	Tetracycline	45	1	45	1.0	26	0.5777777777777777	1	0.022222222222222223	18	0.4	0.22959183673469388
ERR1713350	Trimethoprim	3	1	3	1.0	2	0.6666666666666666	0	0.0	1	0.3333333333333333	0.015306122448979591
ERR1713352	Aminoglycoside	12	1	12	1.0	11	0.9166666666666666	1	0.08333333333333333	0	0.0	0.1
ERR1713352	Beta-lactam	21	1	21	1.0	8	0.38095238095238093	1	0.047619047619047616	12	0.5714285714285714	0.175
ERR1713352	Fosfomycin	9	1	9	1.0	4	0.4444444444444444	0	0.0	5	0.5555555555555556	0.075
ERR1713352	MLS	23	1	23	1.0	14	0.6086956521739131	1	0.043478260869565216	8	0.34782608695652173	0.19166666666666668
ERR1713352	Phenicol	5	1	5	1.0	1	0.2	1	0.2	3	0.6	0.041666666666666664
ERR1713352	Quinolone	25	1	25	1.0	6	0.24	2	0.08	17	0.68	0.20833333333333334
ERR1713352	Rifamycin	0	0	0	0.0	0	0.0	0	0.0	0	0.0	0.0
ERR1713352	Sulfonamide	1	1	1	1.0	1	1.0	0	0.0	0	0.0	0.008333333333333333
ERR1713352	Tetracycline	20	1	20	1.0	7	0.35	3	0.15	10	0.5	0.16666666666666666
ERR1713352	Trimethoprim	4	1	4	1.0	1	0.25	0	0.0	3	0.75	0.03333333333333333
ERR1713354	Aminoglycoside	10	1	10	1.0	10	1.0	0	0.0	0	0.0	0.1
ERR1713354	Beta-lactam	18	1	18	1.0	15	0.8333333333333334	1	0.05555555555555555	2	0.1111111111111111	0.18
ERR1713354	Fosfomycin	3	1	3	1.0	1	0.3333333333333333	0	0.0	2	0.6666666666666666	0.03
ERR1713354	MLS	16	1	16	1.0	12	0.75	0	0.0	4	0.25	0.16
ERR1713354	Phenicol	5	1	5	1.0	4	0.8	0	0.0	1	0.2	0.05
ERR1713354	Quinolone	16	1	16	1.0	12	0.75	0	0.0	4	0.25	0.16
ERR1713354	Rifamycin	6	1	6	1.0	6	1.0	0	0.0	0	0.0	0.06
ERR1713354	Sulfonamide	0	0	0	0.0	0	0.0	0	0.0	0	0.0	0.0
ERR1713354	Tetracycline	23	1	23	1.0	17	0.7391304347826086	1	0.043478260869565216	5	0.21739130434782608	0.23
ERR1713354	Trimethoprim	3	1	3	1.0	2	0.6666666666666666	0	0.0	1	0.3333333333333333	0.03
ERR1713355	Aminoglycoside	21	1	21	1.0	18	0.8571428571428571	1	0.047619047619047616	2	0.09523809523809523	0.10824742268041238
ERR1713355	Beta-lactam	33	1	33	1.0	24	0.7272727272727273	0	0.0	9	0.2727272727272727	0.17010309278350516
ERR1713355	Fosfomycin	14	1	14	1.0	3	0.21428571428571427	0	0.0	11	0.7857142857142857	0.07216494845360824
ERR1713355	MLS	28	1	28	1.0	19	0.6785714285714286	1	0.03571428571428571	8	0.2857142857142857	0.14432989690721648
ERR1713355	Phenicol	13	1	13	1.0	10	0.7692307692307693	1	0.07692307692307693	2	0.15384615384615385	0.06701030927835051
ERR1713355	Quinolone	37	1	37	1.0	21	0.5675675675675675	0	0.0	16	0.43243243243243246	0.19072164948453607
ERR1713355	Rifamycin	9	1	9	1.0	7	0.7777777777777778	0	0.0	2	0.2222222222222222	0.04639175257731959
ERR1713355	Sulfonamide	0	0	0	0.0	0	0.0	0	0.0	0	0.0	0.0
ERR1713355	Tetracycline	37	1	37	1.0	20	0.5405405405405406	1	0.02702702702702703	16	0.43243243243243246	0.19072164948453607
ERR1713355	Trimethoprim	2	1	2	1.0	2	1.0	0	0.0	0	0.0	0.010309278350515464
ERR1713358	Aminoglycoside	10	1	1	0.1	1	0.1	0	0.0	9	0.9	0.10638297872340426
ERR1713358	Beta-lactam	13	1	4	0.3076923076923077	4	0.3076923076923077	0	0.0	9	0.6923076923076923	0.13829787234042554
ERR1713358	Fosfomycin	0	0	0	0.0	0	0.0	0	0.0	0	0.0	0.0
ERR1713358	MLS	14	1	4	0.2857142857142857	4	0.2857142857142857	0	0.0	10	0.7142857142857143	0.14893617021276595
ERR1713358	Phenicol	8	1	4	0.5	4	0.5	0	0.0	4	0.5	0.0851063829787234
ERR1713358	Quinolone	17	1	0	0.0	0	0.0	0	0.0	17	1.0	0.18085106382978725
ERR1713358	Rifamycin	0	0	0	0.0	0	0.0	0	0.0	0	0.0	0.0
ERR1713358	Sulfonamide	2	1	0	0.0	0	0.0	0	0.0	2	1.0	0.02127659574468085
ERR1713358	Tetracycline	29	1	2	0.06896551724137931	2	0.06896551724137931	0	0.0	27	0.9310344827586207	0.30851063829787234
ERR1713358	Trimethoprim	1	1	0	0.0	0	0.0	0	0.0	1	1.0	0.010638297872340425
ERR1713359	Aminoglycoside	0	0	0	0.0	0	0.0	0	0.0	0	0.0	0.0
ERR1713359	Beta-lactam	5	1	5	1.0	3	0.6	0	0.0	2	0.4	0.06578947368421052
ERR1713359	Fosfomycin	2	1	2	1.0	1	0.5	0	0.0	1	0.5	0.02631578947368421
ERR1713359	MLS	2	1	2	1.0	2	1.0	0	0.0	0	0.0	0.02631578947368421
ERR1713359	Phenicol	4	1	4	1.0	1	0.25	1	0.25	2	0.5	0.05263157894736842
ERR1713359	Quinolone	28	1	28	1.0	13	0.4642857142857143	0	0.0	15	0.5357142857142857	0.3684210526315789
ERR1713359	Rifamycin	3	1	3	1.0	1	0.3333333333333333	0	0.0	2	0.6666666666666666	0.039473684210526314
ERR1713359	Sulfonamide	0	0	0	0.0	0	0.0	0	0.0	0	0.0	0.0
ERR1713359	Tetracycline	32	1	32	1.0	18	0.5625	0	0.0	14	0.4375	0.42105263157894735
ERR1713359	Trimethoprim	0	0	0	0.0	0	0.0	0	0.0	0	0.0	0.0
ERR1713361	Aminoglycoside	2	1	2	1.0	2	1.0	0	0.0	0	0.0	0.15384615384615385
ERR1713361	Beta-lactam	0	0	0	0.0	0	0.0	0	0.0	0	0.0	0.0
ERR1713361	Fosfomycin	0	0	0	0.0	0	0.0	0	0.0	0	0.0	0.0
ERR1713361	MLS	5	1	5	1.0	3	0.6	0	0.0	2	0.4	0.38461538461538464
ERR1713361	Phenicol	0	0	0	0.0	0	0.0	0	0.0	0	0.0	0.0
ERR1713361	Quinolone	1	1	1	1.0	0	0.0	0	0.0	1	1.0	0.07692307692307693
ERR1713361	Rifamycin	0	0	0	0.0	0	0.0	0	0.0	0	0.0	0.0
ERR1713361	Sulfonamide	0	0	0	0.0	0	0.0	0	0.0	0	0.0	0.0
ERR1713361	Tetracycline	5	1	5	1.0	3	0.6	0	0.0	2	0.4	0.38461538461538464
ERR1713361	Trimethoprim	0	0	0	0.0	0	0.0	0	0.0	0	0.0	0.0
ERR1713362	Aminoglycoside	29	1	29	1.0	23	0.7931034482758621	1	0.034482758620689655	5	0.1724137931034483	0.0847953216374269
ERR1713362	Beta-lactam	58	1	58	1.0	40	0.6896551724137931	1	0.017241379310344827	17	0.29310344827586204	0.1695906432748538
ERR1713362	Fosfomycin	12	1	12	1.0	6	0.5	0	0.0	6	0.5	0.03508771929824561
ERR1713362	MLS	40	1	40	1.0	29	0.725	3	0.075	8	0.2	0.11695906432748537
ERR1713362	Phenicol	26	1	26	1.0	15	0.5769230769230769	0	0.0	11	0.4230769230769231	0.07602339181286549
ERR1713362	Quinolone	73	1	73	1.0	41	0.5616438356164384	0	0.0	32	0.4383561643835616	0.2134502923976608
ERR1713362	Rifamycin	23	1	23	1.0	16	0.6956521739130435	0	0.0	7	0.30434782608695654	0.06725146198830409
ERR1713362	Sulfonamide	2	1	2	1.0	2	1.0	0	0.0	0	0.0	0.005847953216374269
ERR1713362	Tetracycline	63	1	63	1.0	42	0.6666666666666666	1	0.015873015873015872	20	0.31746031746031744	0.18421052631578946
ERR1713362	Trimethoprim	16	1	16	1.0	10	0.625	1	0.0625	5	0.3125	0.04678362573099415
ERR1713365	Aminoglycoside	11	1	11	1.0	7	0.6363636363636364	1	0.09090909090909091	3	0.2727272727272727	0.23404255319148937
ERR1713365	Beta-lactam	10	1	10	1.0	9	0.9	0	0.0	1	0.1	0.2127659574468085
ERR1713365	Fosfomycin	2	1	2	1.0	1	0.5	0	0.0	1	0.5	0.0425531914893617
ERR1713365	MLS	8	1	8	1.0	5	0.625	0	0.0	3	0.375	0.1702127659574468
ERR1713365	Phenicol	1	1	1	1.0	1	1.0	0	0.0	0	0.0	0.02127659574468085
ERR1713365	Quinolone	5	1	5	1.0	2	0.4	0	0.0	3	0.6	0.10638297872340426
ERR1713365	Rifamycin	0	0	0	0.0	0	0.0	0	0.0	0	0.0	0.0
ERR1713365	Sulfonamide	0	0	0	0.0	0	0.0	0	0.0	0	0.0	0.0
ERR1713365	Tetracycline	10	1	10	1.0	7	0.7	0	0.0	3	0.3	0.2127659574468085
ERR1713365	Trimethoprim	0	0	0	0.0	0	0.0	0	0.0	0	0.0	0.0
ERR1713366	Aminoglycoside	2	1	0	0.0	0	0.0	0	0.0	2	1.0	0.14285714285714285
ERR1713366	Beta-lactam	2	1	0	0.0	0	0.0	0	0.0	2	1.0	0.14285714285714285
ERR1713366	Fosfomycin	0	0	0	0.0	0	0.0	0	0.0	0	0.0	0.0
ERR1713366	MLS	6	1	0	0.0	0	0.0	0	0.0	6	1.0	0.42857142857142855
ERR1713366	Phenicol	0	0	0	0.0	0	0.0	0	0.0	0	0.0	0.0
ERR1713366	Quinolone	1	1	0	0.0	0	0.0	0	0.0	1	1.0	0.07142857142857142
ERR1713366	Rifamycin	0	0	0	0.0	0	0.0	0	0.0	0	0.0	0.0
ERR1713366	Sulfonamide	0	0	0	0.0	0	0.0	0	0.0	0	0.0	0.0
ERR1713366	Tetracycline	3	1	0	0.0	0	0.0	0	0.0	3	1.0	0.21428571428571427
ERR1713366	Trimethoprim	0	0	0	0.0	0	0.0	0	0.0	0	0.0	0.0
ERR1713367	Aminoglycoside	11	1	3	0.2727272727272727	3	0.2727272727272727	0	0.0	8	0.7272727272727273	0.1134020618556701
ERR1713367	Beta-lactam	21	1	6	0.2857142857142857	6	0.2857142857142857	0	0.0	15	0.7142857142857143	0.21649484536082475
ERR1713367	Fosfomycin	2	1	0	0.0	0	0.0	0	0.0	2	1.0	0.020618556701030927
ERR1713367	MLS	19	1	4	0.21052631578947367	4	0.21052631578947367	0	0.0	15	0.7894736842105263	0.1958762886597938
ERR1713367	Phenicol	6	1	2	0.3333333333333333	2	0.3333333333333333	0	0.0	4	0.6666666666666666	0.061855670103092786
ERR1713367	Quinolone	13	1	1	0.07692307692307693	1	0.07692307692307693	0	0.0	12	0.9230769230769231	0.13402061855670103
ERR1713367	Rifamycin	3	1	2	0.6666666666666666	2	0.6666666666666666	0	0.0	1	0.3333333333333333	0.030927835051546393
ERR1713367	Sulfonamide	0	0	0	0.0	0	0.0	0	0.0	0	0.0	0.0
ERR1713367	Tetracycline	21	1	2	0.09523809523809523	2	0.09523809523809523	0	0.0	19	0.9047619047619048	0.21649484536082475
ERR1713367	Trimethoprim	1	1	0	0.0	0	0.0	0	0.0	1	1.0	0.010309278350515464
ERR1713368	Aminoglycoside	24	1	4	0.16666666666666666	4	0.16666666666666666	0	0.0	20	0.8333333333333334	0.14634146341463414
ERR1713368	Beta-lactam	25	1	4	0.16	4	0.16	0	0.0	21	0.84	0.1524390243902439
ERR1713368	Fosfomycin	6	1	0	0.0	0	0.0	0	0.0	6	1.0	0.036585365853658534
ERR1713368	MLS	33	1	11	0.3333333333333333	11	0.3333333333333333	0	0.0	22	0.6666666666666666	0.20121951219512196
ERR1713368	Phenicol	10	1	3	0.3	3	0.3	0	0.0	7	0.7	0.06097560975609756
ERR1713368	Quinolone	26	1	3	0.11538461538461539	3	0.11538461538461539	0	0.0	23	0.8846153846153846	0.15853658536585366
ERR1713368	Rifamycin	5	1	2	0.4	2	0.4	0	0.0	3	0.6	0.03048780487804878
ERR1713368	Sulfonamide	1	1	0	0.0	0	0.0	0	0.0	1	1.0	0.006097560975609756
ERR1713368	Tetracycline	31	1	8	0.25806451612903225	8	0.25806451612903225	0	0.0	23	0.7419354838709677	0.18902439024390244
ERR1713368	Trimethoprim	3	1	0	0.0	0	0.0	0	0.0	3	1.0	0.018292682926829267
ERR1713369	Aminoglycoside	21	1	21	1.0	14	0.6666666666666666	0	0.0	7	0.3333333333333333	0.10396039603960396
ERR1713369	Beta-lactam	36	1	36	1.0	24	0.6666666666666666	0	0.0	12	0.3333333333333333	0.1782178217821782
ERR1713369	Fosfomycin	10	1	10	1.0	3	0.3	0	0.0	7	0.7	0.04950495049504951
ERR1713369	MLS	31	1	31	1.0	20	0.6451612903225806	1	0.03225806451612903	10	0.3225806451612903	0.15346534653465346
ERR1713369	Phenicol	15	1	15	1.0	9	0.6	0	0.0	6	0.4	0.07425742574257425
ERR1713369	Quinolone	30	1	30	1.0	12	0.4	0	0.0	18	0.6	0.1485148514851485
ERR1713369	Rifamycin	9	1	9	1.0	3	0.3333333333333333	0	0.0	6	0.6666666666666666	0.04455445544554455
ERR1713369	Sulfonamide	1	1	1	1.0	1	1.0	0	0.0	0	0.0	0.0049504950495049506
ERR1713369	Tetracycline	39	1	39	1.0	21	0.5384615384615384	1	0.02564102564102564	17	0.4358974358974359	0.19306930693069307
ERR1713369	Trimethoprim	10	1	10	1.0	8	0.8	1	0.1	1	0.1	0.04950495049504951
ERR1713370	Aminoglycoside	20	1	7	0.35	7	0.35	0	0.0	13	0.65	0.09615384615384616
ERR1713370	Beta-lactam	34	1	5	0.14705882352941177	4	0.11764705882352941	1	0.029411764705882353	29	0.8529411764705882	0.16346153846153846
ERR1713370	Fosfomycin	0	0	0	0.0	0	0.0	0	0.0	0	0.0	0.0
ERR1713370	MLS	29	1	11	0.3793103448275862	10	0.3448275862068966	1	0.034482758620689655	18	0.6206896551724138	0.13942307692307693
ERR1713370	Phenicol	19	1	3	0.15789473684210525	3	0.15789473684210525	0	0.0	16	0.8421052631578947	0.09134615384615384
ERR1713370	Quinolone	42	1	4	0.09523809523809523	4	0.09523809523809523	0	0.0	38	0.9047619047619048	0.20192307692307693
ERR1713370	Rifamycin	8	1	0	0.0	0	0.0	0	0.0	8	1.0	0.038461538461538464
ERR1713370	Sulfonamide	4	1	1	0.25	1	0.25	0	0.0	3	0.75	0.019230769230769232
ERR1713370	Tetracycline	50	1	4	0.08	4	0.08	0	0.0	46	0.92	0.2403846153846154
ERR1713370	Trimethoprim	2	1	1	0.5	1	0.5	0	0.0	1	0.5	0.009615384615384616
ERR1713371	Aminoglycoside	17	1	4	0.23529411764705882	4	0.23529411764705882	0	0.0	13	0.7647058823529411	0.05985915492957746
ERR1713371	Beta-lactam	46	1	6	0.13043478260869565	6	0.13043478260869565	0	0.0	40	0.8695652173913043	0.1619718309859155
ERR1713371	Fosfomycin	13	1	2	0.15384615384615385	2	0.15384615384615385	0	0.0	11	0.8461538461538461	0.045774647887323945
ERR1713371	MLS	29	1	6	0.20689655172413793	6	0.20689655172413793	0	0.0	23	0.7931034482758621	0.10211267605633803
ERR1713371	Phenicol	17	1	4	0.23529411764705882	4	0.23529411764705882	0	0.0	13	0.7647058823529411	0.05985915492957746
ERR1713371	Quinolone	76	1	18	0.23684210526315788	18	0.23684210526315788	0	0.0	58	0.7631578947368421	0.2676056338028169
ERR1713371	Rifamycin	17	1	3	0.17647058823529413	3	0.17647058823529413	0	0.0	14	0.8235294117647058	0.05985915492957746
ERR1713371	Sulfonamide	0	0	0	0.0	0	0.0	0	0.0	0	0.0	0.0
ERR1713371	Tetracycline	64	1	11	0.171875	11	0.171875	0	0.0	53	0.828125	0.22535211267605634
ERR1713371	Trimethoprim	5	1	2	0.4	2	0.4	0	0.0	3	0.6	0.017605633802816902
ERR1713372	Aminoglycoside	14	1	4	0.2857142857142857	4	0.2857142857142857	0	0.0	10	0.7142857142857143	0.0958904109589041
ERR1713372	Beta-lactam	29	1	5	0.1724137931034483	5	0.1724137931034483	0	0.0	24	0.8275862068965517	0.19863013698630136
ERR1713372	Fosfomycin	6	1	1	0.16666666666666666	1	0.16666666666666666	0	0.0	5	0.8333333333333334	0.0410958904109589
ERR1713372	MLS	22	1	6	0.2727272727272727	5	0.22727272727272727	1	0.045454545454545456	16	0.7272727272727273	0.1506849315068493
ERR1713372	Phenicol	11	1	2	0.18181818181818182	2	0.18181818181818182	0	0.0	9	0.8181818181818182	0.07534246575342465
ERR1713372	Quinolone	24	1	4	0.16666666666666666	4	0.16666666666666666	0	0.0	20	0.8333333333333334	0.1643835616438356
ERR1713372	Rifamycin	10	1	1	0.1	1	0.1	0	0.0	9	0.9	0.0684931506849315
ERR1713372	Sulfonamide	0	0	0	0.0	0	0.0	0	0.0	0	0.0	0.0
ERR1713372	Tetracycline	28	1	5	0.17857142857142858	5	0.17857142857142858	0	0.0	23	0.8214285714285714	0.1917808219178082
ERR1713372	Trimethoprim	2	1	0	0.0	0	0.0	0	0.0	2	1.0	0.0136986301369863
ERR1713379	Aminoglycoside	0	0	0	0.0	0	0.0	0	0.0	0	0.0	0.0
ERR1713379	Beta-lactam	0	0	0	0.0	0	0.0	0	0.0	0	0.0	0.0
ERR1713379	Fosfomycin	0	0	0	0.0	0	0.0	0	0.0	0	0.0	0.0
ERR1713379	MLS	3	1	3	1.0	2	0.6666666666666666	0	0.0	1	0.3333333333333333	0.6
ERR1713379	Phenicol	0	0	0	0.0	0	0.0	0	0.0	0	0.0	0.0
ERR1713379	Quinolone	0	0	0	0.0	0	0.0	0	0.0	0	0.0	0.0
ERR1713379	Rifamycin	0	0	0	0.0	0	0.0	0	0.0	0	0.0	0.0
ERR1713379	Sulfonamide	0	0	0	0.0	0	0.0	0	0.0	0	0.0	0.0
ERR1713379	Tetracycline	2	1	2	1.0	2	1.0	0	0.0	0	0.0	0.4
ERR1713379	Trimethoprim	0	0	0	0.0	0	0.0	0	0.0	0	0.0	0.0
ERR1713381	Aminoglycoside	14	1	2	0.14285714285714285	2	0.14285714285714285	0	0.0	12	0.8571428571428571	0.12727272727272726
ERR1713381	Beta-lactam	10	1	4	0.4	4	0.4	0	0.0	6	0.6	0.09090909090909091
ERR1713381	Fosfomycin	2	1	0	0.0	0	0.0	0	0.0	2	1.0	0.01818181818181818
ERR1713381	MLS	28	1	10	0.35714285714285715	9	0.32142857142857145	1	0.03571428571428571	18	0.6428571428571429	0.2545454545454545
ERR1713381	Phenicol	6	1	2	0.3333333333333333	2	0.3333333333333333	0	0.0	4	0.6666666666666666	0.05454545454545454
ERR1713381	Quinolone	7	1	0	0.0	0	0.0	0	0.0	7	1.0	0.06363636363636363
ERR1713381	Rifamycin	2	1	0	0.0	0	0.0	0	0.0	2	1.0	0.01818181818181818
ERR1713381	Sulfonamide	2	1	0	0.0	0	0.0	0	0.0	2	1.0	0.01818181818181818
ERR1713381	Tetracycline	37	1	10	0.2702702702702703	10	0.2702702702702703	0	0.0	27	0.7297297297297297	0.33636363636363636
ERR1713381	Trimethoprim	2	1	1	0.5	1	0.5	0	0.0	1	0.5	0.01818181818181818
ERR1713382	Aminoglycoside	7	1	2	0.2857142857142857	2	0.2857142857142857	0	0.0	5	0.7142857142857143	0.0457516339869281
ERR1713382	Beta-lactam	22	1	2	0.09090909090909091	2	0.09090909090909091	0	0.0	20	0.9090909090909091	0.1437908496732026
ERR1713382	Fosfomycin	5	1	3	0.6	3	0.6	0	0.0	2	0.4	0.032679738562091505
ERR1713382	MLS	11	1	0	0.0	0	0.0	0	0.0	11	1.0	0.0718954248366013
ERR1713382	Phenicol	11	1	0	0.0	0	0.0	0	0.0	11	1.0	0.0718954248366013
ERR1713382	Quinolone	44	1	4	0.09090909090909091	4	0.09090909090909091	0	0.0	40	0.9090909090909091	0.2875816993464052
ERR1713382	Rifamycin	10	1	0	0.0	0	0.0	0	0.0	10	1.0	0.06535947712418301
ERR1713382	Sulfonamide	0	0	0	0.0	0	0.0	0	0.0	0	0.0	0.0
ERR1713382	Tetracycline	42	1	5	0.11904761904761904	5	0.11904761904761904	0	0.0	37	0.8809523809523809	0.27450980392156865
ERR1713382	Trimethoprim	1	1	0	0.0	0	0.0	0	0.0	1	1.0	0.006535947712418301
ERR1713384	Aminoglycoside	22	1	3	0.13636363636363635	3	0.13636363636363635	0	0.0	19	0.8636363636363636	0.07971014492753623
ERR1713384	Beta-lactam	47	1	11	0.23404255319148937	11	0.23404255319148937	0	0.0	36	0.7659574468085106	0.17028985507246377
ERR1713384	Fosfomycin	10	1	1	0.1	1	0.1	0	0.0	9	0.9	0.036231884057971016
ERR1713384	MLS	44	1	13	0.29545454545454547	12	0.2727272727272727	1	0.022727272727272728	31	0.7045454545454546	0.15942028985507245
ERR1713384	Phenicol	20	1	4	0.2	4	0.2	0	0.0	16	0.8	0.07246376811594203
ERR1713384	Quinolone	52	1	9	0.17307692307692307	9	0.17307692307692307	0	0.0	43	0.8269230769230769	0.18840579710144928
ERR1713384	Rifamycin	12	1	3	0.25	3	0.25	0	0.0	9	0.75	0.043478260869565216
ERR1713384	Sulfonamide	2	1	0	0.0	0	0.0	0	0.0	2	1.0	0.007246376811594203
ERR1713384	Tetracycline	61	1	8	0.13114754098360656	8	0.13114754098360656	0	0.0	53	0.8688524590163934	0.2210144927536232
ERR1713384	Trimethoprim	6	1	1	0.16666666666666666	1	0.16666666666666666	0	0.0	5	0.8333333333333334	0.021739130434782608
ERR1713385	Aminoglycoside	16	1	3	0.1875	3	0.1875	0	0.0	13	0.8125	0.09142857142857143
ERR1713385	Beta-lactam	35	1	8	0.22857142857142856	7	0.2	1	0.02857142857142857	27	0.7714285714285715	0.2
ERR1713385	Fosfomycin	5	1	0	0.0	0	0.0	0	0.0	5	1.0	0.02857142857142857
ERR1713385	MLS	32	1	7	0.21875	7	0.21875	0	0.0	25	0.78125	0.18285714285714286
ERR1713385	Phenicol	16	1	4	0.25	4	0.25	0	0.0	12	0.75	0.09142857142857143
ERR1713385	Quinolone	29	1	6	0.20689655172413793	6	0.20689655172413793	0	0.0	23	0.7931034482758621	0.1657142857142857
ERR1713385	Rifamycin	9	1	2	0.2222222222222222	2	0.2222222222222222	0	0.0	7	0.7777777777777778	0.05142857142857143
ERR1713385	Sulfonamide	1	1	0	0.0	0	0.0	0	0.0	1	1.0	0.005714285714285714
ERR1713385	Tetracycline	29	1	6	0.20689655172413793	6	0.20689655172413793	0	0.0	23	0.7931034482758621	0.1657142857142857
ERR1713385	Trimethoprim	3	1	0	0.0	0	0.0	0	0.0	3	1.0	0.017142857142857144
ERR1713386	Aminoglycoside	26	1	6	0.23076923076923078	6	0.23076923076923078	0	0.0	20	0.7692307692307693	0.06326034063260341
ERR1713386	Beta-lactam	79	1	10	0.12658227848101267	10	0.12658227848101267	0	0.0	69	0.8734177215189873	0.1922141119221411
ERR1713386	Fosfomycin	7	1	2	0.2857142857142857	2	0.2857142857142857	0	0.0	5	0.7142857142857143	0.0170316301703163
ERR1713386	MLS	46	1	9	0.1956521739130435	9	0.1956521739130435	0	0.0	37	0.8043478260869565	0.11192214111922141
ERR1713386	Phenicol	31	1	7	0.22580645161290322	7	0.22580645161290322	0	0.0	24	0.7741935483870968	0.07542579075425791
ERR1713386	Quinolone	96	1	19	0.19791666666666666	19	0.19791666666666666	0	0.0	77	0.8020833333333334	0.23357664233576642
ERR1713386	Rifamycin	31	1	7	0.22580645161290322	7	0.22580645161290322	0	0.0	24	0.7741935483870968	0.07542579075425791
ERR1713386	Sulfonamide	2	1	0	0.0	0	0.0	0	0.0	2	1.0	0.004866180048661801
ERR1713386	Tetracycline	83	1	19	0.2289156626506024	18	0.21686746987951808	1	0.012048192771084338	64	0.7710843373493976	0.20194647201946472
ERR1713386	Trimethoprim	10	1	1	0.1	1	0.1	0	0.0	9	0.9	0.024330900243309004
ERR1713394	Aminoglycoside	13	1	1	0.07692307692307693	1	0.07692307692307693	0	0.0	12	0.9230769230769231	0.061611374407582936
ERR1713394	Beta-lactam	24	1	4	0.16666666666666666	4	0.16666666666666666	0	0.0	20	0.8333333333333334	0.11374407582938388
ERR1713394	Fosfomycin	4	1	0	0.0	0	0.0	0	0.0	4	1.0	0.018957345971563982
ERR1713394	MLS	37	1	5	0.13513513513513514	5	0.13513513513513514	0	0.0	32	0.8648648648648649	0.17535545023696683
ERR1713394	Phenicol	12	1	2	0.16666666666666666	2	0.16666666666666666	0	0.0	10	0.8333333333333334	0.05687203791469194
ERR1713394	Quinolone	44	1	1	0.022727272727272728	1	0.022727272727272728	0	0.0	43	0.9772727272727273	0.20853080568720378
ERR1713394	Rifamycin	2	1	0	0.0	0	0.0	0	0.0	2	1.0	0.009478672985781991
ERR1713394	Sulfonamide	2	1	0	0.0	0	0.0	0	0.0	2	1.0	0.009478672985781991
ERR1713394	Tetracycline	67	1	9	0.13432835820895522	8	0.11940298507462686	1	0.014925373134328358	58	0.8656716417910447	0.3175355450236967
ERR1713394	Trimethoprim	6	1	0	0.0	0	0.0	0	0.0	6	1.0	0.02843601895734597
ERR1713397	Aminoglycoside	10	1	0	0.0	0	0.0	0	0.0	10	1.0	0.09090909090909091
ERR1713397	Beta-lactam	12	1	0	0.0	0	0.0	0	0.0	12	1.0	0.10909090909090909
ERR1713397	Fosfomycin	2	1	0	0.0	0	0.0	0	0.0	2	1.0	0.01818181818181818
ERR1713397	MLS	19	1	4	0.21052631578947367	4	0.21052631578947367	0	0.0	15	0.7894736842105263	0.17272727272727273
ERR1713397	Phenicol	6	1	0	0.0	0	0.0	0	0.0	6	1.0	0.05454545454545454
ERR1713397	Quinolone	16	1	2	0.125	2	0.125	0	0.0	14	0.875	0.14545454545454545
ERR1713397	Rifamycin	4	1	0	0.0	0	0.0	0	0.0	4	1.0	0.03636363636363636
ERR1713397	Sulfonamide	0	0	0	0.0	0	0.0	0	0.0	0	0.0	0.0
ERR1713397	Tetracycline	39	1	6	0.15384615384615385	6	0.15384615384615385	0	0.0	33	0.8461538461538461	0.35454545454545455
ERR1713397	Trimethoprim	2	1	0	0.0	0	0.0	0	0.0	2	1.0	0.01818181818181818
ERR1713398	Aminoglycoside	6	1	1	0.16666666666666666	1	0.16666666666666666	0	0.0	5	0.8333333333333334	0.13636363636363635
ERR1713398	Beta-lactam	3	1	1	0.3333333333333333	1	0.3333333333333333	0	0.0	2	0.6666666666666666	0.06818181818181818
ERR1713398	Fosfomycin	1	1	0	0.0	0	0.0	0	0.0	1	1.0	0.022727272727272728
ERR1713398	MLS	10	1	2	0.2	2	0.2	0	0.0	8	0.8	0.22727272727272727
ERR1713398	Phenicol	1	1	0	0.0	0	0.0	0	0.0	1	1.0	0.022727272727272728
ERR1713398	Quinolone	5	1	0	0.0	0	0.0	0	0.0	5	1.0	0.11363636363636363
ERR1713398	Rifamycin	2	1	1	0.5	1	0.5	0	0.0	1	0.5	0.045454545454545456
ERR1713398	Sulfonamide	0	0	0	0.0	0	0.0	0	0.0	0	0.0	0.0
ERR1713398	Tetracycline	15	1	1	0.06666666666666667	1	0.06666666666666667	0	0.0	14	0.9333333333333333	0.3409090909090909
ERR1713398	Trimethoprim	1	1	0	0.0	0	0.0	0	0.0	1	1.0	0.022727272727272728
ERR1713399	Aminoglycoside	1	1	0	0.0	0	0.0	0	0.0	1	1.0	0.03571428571428571
ERR1713399	Beta-lactam	5	1	1	0.2	1	0.2	0	0.0	4	0.8	0.17857142857142858
ERR1713399	Fosfomycin	0	0	0	0.0	0	0.0	0	0.0	0	0.0	0.0
ERR1713399	MLS	8	1	2	0.25	2	0.25	0	0.0	6	0.75	0.2857142857142857
ERR1713399	Phenicol	0	0	0	0.0	0	0.0	0	0.0	0	0.0	0.0
ERR1713399	Quinolone	4	1	0	0.0	0	0.0	0	0.0	4	1.0	0.14285714285714285
ERR1713399	Rifamycin	0	0	0	0.0	0	0.0	0	0.0	0	0.0	0.0
ERR1713399	Sulfonamide	0	0	0	0.0	0	0.0	0	0.0	0	0.0	0.0
ERR1713399	Tetracycline	10	1	2	0.2	2	0.2	0	0.0	8	0.8	0.35714285714285715
ERR1713399	Trimethoprim	0	0	0	0.0	0	0.0	0	0.0	0	0.0	0.0
ERR1713400	Aminoglycoside	8	1	0	0.0	0	0.0	0	0.0	8	1.0	0.06349206349206349
ERR1713400	Beta-lactam	22	1	2	0.09090909090909091	2	0.09090909090909091	0	0.0	20	0.9090909090909091	0.1746031746031746
ERR1713400	Fosfomycin	4	1	0	0.0	0	0.0	0	0.0	4	1.0	0.031746031746031744
ERR1713400	MLS	27	1	8	0.2962962962962963	8	0.2962962962962963	0	0.0	19	0.7037037037037037	0.21428571428571427
ERR1713400	Phenicol	8	1	1	0.125	1	0.125	0	0.0	7	0.875	0.06349206349206349
ERR1713400	Quinolone	24	1	3	0.125	3	0.125	0	0.0	21	0.875	0.19047619047619047
ERR1713400	Rifamycin	5	1	0	0.0	0	0.0	0	0.0	5	1.0	0.03968253968253968
ERR1713400	Sulfonamide	0	0	0	0.0	0	0.0	0	0.0	0	0.0	0.0
ERR1713400	Tetracycline	25	1	4	0.16	4	0.16	0	0.0	21	0.84	0.1984126984126984
ERR1713400	Trimethoprim	3	1	0	0.0	0	0.0	0	0.0	3	1.0	0.023809523809523808
ERR1713403	Aminoglycoside	1	1	1	1.0	1	1.0	0	0.0	0	0.0	0.045454545454545456
ERR1713403	Beta-lactam	2	1	2	1.0	2	1.0	0	0.0	0	0.0	0.09090909090909091
ERR1713403	Fosfomycin	0	0	0	0.0	0	0.0	0	0.0	0	0.0	0.0
ERR1713403	MLS	8	1	8	1.0	6	0.75	1	0.125	1	0.125	0.36363636363636365
ERR1713403	Phenicol	1	1	1	1.0	1	1.0	0	0.0	0	0.0	0.045454545454545456
ERR1713403	Quinolone	3	1	3	1.0	1	0.3333333333333333	0	0.0	2	0.6666666666666666	0.13636363636363635
ERR1713403	Rifamycin	0	0	0	0.0	0	0.0	0	0.0	0	0.0	0.0
ERR1713403	Sulfonamide	0	0	0	0.0	0	0.0	0	0.0	0	0.0	0.0
ERR1713403	Tetracycline	6	1	6	1.0	3	0.5	1	0.16666666666666666	2	0.3333333333333333	0.2727272727272727
ERR1713403	Trimethoprim	1	1	1	1.0	1	1.0	0	0.0	0	0.0	0.045454545454545456
ERR1713405	Aminoglycoside	21	1	1	0.047619047619047616	1	0.047619047619047616	0	0.0	20	0.9523809523809523	0.08203125
ERR1713405	Beta-lactam	46	1	6	0.13043478260869565	6	0.13043478260869565	0	0.0	40	0.8695652173913043	0.1796875
ERR1713405	Fosfomycin	11	1	1	0.09090909090909091	1	0.09090909090909091	0	0.0	10	0.9090909090909091	0.04296875
ERR1713405	MLS	36	1	11	0.3055555555555556	11	0.3055555555555556	0	0.0	25	0.6944444444444444	0.140625
ERR1713405	Phenicol	20	1	3	0.15	3	0.15	0	0.0	17	0.85	0.078125
ERR1713405	Quinolone	45	1	5	0.1111111111111111	5	0.1111111111111111	0	0.0	40	0.8888888888888888	0.17578125
ERR1713405	Rifamycin	17	1	3	0.17647058823529413	3	0.17647058823529413	0	0.0	14	0.8235294117647058	0.06640625
ERR1713405	Sulfonamide	0	0	0	0.0	0	0.0	0	0.0	0	0.0	0.0
ERR1713405	Tetracycline	54	1	8	0.14814814814814814	8	0.14814814814814814	0	0.0	46	0.8518518518518519	0.2109375
ERR1713405	Trimethoprim	6	1	0	0.0	0	0.0	0	0.0	6	1.0	0.0234375
ERR1713406	Aminoglycoside	14	1	6	0.42857142857142855	6	0.42857142857142855	0	0.0	8	0.5714285714285714	0.07179487179487179
ERR1713406	Beta-lactam	26	1	3	0.11538461538461539	3	0.11538461538461539	0	0.0	23	0.8846153846153846	0.13333333333333333
ERR1713406	Fosfomycin	5	1	1	0.2	1	0.2	0	0.0	4	0.8	0.02564102564102564
ERR1713406	MLS	20	1	6	0.3	6	0.3	0	0.0	14	0.7	0.10256410256410256
ERR1713406	Phenicol	14	1	3	0.21428571428571427	3	0.21428571428571427	0	0.0	11	0.7857142857142857	0.07179487179487179
ERR1713406	Quinolone	47	1	2	0.0425531914893617	2	0.0425531914893617	0	0.0	45	0.9574468085106383	0.24102564102564103
ERR1713406	Rifamycin	9	1	0	0.0	0	0.0	0	0.0	9	1.0	0.046153846153846156
ERR1713406	Sulfonamide	0	0	0	0.0	0	0.0	0	0.0	0	0.0	0.0
ERR1713406	Tetracycline	55	1	3	0.05454545454545454	3	0.05454545454545454	0	0.0	52	0.9454545454545454	0.28205128205128205
ERR1713406	Trimethoprim	5	1	0	0.0	0	0.0	0	0.0	5	1.0	0.02564102564102564
ERR1713407	Aminoglycoside	41	1	6	0.14634146341463414	6	0.14634146341463414	0	0.0	35	0.8536585365853658	0.07495429616087751
ERR1713407	Beta-lactam	92	1	16	0.17391304347826086	16	0.17391304347826086	0	0.0	76	0.8260869565217391	0.16819012797074953
ERR1713407	Fosfomycin	15	1	0	0.0	0	0.0	0	0.0	15	1.0	0.027422303473491772
ERR1713407	MLS	56	1	10	0.17857142857142858	10	0.17857142857142858	0	0.0	46	0.8214285714285714	0.10237659963436929
ERR1713407	Phenicol	36	1	11	0.3055555555555556	11	0.3055555555555556	0	0.0	25	0.6944444444444444	0.06581352833638025
ERR1713407	Quinolone	132	1	24	0.18181818181818182	24	0.18181818181818182	0	0.0	108	0.8181818181818182	0.2413162705667276
ERR1713407	Rifamycin	40	1	9	0.225	9	0.225	0	0.0	31	0.775	0.07312614259597806
ERR1713407	Sulfonamide	2	1	0	0.0	0	0.0	0	0.0	2	1.0	0.003656307129798903
ERR1713407	Tetracycline	115	1	20	0.17391304347826086	20	0.17391304347826086	0	0.0	95	0.8260869565217391	0.21023765996343693
ERR1713407	Trimethoprim	18	1	1	0.05555555555555555	1	0.05555555555555555	0	0.0	17	0.9444444444444444	0.03290676416819013
ERR1713408	Aminoglycoside	21	1	3	0.14285714285714285	3	0.14285714285714285	0	0.0	18	0.8571428571428571	0.14285714285714285
ERR1713408	Beta-lactam	29	1	6	0.20689655172413793	6	0.20689655172413793	0	0.0	23	0.7931034482758621	0.19727891156462585
ERR1713408	Fosfomycin	2	1	1	0.5	1	0.5	0	0.0	1	0.5	0.013605442176870748
ERR1713408	MLS	21	1	7	0.3333333333333333	6	0.2857142857142857	1	0.047619047619047616	14	0.6666666666666666	0.14285714285714285
ERR1713408	Phenicol	12	1	3	0.25	3	0.25	0	0.0	9	0.75	0.08163265306122448
ERR1713408	Quinolone	21	1	5	0.23809523809523808	5	0.23809523809523808	0	0.0	16	0.7619047619047619	0.14285714285714285
ERR1713408	Rifamycin	7	1	2	0.2857142857142857	2	0.2857142857142857	0	0.0	5	0.7142857142857143	0.047619047619047616
ERR1713408	Sulfonamide	0	0	0	0.0	0	0.0	0	0.0	0	0.0	0.0
ERR1713408	Tetracycline	31	1	5	0.16129032258064516	5	0.16129032258064516	0	0.0	26	0.8387096774193549	0.2108843537414966
ERR1713408	Trimethoprim	3	1	0	0.0	0	0.0	0	0.0	3	1.0	0.02040816326530612
ERR1713409	Aminoglycoside	18	1	5	0.2777777777777778	5	0.2777777777777778	0	0.0	13	0.7222222222222222	0.1323529411764706
ERR1713409	Beta-lactam	27	1	4	0.14814814814814814	3	0.1111111111111111	1	0.037037037037037035	23	0.8518518518518519	0.19852941176470587
ERR1713409	Fosfomycin	5	1	1	0.2	1	0.2	0	0.0	4	0.8	0.03676470588235294
ERR1713409	MLS	28	1	6	0.21428571428571427	6	0.21428571428571427	0	0.0	22	0.7857142857142857	0.20588235294117646
ERR1713409	Phenicol	7	1	0	0.0	0	0.0	0	0.0	7	1.0	0.051470588235294115
ERR1713409	Quinolone	19	1	4	0.21052631578947367	4	0.21052631578947367	0	0.0	15	0.7894736842105263	0.13970588235294118
ERR1713409	Rifamycin	7	1	0	0.0	0	0.0	0	0.0	7	1.0	0.051470588235294115
ERR1713409	Sulfonamide	0	0	0	0.0	0	0.0	0	0.0	0	0.0	0.0
ERR1713409	Tetracycline	21	1	3	0.14285714285714285	3	0.14285714285714285	0	0.0	18	0.8571428571428571	0.15441176470588236
ERR1713409	Trimethoprim	4	1	0	0.0	0	0.0	0	0.0	4	1.0	0.029411764705882353
ERR1713410	Aminoglycoside	14	1	3	0.21428571428571427	3	0.21428571428571427	0	0.0	11	0.7857142857142857	0.09090909090909091
ERR1713410	Beta-lactam	26	1	6	0.23076923076923078	5	0.19230769230769232	1	0.038461538461538464	20	0.7692307692307693	0.16883116883116883
ERR1713410	Fosfomycin	3	1	0	0.0	0	0.0	0	0.0	3	1.0	0.01948051948051948
ERR1713410	MLS	23	1	5	0.21739130434782608	5	0.21739130434782608	0	0.0	18	0.782608695652174	0.14935064935064934
ERR1713410	Phenicol	8	1	3	0.375	3	0.375	0	0.0	5	0.625	0.05194805194805195
ERR1713410	Quinolone	31	1	6	0.1935483870967742	5	0.16129032258064516	1	0.03225806451612903	25	0.8064516129032258	0.2012987012987013
ERR1713410	Rifamycin	4	1	1	0.25	1	0.25	0	0.0	3	0.75	0.025974025974025976
ERR1713410	Sulfonamide	1	1	0	0.0	0	0.0	0	0.0	1	1.0	0.006493506493506494
ERR1713410	Tetracycline	40	1	5	0.125	4	0.1	1	0.025	35	0.875	0.2597402597402597
ERR1713410	Trimethoprim	4	1	3	0.75	3	0.75	0	0.0	1	0.25	0.025974025974025976
ERR1725938	Aminoglycoside	10	1	5	0.5	5	0.5	0	0.0	5	0.5	0.19607843137254902
ERR1725938	Beta-lactam	8	1	1	0.125	1	0.125	0	0.0	7	0.875	0.1568627450980392
ERR1725938	Fosfomycin	2	1	0	0.0	0	0.0	0	0.0	2	1.0	0.0392156862745098
ERR1725938	MLS	8	1	3	0.375	3	0.375	0	0.0	5	0.625	0.1568627450980392
ERR1725938	Phenicol	1	1	0	0.0	0	0.0	0	0.0	1	1.0	0.0196078431372549
ERR1725938	Quinolone	7	1	2	0.2857142857142857	2	0.2857142857142857	0	0.0	5	0.7142857142857143	0.13725490196078433
ERR1725938	Rifamycin	1	1	0	0.0	0	0.0	0	0.0	1	1.0	0.0196078431372549
ERR1725938	Sulfonamide	1	1	1	1.0	1	1.0	0	0.0	0	0.0	0.0196078431372549
ERR1725938	Tetracycline	13	1	3	0.23076923076923078	3	0.23076923076923078	0	0.0	10	0.7692307692307693	0.2549019607843137
ERR1725938	Trimethoprim	0	0	0	0.0	0	0.0	0	0.0	0	0.0	0.0
ERR1725947	Aminoglycoside	8	1	8	1.0	6	0.75	1	0.125	1	0.125	0.10810810810810811
ERR1725947	Beta-lactam	13	1	13	1.0	10	0.7692307692307693	0	0.0	3	0.23076923076923078	0.17567567567567569
ERR1725947	Fosfomycin	2	1	2	1.0	2	1.0	0	0.0	0	0.0	0.02702702702702703
ERR1725947	MLS	14	1	14	1.0	12	0.8571428571428571	1	0.07142857142857142	1	0.07142857142857142	0.1891891891891892
ERR1725947	Phenicol	5	1	5	1.0	3	0.6	0	0.0	2	0.4	0.06756756756756757
ERR1725947	Quinolone	11	1	11	1.0	4	0.36363636363636365	0	0.0	7	0.6363636363636364	0.14864864864864866
ERR1725947	Rifamycin	2	1	2	1.0	0	0.0	0	0.0	2	1.0	0.02702702702702703
ERR1725947	Sulfonamide	0	0	0	0.0	0	0.0	0	0.0	0	0.0	0.0
ERR1725947	Tetracycline	18	1	18	1.0	10	0.5555555555555556	0	0.0	8	0.4444444444444444	0.24324324324324326
ERR1725947	Trimethoprim	1	1	1	1.0	1	1.0	0	0.0	0	0.0	0.013513513513513514
ERR1725952	Aminoglycoside	0	0	0	0.0	0	0.0	0	0.0	0	0.0	0.0
ERR1725952	Beta-lactam	1	1	0	0.0	0	0.0	0	0.0	1	1.0	0.2
ERR1725952	Fosfomycin	0	0	0	0.0	0	0.0	0	0.0	0	0.0	0.0
ERR1725952	MLS	2	1	0	0.0	0	0.0	0	0.0	2	1.0	0.4
ERR1725952	Phenicol	0	0	0	0.0	0	0.0	0	0.0	0	0.0	0.0
ERR1725952	Quinolone	0	0	0	0.0	0	0.0	0	0.0	0	0.0	0.0
ERR1725952	Rifamycin	0	0	0	0.0	0	0.0	0	0.0	0	0.0	0.0
ERR1725952	Sulfonamide	0	0	0	0.0	0	0.0	0	0.0	0	0.0	0.0
ERR1725952	Tetracycline	2	1	0	0.0	0	0.0	0	0.0	2	1.0	0.4
ERR1725952	Trimethoprim	0	0	0	0.0	0	0.0	0	0.0	0	0.0	0.0
ERR1725962	Aminoglycoside	0	0	0	0.0	0	0.0	0	0.0	0	0.0	0.0
ERR1725962	Beta-lactam	3	1	3	1.0	3	1.0	0	0.0	0	0.0	0.23076923076923078
ERR1725962	Fosfomycin	0	0	0	0.0	0	0.0	0	0.0	0	0.0	0.0
ERR1725962	MLS	3	1	3	1.0	3	1.0	0	0.0	0	0.0	0.23076923076923078
ERR1725962	Phenicol	0	0	0	0.0	0	0.0	0	0.0	0	0.0	0.0
ERR1725962	Quinolone	3	1	3	1.0	2	0.6666666666666666	0	0.0	1	0.3333333333333333	0.23076923076923078
ERR1725962	Rifamycin	0	0	0	0.0	0	0.0	0	0.0	0	0.0	0.0
ERR1725962	Sulfonamide	0	0	0	0.0	0	0.0	0	0.0	0	0.0	0.0
ERR1725962	Tetracycline	4	1	4	1.0	3	0.75	0	0.0	1	0.25	0.3076923076923077
ERR1725962	Trimethoprim	0	0	0	0.0	0	0.0	0	0.0	0	0.0	0.0
ERR1725965	Aminoglycoside	6	1	2	0.3333333333333333	2	0.3333333333333333	0	0.0	4	0.6666666666666666	0.1875
ERR1725965	Beta-lactam	8	1	2	0.25	2	0.25	0	0.0	6	0.75	0.25
ERR1725965	Fosfomycin	1	1	0	0.0	0	0.0	0	0.0	1	1.0	0.03125
ERR1725965	MLS	3	1	2	0.6666666666666666	2	0.6666666666666666	0	0.0	1	0.3333333333333333	0.09375
ERR1725965	Phenicol	4	1	1	0.25	1	0.25	0	0.0	3	0.75	0.125
ERR1725965	Quinolone	2	1	0	0.0	0	0.0	0	0.0	2	1.0	0.0625
ERR1725965	Rifamycin	0	0	0	0.0	0	0.0	0	0.0	0	0.0	0.0
ERR1725965	Sulfonamide	1	1	1	1.0	1	1.0	0	0.0	0	0.0	0.03125
ERR1725965	Tetracycline	7	1	3	0.42857142857142855	3	0.42857142857142855	0	0.0	4	0.5714285714285714	0.21875
ERR1725965	Trimethoprim	0	0	0	0.0	0	0.0	0	0.0	0	0.0	0.0
ERR1725966	Aminoglycoside	4	1	1	0.25	1	0.25	0	0.0	3	0.75	0.125
ERR1725966	Beta-lactam	2	1	0	0.0	0	0.0	0	0.0	2	1.0	0.0625
ERR1725966	Fosfomycin	1	1	0	0.0	0	0.0	0	0.0	1	1.0	0.03125
ERR1725966	MLS	11	1	2	0.18181818181818182	2	0.18181818181818182	0	0.0	9	0.8181818181818182	0.34375
ERR1725966	Phenicol	0	0	0	0.0	0	0.0	0	0.0	0	0.0	0.0
ERR1725966	Quinolone	5	1	0	0.0	0	0.0	0	0.0	5	1.0	0.15625
ERR1725966	Rifamycin	0	0	0	0.0	0	0.0	0	0.0	0	0.0	0.0
ERR1725966	Sulfonamide	0	0	0	0.0	0	0.0	0	0.0	0	0.0	0.0
ERR1725966	Tetracycline	9	1	0	0.0	0	0.0	0	0.0	9	1.0	0.28125
ERR1725966	Trimethoprim	0	0	0	0.0	0	0.0	0	0.0	0	0.0	0.0
ERR1725973	Aminoglycoside	1	1	0	0.0	0	0.0	0	0.0	1	1.0	0.06666666666666667
ERR1725973	Beta-lactam	1	1	0	0.0	0	0.0	0	0.0	1	1.0	0.06666666666666667
ERR1725973	Fosfomycin	1	1	0	0.0	0	0.0	0	0.0	1	1.0	0.06666666666666667
ERR1725973	MLS	5	1	2	0.4	2	0.4	0	0.0	3	0.6	0.3333333333333333
ERR1725973	Phenicol	0	0	0	0.0	0	0.0	0	0.0	0	0.0	0.0
ERR1725973	Quinolone	2	1	0	0.0	0	0.0	0	0.0	2	1.0	0.13333333333333333
ERR1725973	Rifamycin	0	0	0	0.0	0	0.0	0	0.0	0	0.0	0.0
ERR1725973	Sulfonamide	0	0	0	0.0	0	0.0	0	0.0	0	0.0	0.0
ERR1725973	Tetracycline	5	1	1	0.2	1	0.2	0	0.0	4	0.8	0.3333333333333333
ERR1725973	Trimethoprim	0	0	0	0.0	0	0.0	0	0.0	0	0.0	0.0
ERR1725975	Aminoglycoside	2	1	1	0.5	1	0.5	0	0.0	1	0.5	0.07692307692307693
ERR1725975	Beta-lactam	2	1	0	0.0	0	0.0	0	0.0	2	1.0	0.07692307692307693
ERR1725975	Fosfomycin	3	1	0	0.0	0	0.0	0	0.0	3	1.0	0.11538461538461539
ERR1725975	MLS	2	1	2	1.0	2	1.0	0	0.0	0	0.0	0.07692307692307693
ERR1725975	Phenicol	2	1	0	0.0	0	0.0	0	0.0	2	1.0	0.07692307692307693
ERR1725975	Quinolone	7	1	0	0.0	0	0.0	0	0.0	7	1.0	0.2692307692307692
ERR1725975	Rifamycin	1	1	0	0.0	0	0.0	0	0.0	1	1.0	0.038461538461538464
ERR1725975	Sulfonamide	0	0	0	0.0	0	0.0	0	0.0	0	0.0	0.0
ERR1725975	Tetracycline	6	1	0	0.0	0	0.0	0	0.0	6	1.0	0.23076923076923078
ERR1725975	Trimethoprim	1	1	0	0.0	0	0.0	0	0.0	1	1.0	0.038461538461538464
ERR1725976	Aminoglycoside	3	1	1	0.3333333333333333	1	0.3333333333333333	0	0.0	2	0.6666666666666666	0.08571428571428572
ERR1725976	Beta-lactam	3	1	0	0.0	0	0.0	0	0.0	3	1.0	0.08571428571428572
ERR1725976	Fosfomycin	1	1	0	0.0	0	0.0	0	0.0	1	1.0	0.02857142857142857
ERR1725976	MLS	14	1	7	0.5	7	0.5	0	0.0	7	0.5	0.4
ERR1725976	Phenicol	0	0	0	0.0	0	0.0	0	0.0	0	0.0	0.0
ERR1725976	Quinolone	4	1	1	0.25	1	0.25	0	0.0	3	0.75	0.11428571428571428
ERR1725976	Rifamycin	0	0	0	0.0	0	0.0	0	0.0	0	0.0	0.0
ERR1725976	Sulfonamide	1	1	0	0.0	0	0.0	0	0.0	1	1.0	0.02857142857142857
ERR1725976	Tetracycline	9	1	3	0.3333333333333333	3	0.3333333333333333	0	0.0	6	0.6666666666666666	0.2571428571428571
ERR1725976	Trimethoprim	0	0	0	0.0	0	0.0	0	0.0	0	0.0	0.0
ERR1725980	Aminoglycoside	5	1	2	0.4	2	0.4	0	0.0	3	0.6	0.23809523809523808
ERR1725980	Beta-lactam	6	1	2	0.3333333333333333	2	0.3333333333333333	0	0.0	4	0.6666666666666666	0.2857142857142857
ERR1725980	Fosfomycin	0	0	0	0.0	0	0.0	0	0.0	0	0.0	0.0
ERR1725980	MLS	5	1	0	0.0	0	0.0	0	0.0	5	1.0	0.23809523809523808
ERR1725980	Phenicol	0	0	0	0.0	0	0.0	0	0.0	0	0.0	0.0
ERR1725980	Quinolone	1	1	0	0.0	0	0.0	0	0.0	1	1.0	0.047619047619047616
ERR1725980	Rifamycin	0	0	0	0.0	0	0.0	0	0.0	0	0.0	0.0
ERR1725980	Sulfonamide	0	0	0	0.0	0	0.0	0	0.0	0	0.0	0.0
ERR1725980	Tetracycline	4	1	0	0.0	0	0.0	0	0.0	4	1.0	0.19047619047619047
ERR1725980	Trimethoprim	0	0	0	0.0	0	0.0	0	0.0	0	0.0	0.0
ERR1725981	Aminoglycoside	8	1	4	0.5	4	0.5	0	0.0	4	0.5	0.12698412698412698
ERR1725981	Beta-lactam	17	1	3	0.17647058823529413	3	0.17647058823529413	0	0.0	14	0.8235294117647058	0.2698412698412698
ERR1725981	Fosfomycin	2	1	0	0.0	0	0.0	0	0.0	2	1.0	0.031746031746031744
ERR1725981	MLS	17	1	8	0.47058823529411764	7	0.4117647058823529	1	0.058823529411764705	9	0.5294117647058824	0.2698412698412698
ERR1725981	Phenicol	1	1	0	0.0	0	0.0	0	0.0	1	1.0	0.015873015873015872
ERR1725981	Quinolone	5	1	0	0.0	0	0.0	0	0.0	5	1.0	0.07936507936507936
ERR1725981	Rifamycin	0	0	0	0.0	0	0.0	0	0.0	0	0.0	0.0
ERR1725981	Sulfonamide	2	1	1	0.5	1	0.5	0	0.0	1	0.5	0.031746031746031744
ERR1725981	Tetracycline	10	1	1	0.1	1	0.1	0	0.0	9	0.9	0.15873015873015872
ERR1725981	Trimethoprim	1	1	1	1.0	1	1.0	0	0.0	0	0.0	0.015873015873015872
ERR1725987	Aminoglycoside	0	0	0	0.0	0	0.0	0	0.0	0	0.0	0.0
ERR1725987	Beta-lactam	0	0	0	0.0	0	0.0	0	0.0	0	0.0	0.0
ERR1725987	Fosfomycin	0	0	0	0.0	0	0.0	0	0.0	0	0.0	0.0
ERR1725987	MLS	1	1	0	0.0	0	0.0	0	0.0	1	1.0	0.3333333333333333
ERR1725987	Phenicol	0	0	0	0.0	0	0.0	0	0.0	0	0.0	0.0
ERR1725987	Quinolone	0	0	0	0.0	0	0.0	0	0.0	0	0.0	0.0
ERR1725987	Rifamycin	0	0	0	0.0	0	0.0	0	0.0	0	0.0	0.0
ERR1725987	Sulfonamide	0	0	0	0.0	0	0.0	0	0.0	0	0.0	0.0
ERR1725987	Tetracycline	2	1	0	0.0	0	0.0	0	0.0	2	1.0	0.6666666666666666
ERR1725987	Trimethoprim	0	0	0	0.0	0	0.0	0	0.0	0	0.0	0.0
ERR1725989	Aminoglycoside	7	1	2	0.2857142857142857	2	0.2857142857142857	0	0.0	5	0.7142857142857143	0.2
ERR1725989	Beta-lactam	8	1	0	0.0	0	0.0	0	0.0	8	1.0	0.22857142857142856
ERR1725989	Fosfomycin	1	1	0	0.0	0	0.0	0	0.0	1	1.0	0.02857142857142857
ERR1725989	MLS	9	1	4	0.4444444444444444	4	0.4444444444444444	0	0.0	5	0.5555555555555556	0.2571428571428571
ERR1725989	Phenicol	0	0	0	0.0	0	0.0	0	0.0	0	0.0	0.0
ERR1725989	Quinolone	3	1	0	0.0	0	0.0	0	0.0	3	1.0	0.08571428571428572
ERR1725989	Rifamycin	0	0	0	0.0	0	0.0	0	0.0	0	0.0	0.0
ERR1725989	Sulfonamide	0	0	0	0.0	0	0.0	0	0.0	0	0.0	0.0
ERR1725989	Tetracycline	7	1	1	0.14285714285714285	1	0.14285714285714285	0	0.0	6	0.8571428571428571	0.2
ERR1725989	Trimethoprim	0	0	0	0.0	0	0.0	0	0.0	0	0.0	0.0
ERR1725991	Aminoglycoside	2	1	1	0.5	1	0.5	0	0.0	1	0.5	0.06451612903225806
ERR1725991	Beta-lactam	6	1	2	0.3333333333333333	2	0.3333333333333333	0	0.0	4	0.6666666666666666	0.1935483870967742
ERR1725991	Fosfomycin	1	1	0	0.0	0	0.0	0	0.0	1	1.0	0.03225806451612903
ERR1725991	MLS	11	1	5	0.45454545454545453	5	0.45454545454545453	0	0.0	6	0.5454545454545454	0.3548387096774194
ERR1725991	Phenicol	0	0	0	0.0	0	0.0	0	0.0	0	0.0	0.0
ERR1725991	Quinolone	1	1	1	1.0	1	1.0	0	0.0	0	0.0	0.03225806451612903
ERR1725991	Rifamycin	0	0	0	0.0	0	0.0	0	0.0	0	0.0	0.0
ERR1725991	Sulfonamide	0	0	0	0.0	0	0.0	0	0.0	0	0.0	0.0
ERR1725991	Tetracycline	10	1	1	0.1	1	0.1	0	0.0	9	0.9	0.3225806451612903
ERR1725991	Trimethoprim	0	0	0	0.0	0	0.0	0	0.0	0	0.0	0.0
ERR1725993	Aminoglycoside	10	1	2	0.2	2	0.2	0	0.0	8	0.8	0.0847457627118644
ERR1725993	Beta-lactam	24	1	6	0.25	6	0.25	0	0.0	18	0.75	0.2033898305084746
ERR1725993	Fosfomycin	1	1	0	0.0	0	0.0	0	0.0	1	1.0	0.00847457627118644
ERR1725993	MLS	18	1	7	0.3888888888888889	7	0.3888888888888889	0	0.0	11	0.6111111111111112	0.15254237288135594
ERR1725993	Phenicol	9	1	3	0.3333333333333333	3	0.3333333333333333	0	0.0	6	0.6666666666666666	0.07627118644067797
ERR1725993	Quinolone	23	1	5	0.21739130434782608	5	0.21739130434782608	0	0.0	18	0.782608695652174	0.19491525423728814
ERR1725993	Rifamycin	6	1	3	0.5	3	0.5	0	0.0	3	0.5	0.05084745762711865
ERR1725993	Sulfonamide	0	0	0	0.0	0	0.0	0	0.0	0	0.0	0.0
ERR1725993	Tetracycline	24	1	4	0.16666666666666666	4	0.16666666666666666	0	0.0	20	0.8333333333333334	0.2033898305084746
ERR1725993	Trimethoprim	3	1	0	0.0	0	0.0	0	0.0	3	1.0	0.025423728813559324
ERR1725995	Aminoglycoside	5	1	0	0.0	0	0.0	0	0.0	5	1.0	0.22727272727272727
ERR1725995	Beta-lactam	2	1	0	0.0	0	0.0	0	0.0	2	1.0	0.09090909090909091
ERR1725995	Fosfomycin	2	1	0	0.0	0	0.0	0	0.0	2	1.0	0.09090909090909091
ERR1725995	MLS	4	1	0	0.0	0	0.0	0	0.0	4	1.0	0.18181818181818182
ERR1725995	Phenicol	0	0	0	0.0	0	0.0	0	0.0	0	0.0	0.0
ERR1725995	Quinolone	1	1	0	0.0	0	0.0	0	0.0	1	1.0	0.045454545454545456
ERR1725995	Rifamycin	0	0	0	0.0	0	0.0	0	0.0	0	0.0	0.0
ERR1725995	Sulfonamide	0	0	0	0.0	0	0.0	0	0.0	0	0.0	0.0
ERR1725995	Tetracycline	8	1	1	0.125	1	0.125	0	0.0	7	0.875	0.36363636363636365
ERR1725995	Trimethoprim	0	0	0	0.0	0	0.0	0	0.0	0	0.0	0.0
ERR1725996	Aminoglycoside	10	1	1	0.1	1	0.1	0	0.0	9	0.9	0.18181818181818182
ERR1725996	Beta-lactam	12	1	3	0.25	2	0.16666666666666666	1	0.08333333333333333	9	0.75	0.21818181818181817
ERR1725996	Fosfomycin	0	0	0	0.0	0	0.0	0	0.0	0	0.0	0.0
ERR1725996	MLS	5	1	1	0.2	1	0.2	0	0.0	4	0.8	0.09090909090909091
ERR1725996	Phenicol	6	1	0	0.0	0	0.0	0	0.0	6	1.0	0.10909090909090909
ERR1725996	Quinolone	6	1	0	0.0	0	0.0	0	0.0	6	1.0	0.10909090909090909
ERR1725996	Rifamycin	1	1	0	0.0	0	0.0	0	0.0	1	1.0	0.01818181818181818
ERR1725996	Sulfonamide	0	0	0	0.0	0	0.0	0	0.0	0	0.0	0.0
ERR1725996	Tetracycline	12	1	1	0.08333333333333333	1	0.08333333333333333	0	0.0	11	0.9166666666666666	0.21818181818181817
ERR1725996	Trimethoprim	3	1	0	0.0	0	0.0	0	0.0	3	1.0	0.05454545454545454
ERR1725999	Aminoglycoside	1	1	0	0.0	0	0.0	0	0.0	1	1.0	0.05
ERR1725999	Beta-lactam	2	1	0	0.0	0	0.0	0	0.0	2	1.0	0.1
ERR1725999	Fosfomycin	0	0	0	0.0	0	0.0	0	0.0	0	0.0	0.0
ERR1725999	MLS	5	1	0	0.0	0	0.0	0	0.0	5	1.0	0.25
ERR1725999	Phenicol	0	0	0	0.0	0	0.0	0	0.0	0	0.0	0.0
ERR1725999	Quinolone	4	1	0	0.0	0	0.0	0	0.0	4	1.0	0.2
ERR1725999	Rifamycin	0	0	0	0.0	0	0.0	0	0.0	0	0.0	0.0
ERR1725999	Sulfonamide	0	0	0	0.0	0	0.0	0	0.0	0	0.0	0.0
ERR1725999	Tetracycline	8	1	1	0.125	1	0.125	0	0.0	7	0.875	0.4
ERR1725999	Trimethoprim	0	0	0	0.0	0	0.0	0	0.0	0	0.0	0.0
ERR1726000	Aminoglycoside	0	0	0	0.0	0	0.0	0	0.0	0	0.0	0.0
ERR1726000	Beta-lactam	1	1	0	0.0	0	0.0	0	0.0	1	1.0	0.14285714285714285
ERR1726000	Fosfomycin	0	0	0	0.0	0	0.0	0	0.0	0	0.0	0.0
ERR1726000	MLS	3	1	3	1.0	3	1.0	0	0.0	0	0.0	0.42857142857142855
ERR1726000	Phenicol	0	0	0	0.0	0	0.0	0	0.0	0	0.0	0.0
ERR1726000	Quinolone	0	0	0	0.0	0	0.0	0	0.0	0	0.0	0.0
ERR1726000	Rifamycin	0	0	0	0.0	0	0.0	0	0.0	0	0.0	0.0
ERR1726000	Sulfonamide	0	0	0	0.0	0	0.0	0	0.0	0	0.0	0.0
ERR1726000	Tetracycline	3	1	1	0.3333333333333333	1	0.3333333333333333	0	0.0	2	0.6666666666666666	0.42857142857142855
ERR1726000	Trimethoprim	0	0	0	0.0	0	0.0	0	0.0	0	0.0	0.0
ERR1726001	Aminoglycoside	3	1	0	0.0	0	0.0	0	0.0	3	1.0	0.23076923076923078
ERR1726001	Beta-lactam	1	1	0	0.0	0	0.0	0	0.0	1	1.0	0.07692307692307693
ERR1726001	Fosfomycin	0	0	0	0.0	0	0.0	0	0.0	0	0.0	0.0
ERR1726001	MLS	3	1	0	0.0	0	0.0	0	0.0	3	1.0	0.23076923076923078
ERR1726001	Phenicol	0	0	0	0.0	0	0.0	0	0.0	0	0.0	0.0
ERR1726001	Quinolone	3	1	1	0.3333333333333333	1	0.3333333333333333	0	0.0	2	0.6666666666666666	0.23076923076923078
ERR1726001	Rifamycin	0	0	0	0.0	0	0.0	0	0.0	0	0.0	0.0
ERR1726001	Sulfonamide	0	0	0	0.0	0	0.0	0	0.0	0	0.0	0.0
ERR1726001	Tetracycline	3	1	0	0.0	0	0.0	0	0.0	3	1.0	0.23076923076923078
ERR1726001	Trimethoprim	0	0	0	0.0	0	0.0	0	0.0	0	0.0	0.0
ERR1726002	Aminoglycoside	3	1	2	0.6666666666666666	2	0.6666666666666666	0	0.0	1	0.3333333333333333	0.14285714285714285
ERR1726002	Beta-lactam	2	1	0	0.0	0	0.0	0	0.0	2	1.0	0.09523809523809523
ERR1726002	Fosfomycin	0	0	0	0.0	0	0.0	0	0.0	0	0.0	0.0
ERR1726002	MLS	9	1	4	0.4444444444444444	4	0.4444444444444444	0	0.0	5	0.5555555555555556	0.42857142857142855
ERR1726002	Phenicol	1	1	0	0.0	0	0.0	0	0.0	1	1.0	0.047619047619047616
ERR1726002	Quinolone	1	1	0	0.0	0	0.0	0	0.0	1	1.0	0.047619047619047616
ERR1726002	Rifamycin	0	0	0	0.0	0	0.0	0	0.0	0	0.0	0.0
ERR1726002	Sulfonamide	0	0	0	0.0	0	0.0	0	0.0	0	0.0	0.0
ERR1726002	Tetracycline	5	1	0	0.0	0	0.0	0	0.0	5	1.0	0.23809523809523808
ERR1726002	Trimethoprim	0	0	0	0.0	0	0.0	0	0.0	0	0.0	0.0
ERR1726003	Aminoglycoside	4	1	0	0.0	0	0.0	0	0.0	4	1.0	0.08163265306122448
ERR1726003	Beta-lactam	8	1	1	0.125	1	0.125	0	0.0	7	0.875	0.16326530612244897
ERR1726003	Fosfomycin	2	1	0	0.0	0	0.0	0	0.0	2	1.0	0.04081632653061224
ERR1726003	MLS	12	1	3	0.25	3	0.25	0	0.0	9	0.75	0.24489795918367346
ERR1726003	Phenicol	2	1	0	0.0	0	0.0	0	0.0	2	1.0	0.04081632653061224
ERR1726003	Quinolone	6	1	1	0.16666666666666666	1	0.16666666666666666	0	0.0	5	0.8333333333333334	0.12244897959183673
ERR1726003	Rifamycin	1	1	0	0.0	0	0.0	0	0.0	1	1.0	0.02040816326530612
ERR1726003	Sulfonamide	1	1	1	1.0	1	1.0	0	0.0	0	0.0	0.02040816326530612
ERR1726003	Tetracycline	13	1	2	0.15384615384615385	2	0.15384615384615385	0	0.0	11	0.8461538461538461	0.2653061224489796
ERR1726003	Trimethoprim	0	0	0	0.0	0	0.0	0	0.0	0	0.0	0.0
ERR1726004	Aminoglycoside	1	1	0	0.0	0	0.0	0	0.0	1	1.0	0.0625
ERR1726004	Beta-lactam	2	1	0	0.0	0	0.0	0	0.0	2	1.0	0.125
ERR1726004	Fosfomycin	1	1	0	0.0	0	0.0	0	0.0	1	1.0	0.0625
ERR1726004	MLS	6	1	2	0.3333333333333333	2	0.3333333333333333	0	0.0	4	0.6666666666666666	0.375
ERR1726004	Phenicol	1	1	0	0.0	0	0.0	0	0.0	1	1.0	0.0625
ERR1726004	Quinolone	1	1	0	0.0	0	0.0	0	0.0	1	1.0	0.0625
ERR1726004	Rifamycin	0	0	0	0.0	0	0.0	0	0.0	0	0.0	0.0
ERR1726004	Sulfonamide	0	0	0	0.0	0	0.0	0	0.0	0	0.0	0.0
ERR1726004	Tetracycline	4	1	1	0.25	1	0.25	0	0.0	3	0.75	0.25
ERR1726004	Trimethoprim	0	0	0	0.0	0	0.0	0	0.0	0	0.0	0.0
ERR1726006	Aminoglycoside	2	1	1	0.5	1	0.5	0	0.0	1	0.5	0.09523809523809523
ERR1726006	Beta-lactam	1	1	0	0.0	0	0.0	0	0.0	1	1.0	0.047619047619047616
ERR1726006	Fosfomycin	0	0	0	0.0	0	0.0	0	0.0	0	0.0	0.0
ERR1726006	MLS	5	1	1	0.2	1	0.2	0	0.0	4	0.8	0.23809523809523808
ERR1726006	Phenicol	0	0	0	0.0	0	0.0	0	0.0	0	0.0	0.0
ERR1726006	Quinolone	4	1	1	0.25	1	0.25	0	0.0	3	0.75	0.19047619047619047
ERR1726006	Rifamycin	0	0	0	0.0	0	0.0	0	0.0	0	0.0	0.0
ERR1726006	Sulfonamide	0	0	0	0.0	0	0.0	0	0.0	0	0.0	0.0
ERR1726006	Tetracycline	9	1	1	0.1111111111111111	1	0.1111111111111111	0	0.0	8	0.8888888888888888	0.42857142857142855
ERR1726006	Trimethoprim	0	0	0	0.0	0	0.0	0	0.0	0	0.0	0.0
ERR1726009	Aminoglycoside	3	1	1	0.3333333333333333	1	0.3333333333333333	0	0.0	2	0.6666666666666666	0.05084745762711865
ERR1726009	Beta-lactam	11	1	0	0.0	0	0.0	0	0.0	11	1.0	0.1864406779661017
ERR1726009	Fosfomycin	1	1	0	0.0	0	0.0	0	0.0	1	1.0	0.01694915254237288
ERR1726009	MLS	9	1	3	0.3333333333333333	3	0.3333333333333333	0	0.0	6	0.6666666666666666	0.15254237288135594
ERR1726009	Phenicol	4	1	0	0.0	0	0.0	0	0.0	4	1.0	0.06779661016949153
ERR1726009	Quinolone	15	1	1	0.06666666666666667	1	0.06666666666666667	0	0.0	14	0.9333333333333333	0.2542372881355932
ERR1726009	Rifamycin	1	1	0	0.0	0	0.0	0	0.0	1	1.0	0.01694915254237288
ERR1726009	Sulfonamide	0	0	0	0.0	0	0.0	0	0.0	0	0.0	0.0
ERR1726009	Tetracycline	12	1	1	0.08333333333333333	1	0.08333333333333333	0	0.0	11	0.9166666666666666	0.2033898305084746
ERR1726009	Trimethoprim	3	1	0	0.0	0	0.0	0	0.0	3	1.0	0.05084745762711865
ERR2729809	Aminoglycoside	11	1	4	0.36363636363636365	4	0.36363636363636365	0	0.0	7	0.6363636363636364	0.07801418439716312
ERR2729809	Beta-lactam	25	1	4	0.16	4	0.16	0	0.0	21	0.84	0.1773049645390071
ERR2729809	Fosfomycin	2	1	0	0.0	0	0.0	0	0.0	2	1.0	0.014184397163120567
ERR2729809	MLS	21	1	6	0.2857142857142857	6	0.2857142857142857	0	0.0	15	0.7142857142857143	0.14893617021276595
ERR2729809	Phenicol	11	1	0	0.0	0	0.0	0	0.0	11	1.0	0.07801418439716312
ERR2729809	Quinolone	31	1	3	0.0967741935483871	3	0.0967741935483871	0	0.0	28	0.9032258064516129	0.2198581560283688
ERR2729809	Rifamycin	4	1	0	0.0	0	0.0	0	0.0	4	1.0	0.028368794326241134
ERR2729809	Sulfonamide	1	1	0	0.0	0	0.0	0	0.0	1	1.0	0.0070921985815602835
ERR2729809	Tetracycline	26	1	2	0.07692307692307693	2	0.07692307692307693	0	0.0	24	0.9230769230769231	0.18439716312056736
ERR2729809	Trimethoprim	9	1	1	0.1111111111111111	1	0.1111111111111111	0	0.0	8	0.8888888888888888	0.06382978723404255
ERR9855090	Aminoglycoside	21	1	5	0.23809523809523808	5	0.23809523809523808	0	0.0	16	0.7619047619047619	0.11864406779661017
ERR9855090	Beta-lactam	35	1	10	0.2857142857142857	9	0.2571428571428571	1	0.02857142857142857	25	0.7142857142857143	0.1977401129943503
ERR9855090	Fosfomycin	9	1	0	0.0	0	0.0	0	0.0	9	1.0	0.05084745762711865
ERR9855090	MLS	23	1	7	0.30434782608695654	7	0.30434782608695654	0	0.0	16	0.6956521739130435	0.12994350282485875
ERR9855090	Phenicol	15	1	5	0.3333333333333333	5	0.3333333333333333	0	0.0	10	0.6666666666666666	0.0847457627118644
ERR9855090	Quinolone	26	1	7	0.2692307692307692	7	0.2692307692307692	0	0.0	19	0.7307692307692307	0.14689265536723164
ERR9855090	Rifamycin	9	1	2	0.2222222222222222	2	0.2222222222222222	0	0.0	7	0.7777777777777778	0.05084745762711865
ERR9855090	Sulfonamide	2	1	0	0.0	0	0.0	0	0.0	2	1.0	0.011299435028248588
ERR9855090	Tetracycline	32	1	12	0.375	12	0.375	0	0.0	20	0.625	0.1807909604519774
ERR9855090	Trimethoprim	5	1	2	0.4	2	0.4	0	0.0	3	0.6	0.02824858757062147
E_1-2	Aminoglycoside	16	1	5	0.3125	5	0.3125	0	0.0	11	0.6875	0.05211726384364821
E_1-2	Beta-lactam	44	1	7	0.1590909090909091	7	0.1590909090909091	0	0.0	37	0.8409090909090909	0.14332247557003258
E_1-2	Fosfomycin	9	1	0	0.0	0	0.0	0	0.0	9	1.0	0.029315960912052116
E_1-2	MLS	28	1	10	0.35714285714285715	10	0.35714285714285715	0	0.0	18	0.6428571428571429	0.09120521172638436
E_1-2	Phenicol	22	1	3	0.13636363636363635	3	0.13636363636363635	0	0.0	19	0.8636363636363636	0.07166123778501629
E_1-2	Quinolone	85	1	3	0.03529411764705882	3	0.03529411764705882	0	0.0	82	0.9647058823529412	0.2768729641693811
E_1-2	Rifamycin	12	1	2	0.16666666666666666	2	0.16666666666666666	0	0.0	10	0.8333333333333334	0.03908794788273615
E_1-2	Sulfonamide	1	1	0	0.0	0	0.0	0	0.0	1	1.0	0.003257328990228013
E_1-2	Tetracycline	77	1	9	0.11688311688311688	9	0.11688311688311688	0	0.0	68	0.8831168831168831	0.250814332247557
E_1-2	Trimethoprim	13	1	0	0.0	0	0.0	0	0.0	13	1.0	0.04234527687296417
E_11-12	Aminoglycoside	28	1	11	0.39285714285714285	11	0.39285714285714285	0	0.0	17	0.6071428571428571	0.07197943444730077
E_11-12	Beta-lactam	59	1	10	0.1694915254237288	9	0.15254237288135594	1	0.01694915254237288	49	0.8305084745762712	0.15167095115681234
E_11-12	Fosfomycin	13	1	0	0.0	0	0.0	0	0.0	13	1.0	0.033419023136246784
E_11-12	MLS	41	1	10	0.24390243902439024	10	0.24390243902439024	0	0.0	31	0.7560975609756098	0.10539845758354756
E_11-12	Phenicol	30	1	6	0.2	6	0.2	0	0.0	24	0.8	0.07712082262210797
E_11-12	Quinolone	91	1	9	0.0989010989010989	9	0.0989010989010989	0	0.0	82	0.9010989010989011	0.23393316195372751
E_11-12	Rifamycin	17	1	4	0.23529411764705882	4	0.23529411764705882	0	0.0	13	0.7647058823529411	0.043701799485861184
E_11-12	Sulfonamide	4	1	0	0.0	0	0.0	0	0.0	4	1.0	0.010282776349614395
E_11-12	Tetracycline	86	1	10	0.11627906976744186	10	0.11627906976744186	0	0.0	76	0.8837209302325582	0.2210796915167095
E_11-12	Trimethoprim	20	1	5	0.25	5	0.25	0	0.0	15	0.75	0.05141388174807198
E_3-4	Aminoglycoside	19	1	7	0.3684210526315789	7	0.3684210526315789	0	0.0	12	0.631578947368421	0.051771117166212535
E_3-4	Beta-lactam	49	1	12	0.24489795918367346	12	0.24489795918367346	0	0.0	37	0.7551020408163265	0.1335149863760218
E_3-4	Fosfomycin	9	1	0	0.0	0	0.0	0	0.0	9	1.0	0.02452316076294278
E_3-4	MLS	30	1	10	0.3333333333333333	10	0.3333333333333333	0	0.0	20	0.6666666666666666	0.08174386920980926
E_3-4	Phenicol	19	1	5	0.2631578947368421	5	0.2631578947368421	0	0.0	14	0.7368421052631579	0.051771117166212535
E_3-4	Quinolone	107	1	9	0.08411214953271028	9	0.08411214953271028	0	0.0	98	0.9158878504672897	0.29155313351498635
E_3-4	Rifamycin	17	1	6	0.35294117647058826	6	0.35294117647058826	0	0.0	11	0.6470588235294118	0.04632152588555858
E_3-4	Sulfonamide	3	1	0	0.0	0	0.0	0	0.0	3	1.0	0.008174386920980926
E_3-4	Tetracycline	109	1	11	0.10091743119266056	11	0.10091743119266056	0	0.0	98	0.8990825688073395	0.2970027247956403
E_3-4	Trimethoprim	5	1	2	0.4	2	0.4	0	0.0	3	0.6	0.013623978201634877
E_5-6	Aminoglycoside	60	1	10	0.16666666666666666	10	0.16666666666666666	0	0.0	50	0.8333333333333334	0.09523809523809523
E_5-6	Beta-lactam	99	1	14	0.1414141414141414	14	0.1414141414141414	0	0.0	85	0.8585858585858586	0.15714285714285714
E_5-6	Fosfomycin	12	1	0	0.0	0	0.0	0	0.0	12	1.0	0.01904761904761905
E_5-6	MLS	72	1	13	0.18055555555555555	13	0.18055555555555555	0	0.0	59	0.8194444444444444	0.11428571428571428
E_5-6	Phenicol	51	1	9	0.17647058823529413	9	0.17647058823529413	0	0.0	42	0.8235294117647058	0.08095238095238096
E_5-6	Quinolone	145	1	14	0.09655172413793103	14	0.09655172413793103	0	0.0	131	0.903448275862069	0.23015873015873015
E_5-6	Rifamycin	31	1	4	0.12903225806451613	4	0.12903225806451613	0	0.0	27	0.8709677419354839	0.049206349206349205
E_5-6	Sulfonamide	3	1	1	0.3333333333333333	1	0.3333333333333333	0	0.0	2	0.6666666666666666	0.004761904761904762
E_5-6	Tetracycline	126	1	17	0.1349206349206349	17	0.1349206349206349	0	0.0	109	0.8650793650793651	0.2
E_5-6	Trimethoprim	31	1	5	0.16129032258064516	5	0.16129032258064516	0	0.0	26	0.8387096774193549	0.049206349206349205
E_7-8	Aminoglycoside	20	1	9	0.45	9	0.45	0	0.0	11	0.55	0.05154639175257732
E_7-8	Beta-lactam	50	1	12	0.24	12	0.24	0	0.0	38	0.76	0.12886597938144329
E_7-8	Fosfomycin	12	1	1	0.08333333333333333	1	0.08333333333333333	0	0.0	11	0.9166666666666666	0.030927835051546393
E_7-8	MLS	32	1	11	0.34375	11	0.34375	0	0.0	21	0.65625	0.08247422680412371
E_7-8	Phenicol	26	1	5	0.19230769230769232	4	0.15384615384615385	1	0.038461538461538464	21	0.8076923076923077	0.06701030927835051
E_7-8	Quinolone	111	1	8	0.07207207207207207	7	0.06306306306306306	1	0.009009009009009009	103	0.9279279279279279	0.2860824742268041
E_7-8	Rifamycin	15	1	2	0.13333333333333333	2	0.13333333333333333	0	0.0	13	0.8666666666666667	0.03865979381443299
E_7-8	Sulfonamide	1	1	0	0.0	0	0.0	0	0.0	1	1.0	0.002577319587628866
E_7-8	Tetracycline	103	1	10	0.0970873786407767	10	0.0970873786407767	0	0.0	93	0.9029126213592233	0.2654639175257732
E_7-8	Trimethoprim	18	1	4	0.2222222222222222	3	0.16666666666666666	1	0.05555555555555555	14	0.7777777777777778	0.04639175257731959
E_9-10	Aminoglycoside	18	1	4	0.2222222222222222	4	0.2222222222222222	0	0.0	14	0.7777777777777778	0.06923076923076923
E_9-10	Beta-lactam	37	1	8	0.21621621621621623	8	0.21621621621621623	0	0.0	29	0.7837837837837838	0.1423076923076923
E_9-10	Fosfomycin	6	1	0	0.0	0	0.0	0	0.0	6	1.0	0.023076923076923078
E_9-10	MLS	27	1	7	0.25925925925925924	7	0.25925925925925924	0	0.0	20	0.7407407407407407	0.10384615384615385
E_9-10	Phenicol	16	1	6	0.375	6	0.375	0	0.0	10	0.625	0.06153846153846154
E_9-10	Quinolone	65	1	6	0.09230769230769231	6	0.09230769230769231	0	0.0	59	0.9076923076923077	0.25
E_9-10	Rifamycin	11	1	5	0.45454545454545453	5	0.45454545454545453	0	0.0	6	0.5454545454545454	0.04230769230769231
E_9-10	Sulfonamide	1	1	0	0.0	0	0.0	0	0.0	1	1.0	0.0038461538461538464
E_9-10	Tetracycline	73	1	11	0.1506849315068493	11	0.1506849315068493	0	0.0	62	0.8493150684931506	0.28076923076923077
E_9-10	Trimethoprim	6	1	0	0.0	0	0.0	0	0.0	6	1.0	0.023076923076923078
I_1-2	Aminoglycoside	67	1	12	0.1791044776119403	12	0.1791044776119403	0	0.0	55	0.8208955223880597	0.1072
I_1-2	Beta-lactam	100	1	19	0.19	19	0.19	0	0.0	81	0.81	0.16
I_1-2	Fosfomycin	13	1	1	0.07692307692307693	1	0.07692307692307693	0	0.0	12	0.9230769230769231	0.0208
I_1-2	MLS	79	1	16	0.20253164556962025	16	0.20253164556962025	0	0.0	63	0.7974683544303798	0.1264
I_1-2	Phenicol	45	1	11	0.24444444444444444	11	0.24444444444444444	0	0.0	34	0.7555555555555555	0.072
I_1-2	Quinolone	132	1	21	0.1590909090909091	21	0.1590909090909091	0	0.0	111	0.8409090909090909	0.2112
I_1-2	Rifamycin	36	1	8	0.2222222222222222	8	0.2222222222222222	0	0.0	28	0.7777777777777778	0.0576
I_1-2	Sulfonamide	4	1	0	0.0	0	0.0	0	0.0	4	1.0	0.0064
I_1-2	Tetracycline	125	1	17	0.136	17	0.136	0	0.0	108	0.864	0.2
I_1-2	Trimethoprim	24	1	4	0.16666666666666666	4	0.16666666666666666	0	0.0	20	0.8333333333333334	0.0384
I_11-12	Aminoglycoside	56	1	10	0.17857142857142858	10	0.17857142857142858	0	0.0	46	0.8214285714285714	0.10237659963436929
I_11-12	Beta-lactam	94	1	21	0.22340425531914893	21	0.22340425531914893	0	0.0	73	0.776595744680851	0.17184643510054845
I_11-12	Fosfomycin	11	1	1	0.09090909090909091	1	0.09090909090909091	0	0.0	10	0.9090909090909091	0.02010968921389397
I_11-12	MLS	67	1	17	0.2537313432835821	17	0.2537313432835821	0	0.0	50	0.746268656716418	0.12248628884826325
I_11-12	Phenicol	39	1	7	0.1794871794871795	7	0.1794871794871795	0	0.0	32	0.8205128205128205	0.0712979890310786
I_11-12	Quinolone	113	1	11	0.09734513274336283	11	0.09734513274336283	0	0.0	102	0.9026548672566371	0.20658135283363802
I_11-12	Rifamycin	29	1	6	0.20689655172413793	6	0.20689655172413793	0	0.0	23	0.7931034482758621	0.05301645338208409
I_11-12	Sulfonamide	4	1	0	0.0	0	0.0	0	0.0	4	1.0	0.007312614259597806
I_11-12	Tetracycline	112	1	17	0.15178571428571427	16	0.14285714285714285	1	0.008928571428571428	95	0.8482142857142857	0.20475319926873858
I_11-12	Trimethoprim	22	1	4	0.18181818181818182	4	0.18181818181818182	0	0.0	18	0.8181818181818182	0.04021937842778794
I_3-4	Aminoglycoside	66	1	9	0.13636363636363635	9	0.13636363636363635	0	0.0	57	0.8636363636363636	0.10185185185185185
I_3-4	Beta-lactam	114	1	16	0.14035087719298245	16	0.14035087719298245	0	0.0	98	0.8596491228070176	0.17592592592592593
I_3-4	Fosfomycin	11	1	1	0.09090909090909091	1	0.09090909090909091	0	0.0	10	0.9090909090909091	0.016975308641975308
I_3-4	MLS	80	1	15	0.1875	15	0.1875	0	0.0	65	0.8125	0.12345679012345678
I_3-4	Phenicol	51	1	10	0.19607843137254902	10	0.19607843137254902	0	0.0	41	0.803921568627451	0.0787037037037037
I_3-4	Quinolone	127	1	17	0.13385826771653545	17	0.13385826771653545	0	0.0	110	0.8661417322834646	0.19598765432098766
I_3-4	Rifamycin	46	1	7	0.15217391304347827	7	0.15217391304347827	0	0.0	39	0.8478260869565217	0.07098765432098765
I_3-4	Sulfonamide	3	1	1	0.3333333333333333	1	0.3333333333333333	0	0.0	2	0.6666666666666666	0.004629629629629629
I_3-4	Tetracycline	126	1	22	0.1746031746031746	21	0.16666666666666666	1	0.007936507936507936	104	0.8253968253968254	0.19444444444444445
I_3-4	Trimethoprim	24	1	3	0.125	3	0.125	0	0.0	21	0.875	0.037037037037037035
I_5-6	Aminoglycoside	19	1	6	0.3157894736842105	6	0.3157894736842105	0	0.0	13	0.6842105263157895	0.058823529411764705
I_5-6	Beta-lactam	37	1	6	0.16216216216216217	6	0.16216216216216217	0	0.0	31	0.8378378378378378	0.11455108359133127
I_5-6	Fosfomycin	8	1	1	0.125	1	0.125	0	0.0	7	0.875	0.02476780185758514
I_5-6	MLS	29	1	6	0.20689655172413793	6	0.20689655172413793	0	0.0	23	0.7931034482758621	0.08978328173374613
I_5-6	Phenicol	19	1	4	0.21052631578947367	4	0.21052631578947367	0	0.0	15	0.7894736842105263	0.058823529411764705
I_5-6	Quinolone	93	1	8	0.08602150537634409	8	0.08602150537634409	0	0.0	85	0.9139784946236559	0.28792569659442724
I_5-6	Rifamycin	12	1	3	0.25	3	0.25	0	0.0	9	0.75	0.03715170278637771
I_5-6	Sulfonamide	3	1	0	0.0	0	0.0	0	0.0	3	1.0	0.009287925696594427
I_5-6	Tetracycline	92	1	7	0.07608695652173914	7	0.07608695652173914	0	0.0	85	0.9239130434782609	0.2848297213622291
I_5-6	Trimethoprim	11	1	2	0.18181818181818182	2	0.18181818181818182	0	0.0	9	0.8181818181818182	0.034055727554179564
I_7-8	Aminoglycoside	65	1	9	0.13846153846153847	9	0.13846153846153847	0	0.0	56	0.8615384615384616	0.09433962264150944
I_7-8	Beta-lactam	121	1	20	0.1652892561983471	19	0.15702479338842976	1	0.008264462809917356	101	0.8347107438016529	0.17561683599419448
I_7-8	Fosfomycin	12	1	0	0.0	0	0.0	0	0.0	12	1.0	0.01741654571843251
I_7-8	MLS	85	1	13	0.15294117647058825	13	0.15294117647058825	0	0.0	72	0.8470588235294118	0.12336719883889695
I_7-8	Phenicol	52	1	10	0.19230769230769232	10	0.19230769230769232	0	0.0	42	0.8076923076923077	0.07547169811320754
I_7-8	Quinolone	139	1	13	0.09352517985611511	13	0.09352517985611511	0	0.0	126	0.9064748201438849	0.20174165457184326
I_7-8	Rifamycin	49	1	4	0.08163265306122448	4	0.08163265306122448	0	0.0	45	0.9183673469387755	0.07111756168359942
I_7-8	Sulfonamide	4	1	2	0.5	2	0.5	0	0.0	2	0.5	0.005805515239477504
I_7-8	Tetracycline	135	1	21	0.15555555555555556	21	0.15555555555555556	0	0.0	114	0.8444444444444444	0.19593613933236576
I_7-8	Trimethoprim	27	1	4	0.14814814814814814	4	0.14814814814814814	0	0.0	23	0.8518518518518519	0.03918722786647315
I_9-10	Aminoglycoside	75	1	11	0.14666666666666667	11	0.14666666666666667	0	0.0	64	0.8533333333333334	0.10053619302949061
I_9-10	Beta-lactam	123	1	22	0.17886178861788618	22	0.17886178861788618	0	0.0	101	0.8211382113821138	0.1648793565683646
I_9-10	Fosfomycin	18	1	1	0.05555555555555555	1	0.05555555555555555	0	0.0	17	0.9444444444444444	0.024128686327077747
I_9-10	MLS	86	1	15	0.1744186046511628	15	0.1744186046511628	0	0.0	71	0.8255813953488372	0.11528150134048257
I_9-10	Phenicol	58	1	13	0.22413793103448276	13	0.22413793103448276	0	0.0	45	0.7758620689655172	0.0777479892761394
I_9-10	Quinolone	147	1	22	0.14965986394557823	22	0.14965986394557823	0	0.0	125	0.8503401360544217	0.1970509383378016
I_9-10	Rifamycin	52	1	9	0.17307692307692307	9	0.17307692307692307	0	0.0	43	0.8269230769230769	0.06970509383378017
I_9-10	Sulfonamide	2	1	0	0.0	0	0.0	0	0.0	2	1.0	0.002680965147453083
I_9-10	Tetracycline	152	1	26	0.17105263157894737	26	0.17105263157894737	0	0.0	126	0.8289473684210527	0.2037533512064343
I_9-10	Trimethoprim	33	1	3	0.09090909090909091	3	0.09090909090909091	0	0.0	30	0.9090909090909091	0.04423592493297587
RW_1	Aminoglycoside	40	1	11	0.275	11	0.275	0	0.0	29	0.725	0.11080332409972299
RW_1	Beta-lactam	55	1	11	0.2	10	0.18181818181818182	1	0.01818181818181818	44	0.8	0.1523545706371191
RW_1	Fosfomycin	6	1	0	0.0	0	0.0	0	0.0	6	1.0	0.01662049861495845
RW_1	MLS	44	1	13	0.29545454545454547	13	0.29545454545454547	0	0.0	31	0.7045454545454546	0.12188365650969529
RW_1	Phenicol	28	1	6	0.21428571428571427	6	0.21428571428571427	0	0.0	22	0.7857142857142857	0.07756232686980609
RW_1	Quinolone	75	1	13	0.17333333333333334	13	0.17333333333333334	0	0.0	62	0.8266666666666667	0.2077562326869806
RW_1	Rifamycin	12	1	4	0.3333333333333333	4	0.3333333333333333	0	0.0	8	0.6666666666666666	0.0332409972299169
RW_1	Sulfonamide	3	1	1	0.3333333333333333	1	0.3333333333333333	0	0.0	2	0.6666666666666666	0.008310249307479225
RW_1	Tetracycline	81	1	15	0.18518518518518517	15	0.18518518518518517	0	0.0	66	0.8148148148148148	0.22437673130193905
RW_1	Trimethoprim	17	1	3	0.17647058823529413	3	0.17647058823529413	0	0.0	14	0.8235294117647058	0.04709141274238227
RW_2	Aminoglycoside	38	1	9	0.23684210526315788	9	0.23684210526315788	0	0.0	29	0.7631578947368421	0.0811965811965812
RW_2	Beta-lactam	79	1	14	0.17721518987341772	13	0.16455696202531644	1	0.012658227848101266	65	0.8227848101265823	0.16880341880341881
RW_2	Fosfomycin	12	1	1	0.08333333333333333	1	0.08333333333333333	0	0.0	11	0.9166666666666666	0.02564102564102564
RW_2	MLS	50	1	13	0.26	12	0.24	1	0.02	37	0.74	0.10683760683760683
RW_2	Phenicol	44	1	9	0.20454545454545456	9	0.20454545454545456	0	0.0	35	0.7954545454545454	0.09401709401709402
RW_2	Quinolone	104	1	8	0.07692307692307693	8	0.07692307692307693	0	0.0	96	0.9230769230769231	0.2222222222222222
RW_2	Rifamycin	23	1	5	0.21739130434782608	5	0.21739130434782608	0	0.0	18	0.782608695652174	0.049145299145299144
RW_2	Sulfonamide	3	1	1	0.3333333333333333	1	0.3333333333333333	0	0.0	2	0.6666666666666666	0.00641025641025641
RW_2	Tetracycline	91	1	13	0.14285714285714285	13	0.14285714285714285	0	0.0	78	0.8571428571428571	0.19444444444444445
RW_2	Trimethoprim	24	1	4	0.16666666666666666	4	0.16666666666666666	0	0.0	20	0.8333333333333334	0.05128205128205128
RW_3	Aminoglycoside	37	1	7	0.1891891891891892	7	0.1891891891891892	0	0.0	30	0.8108108108108109	0.08114035087719298
RW_3	Beta-lactam	70	1	6	0.08571428571428572	6	0.08571428571428572	0	0.0	64	0.9142857142857143	0.15350877192982457
RW_3	Fosfomycin	11	1	0	0.0	0	0.0	0	0.0	11	1.0	0.02412280701754386
RW_3	MLS	49	1	7	0.14285714285714285	7	0.14285714285714285	0	0.0	42	0.8571428571428571	0.1074561403508772
RW_3	Phenicol	29	1	1	0.034482758620689655	1	0.034482758620689655	0	0.0	28	0.9655172413793104	0.06359649122807018
RW_3	Quinolone	116	1	4	0.034482758620689655	4	0.034482758620689655	0	0.0	112	0.9655172413793104	0.2543859649122807
RW_3	Rifamycin	18	1	0	0.0	0	0.0	0	0.0	18	1.0	0.039473684210526314
RW_3	Sulfonamide	3	1	0	0.0	0	0.0	0	0.0	3	1.0	0.006578947368421052
RW_3	Tetracycline	105	1	6	0.05714285714285714	6	0.05714285714285714	0	0.0	99	0.9428571428571428	0.23026315789473684
RW_3	Trimethoprim	18	1	2	0.1111111111111111	2	0.1111111111111111	0	0.0	16	0.8888888888888888	0.039473684210526314
RW_4	Aminoglycoside	49	1	7	0.14285714285714285	7	0.14285714285714285	0	0.0	42	0.8571428571428571	0.09664694280078895
RW_4	Beta-lactam	89	1	10	0.11235955056179775	10	0.11235955056179775	0	0.0	79	0.8876404494382022	0.1755424063116371
RW_4	Fosfomycin	12	1	0	0.0	0	0.0	0	0.0	12	1.0	0.023668639053254437
RW_4	MLS	62	1	14	0.22580645161290322	14	0.22580645161290322	0	0.0	48	0.7741935483870968	0.1222879684418146
RW_4	Phenicol	37	1	5	0.13513513513513514	5	0.13513513513513514	0	0.0	32	0.8648648648648649	0.07297830374753451
RW_4	Quinolone	102	1	11	0.10784313725490197	11	0.10784313725490197	0	0.0	91	0.8921568627450981	0.20118343195266272
RW_4	Rifamycin	33	1	1	0.030303030303030304	1	0.030303030303030304	0	0.0	32	0.9696969696969697	0.0650887573964497
RW_4	Sulfonamide	3	1	0	0.0	0	0.0	0	0.0	3	1.0	0.005917159763313609
RW_4	Tetracycline	99	1	17	0.1717171717171717	17	0.1717171717171717	0	0.0	82	0.8282828282828283	0.1952662721893491
RW_4	Trimethoprim	21	1	3	0.14285714285714285	3	0.14285714285714285	0	0.0	18	0.8571428571428571	0.04142011834319527
RW_5	Aminoglycoside	50	1	6	0.12	6	0.12	0	0.0	44	0.88	0.0931098696461825
RW_5	Beta-lactam	89	1	16	0.1797752808988764	16	0.1797752808988764	0	0.0	73	0.8202247191011236	0.16573556797020483
RW_5	Fosfomycin	10	1	2	0.2	2	0.2	0	0.0	8	0.8	0.0186219739292365
RW_5	MLS	61	1	12	0.19672131147540983	12	0.19672131147540983	0	0.0	49	0.8032786885245902	0.11359404096834265
RW_5	Phenicol	43	1	10	0.23255813953488372	10	0.23255813953488372	0	0.0	33	0.7674418604651163	0.08007448789571694
RW_5	Quinolone	109	1	16	0.14678899082568808	16	0.14678899082568808	0	0.0	93	0.8532110091743119	0.20297951582867785
RW_5	Rifamycin	34	1	5	0.14705882352941177	5	0.14705882352941177	0	0.0	29	0.8529411764705882	0.0633147113594041
RW_5	Sulfonamide	3	1	1	0.3333333333333333	1	0.3333333333333333	0	0.0	2	0.6666666666666666	0.00558659217877095
RW_5	Tetracycline	115	1	14	0.12173913043478261	14	0.12173913043478261	0	0.0	101	0.8782608695652174	0.21415270018621974
RW_5	Trimethoprim	23	1	3	0.13043478260869565	3	0.13043478260869565	0	0.0	20	0.8695652173913043	0.04283054003724395
RW_6	Aminoglycoside	38	1	8	0.21052631578947367	8	0.21052631578947367	0	0.0	30	0.7894736842105263	0.09718670076726342
RW_6	Beta-lactam	72	1	13	0.18055555555555555	12	0.16666666666666666	1	0.013888888888888888	59	0.8194444444444444	0.18414322250639387
RW_6	Fosfomycin	10	1	0	0.0	0	0.0	0	0.0	10	1.0	0.02557544757033248
RW_6	MLS	46	1	11	0.2391304347826087	11	0.2391304347826087	0	0.0	35	0.7608695652173914	0.11764705882352941
RW_6	Phenicol	29	1	6	0.20689655172413793	6	0.20689655172413793	0	0.0	23	0.7931034482758621	0.0741687979539642
RW_6	Quinolone	81	1	10	0.12345679012345678	10	0.12345679012345678	0	0.0	71	0.8765432098765432	0.2071611253196931
RW_6	Rifamycin	18	1	3	0.16666666666666666	3	0.16666666666666666	0	0.0	15	0.8333333333333334	0.04603580562659847
RW_6	Sulfonamide	2	1	0	0.0	0	0.0	0	0.0	2	1.0	0.005115089514066497
RW_6	Tetracycline	82	1	9	0.10975609756097561	9	0.10975609756097561	0	0.0	73	0.8902439024390244	0.20971867007672634
RW_6	Trimethoprim	13	1	0	0.0	0	0.0	0	0.0	13	1.0	0.03324808184143223
SRR5007116	Aminoglycoside	0	0	0	0.0	0	0.0	0	0.0	0	0.0	0.0
SRR5007116	Beta-lactam	2	1	0	0.0	0	0.0	0	0.0	2	1.0	0.037037037037037035
SRR5007116	Fosfomycin	1	1	0	0.0	0	0.0	0	0.0	1	1.0	0.018518518518518517
SRR5007116	MLS	5	1	0	0.0	0	0.0	0	0.0	5	1.0	0.09259259259259259
SRR5007116	Phenicol	1	1	0	0.0	0	0.0	0	0.0	1	1.0	0.018518518518518517
SRR5007116	Quinolone	20	1	0	0.0	0	0.0	0	0.0	20	1.0	0.37037037037037035
SRR5007116	Rifamycin	0	0	0	0.0	0	0.0	0	0.0	0	0.0	0.0
SRR5007116	Sulfonamide	0	0	0	0.0	0	0.0	0	0.0	0	0.0	0.0
SRR5007116	Tetracycline	24	1	0	0.0	0	0.0	0	0.0	24	1.0	0.4444444444444444
SRR5007116	Trimethoprim	1	1	0	0.0	0	0.0	0	0.0	1	1.0	0.018518518518518517
SRR5007352	Aminoglycoside	4	1	0	0.0	0	0.0	0	0.0	4	1.0	0.08695652173913043
SRR5007352	Beta-lactam	3	1	1	0.3333333333333333	1	0.3333333333333333	0	0.0	2	0.6666666666666666	0.06521739130434782
SRR5007352	Fosfomycin	1	1	0	0.0	0	0.0	0	0.0	1	1.0	0.021739130434782608
SRR5007352	MLS	10	1	3	0.3	2	0.2	1	0.1	7	0.7	0.21739130434782608
SRR5007352	Phenicol	0	0	0	0.0	0	0.0	0	0.0	0	0.0	0.0
SRR5007352	Quinolone	9	1	1	0.1111111111111111	1	0.1111111111111111	0	0.0	8	0.8888888888888888	0.1956521739130435
SRR5007352	Rifamycin	2	1	0	0.0	0	0.0	0	0.0	2	1.0	0.043478260869565216
SRR5007352	Sulfonamide	0	0	0	0.0	0	0.0	0	0.0	0	0.0	0.0
SRR5007352	Tetracycline	17	1	3	0.17647058823529413	2	0.11764705882352941	1	0.058823529411764705	14	0.8235294117647058	0.3695652173913043
SRR5007352	Trimethoprim	0	0	0	0.0	0	0.0	0	0.0	0	0.0	0.0
