ORF_ID	Contig	Start	Stop	Orientation	Cut_Off	Pass_Bitscore	Best_Hit_Bitscore	Best_Hit_ARO	Best_Identities	ARO	Model_type	SNPs_in_Best_Hit_ARO	Other_SNPs	Drug Class	Resistance Mechanism	AMR Gene Family	Percentage Length of Reference Sequence	ID	Model_ID	Nudged	Note	Hit_Start	Hit_End	Antibiotic	AST_Source
k141_280652_9 # 10009 # 12537 # -1 # ID=315_9;partial=00;start_type=ATG;rbs_motif=None;rbs_spacer=None;gc_cont=0.372	k141_280652	10009	12537	-	Strict	175	183.7	vanT gene in vanG cluster	31.72	3002972	protein homolog model	n/a	n/a	glycopeptide antibiotic	antibiotic target alteration	glycopeptide resistance gene cluster; vanT	118.26	gnl|BL_ORD_ID|1523|hsp_num:0	1561			1029	2118	vancomycin	
k141_140401_2 # 185 # 1309 # -1 # ID=416_2;partial=00;start_type=ATG;rbs_motif=AGxAGG/AGGxGG;rbs_spacer=5-10bp;gc_cont=0.506	k141_140401	185	1309	-	Strict	175	181.8	vanT gene in vanG cluster	37.66	3002972	protein homolog model	n/a	n/a	glycopeptide antibiotic	antibiotic target alteration	glycopeptide resistance gene cluster; vanT	52.53	gnl|BL_ORD_ID|1523|hsp_num:0	1561			1119	2025	vancomycin	
k141_421351_4 # 3012 # 4094 # -1 # ID=1112_4;partial=00;start_type=ATG;rbs_motif=GGAGG;rbs_spacer=5-10bp;gc_cont=0.446	k141_421351	3012	4094	-	Strict	250	261.2	vanG	41.43	3002909	protein homolog model	n/a	n/a	glycopeptide antibiotic	antibiotic target alteration	glycopeptide resistance gene cluster; Van ligase	103.15	gnl|BL_ORD_ID|1070|hsp_num:0	1157			15	1047	vancomycin	
k141_70604_5 # 4728 # 6305 # 1 # ID=1153_5;partial=01;start_type=ATG;rbs_motif=None;rbs_spacer=None;gc_cont=0.603	k141_70604	4728	6305	+	Strict	175	233.0	vanT gene in vanG cluster	33.79	3002972	protein homolog model	n/a	n/a	glycopeptide antibiotic	antibiotic target alteration	glycopeptide resistance gene cluster; vanT	73.88	gnl|BL_ORD_ID|1523|hsp_num:0	1561			1029	2115	vancomycin	
k141_281647_3 # 2492 # 5674 # -1 # ID=2155_3;partial=00;start_type=ATG;rbs_motif=None;rbs_spacer=None;gc_cont=0.580	k141_281647	2492	5674	-	Strict	750	865.5	adeF	44.5	3000777	protein homolog model	n/a	n/a	fluoroquinolone antibiotic; tetracycline antibiotic	antibiotic efflux	resistance-nodulation-cell division (RND) antibiotic efflux pump	100.09	gnl|BL_ORD_ID|133|hsp_num:0	153			6	3156	tetracycline	
k141_491959_1 # 2 # 946 # 1 # ID=2243_1;partial=10;start_type=Edge;rbs_motif=None;rbs_spacer=None;gc_cont=0.551	k141_491959	2	946	+	Strict	50	96.3	vanW gene in vanI cluster	37.11	3003724	protein homolog model	n/a	n/a	glycopeptide antibiotic	antibiotic target alteration	vanW; glycopeptide resistance gene cluster	84.18	gnl|BL_ORD_ID|4747|hsp_num:0	2242			519	987	vancomycin; teicoplanin	
k141_492191_28 # 30940 # 31275 # 1 # ID=2798_28;partial=00;start_type=ATG;rbs_motif=AGGAG;rbs_spacer=5-10bp;gc_cont=0.661	k141_492191	30940	31275	+	Strict	200	214.5	RbpA	90.99	3000245	protein homolog model	n/a	n/a	rifamycin antibiotic	antibiotic target protection	RbpA bacterial RNA polymerase-binding protein	97.37	gnl|BL_ORD_ID|1308|hsp_num:0	1425			0	333	rifampin; rifaximin; rifabutin; rifapentine	
k141_492423_4 # 3009 # 3872 # 1 # ID=3251_4;partial=00;start_type=ATG;rbs_motif=AGGAG;rbs_spacer=5-10bp;gc_cont=0.338	k141_492423	3009	3872	+	Strict	500	517.3	ANT(6)-Ia	83.62	3002626	protein homolog model	n/a	n/a	aminoglycoside antibiotic	antibiotic inactivation	ANT(6)	100.00	gnl|BL_ORD_ID|842|hsp_num:0	914			0	861	streptomycin	
k141_352267_6 # 7667 # 10144 # -1 # ID=3781_6;partial=00;start_type=ATG;rbs_motif=TAA;rbs_spacer=14bp;gc_cont=0.414	k141_352267	7667	10144	-	Strict	175	178.3	vanT gene in vanG cluster	32.11	3002972	protein homolog model	n/a	n/a	glycopeptide antibiotic	antibiotic target alteration	glycopeptide resistance gene cluster; vanT	115.87	gnl|BL_ORD_ID|1523|hsp_num:0	1561			1023	2118	vancomycin	
k141_71671_18 # 16722 # 17054 # -1 # ID=3992_18;partial=00;start_type=ATG;rbs_motif=GGA/GAG/AGG;rbs_spacer=5-10bp;gc_cont=0.483	k141_71671	16722	17054	-	Strict	75	104.4	qacJ	43.27	3007014	protein homolog model	n/a	n/a	disinfecting agents and antiseptics	antibiotic efflux	small multidrug resistance (SMR) antibiotic efflux pump	102.80	gnl|BL_ORD_ID|4661|hsp_num:0	5730			6	318	benzalkonium chloride	
k141_142016_6 # 5432 # 8575 # -1 # ID=4268_6;partial=00;start_type=ATG;rbs_motif=GGA/GAG/AGG;rbs_spacer=5-10bp;gc_cont=0.475	k141_142016	5432	8575	-	Strict	750	778.5	adeF	43.13	3000777	protein homolog model	n/a	n/a	fluoroquinolone antibiotic; tetracycline antibiotic	antibiotic efflux	resistance-nodulation-cell division (RND) antibiotic efflux pump	98.87	gnl|BL_ORD_ID|133|hsp_num:0	153			6	3144	tetracycline	
k141_212448_6 # 5386 # 5871 # 1 # ID=5106_6;partial=00;start_type=ATG;rbs_motif=GGAGG;rbs_spacer=5-10bp;gc_cont=0.370	k141_212448	5386	5871	+	Strict	150	158.7	nimA	53.57	3007104	protein homolog model	n/a	n/a	nitroimidazole antibiotic	antibiotic inactivation	nitroimidazole reductase	91.48	gnl|BL_ORD_ID|4783|hsp_num:0	5777			0	480	metronidazole	
k141_142913_3 # 1857 # 3617 # -1 # ID=6232_3;partial=01;start_type=Edge;rbs_motif=None;rbs_spacer=None;gc_cont=0.388	k141_142913	1857	3617	-	Strict	175	206.8	vanT gene in vanG cluster	37.23	3002972	protein homolog model	n/a	n/a	glycopeptide antibiotic	antibiotic target alteration	glycopeptide resistance gene cluster; vanT	82.30	gnl|BL_ORD_ID|1523|hsp_num:0	1561			1038	1986	vancomycin	
k141_493951_2 # 543 # 872 # 1 # ID=7339_2;partial=00;start_type=ATG;rbs_motif=None;rbs_spacer=None;gc_cont=0.636	k141_493951	543	872	+	Strict	75	94.7	qacG	39.62	3007015	protein homolog model	n/a	n/a	disinfecting agents and antiseptics	antibiotic efflux	small multidrug resistance (SMR) antibiotic efflux pump	101.87	gnl|BL_ORD_ID|4662|hsp_num:0	5731			0	318	benzalkonium chloride	
k141_424605_4 # 1424 # 1759 # 1 # ID=8809_4;partial=00;start_type=ATG;rbs_motif=AGGAG;rbs_spacer=5-10bp;gc_cont=0.670	k141_424605	1424	1759	+	Strict	200	222.2	RbpA	94.59	3000245	protein homolog model	n/a	n/a	rifamycin antibiotic	antibiotic target protection	RbpA bacterial RNA polymerase-binding protein	97.37	gnl|BL_ORD_ID|1308|hsp_num:0	1425			0	333	rifampin; rifaximin; rifabutin; rifapentine	
k141_213984_46 # 48729 # 49835 # -1 # ID=8829_46;partial=00;start_type=ATG;rbs_motif=AATAA;rbs_spacer=3bp;gc_cont=0.474	k141_213984	48729	49835	-	Strict	175	178.3	vanT gene in vanG cluster	32.35	3002972	protein homolog model	n/a	n/a	glycopeptide antibiotic	antibiotic target alteration	glycopeptide resistance gene cluster; vanT	51.69	gnl|BL_ORD_ID|1523|hsp_num:0	1561			1035	2118	vancomycin	
k141_284690_3 # 1221 # 2384 # 1 # ID=9212_3;partial=00;start_type=ATG;rbs_motif=3Base/5BMM;rbs_spacer=13-15bp;gc_cont=0.581	k141_284690	1221	2384	+	Strict	175	188.7	vanT gene in vanG cluster	32.28	3002972	protein homolog model	n/a	n/a	glycopeptide antibiotic	antibiotic target alteration	glycopeptide resistance gene cluster; vanT	54.35	gnl|BL_ORD_ID|1523|hsp_num:0	1561			1023	2130	vancomycin	
k141_285134_9 # 11895 # 14357 # -1 # ID=10459_9;partial=00;start_type=ATG;rbs_motif=None;rbs_spacer=None;gc_cont=0.508	k141_285134	11895	14357	-	Strict	175	191.8	vanT gene in vanG cluster	33.05	3002972	protein homolog model	n/a	n/a	glycopeptide antibiotic	antibiotic target alteration	glycopeptide resistance gene cluster; vanT	115.17	gnl|BL_ORD_ID|1523|hsp_num:0	1561			1038	2052	vancomycin	
k141_495722_20 # 20423 # 22888 # -1 # ID=10940_20;partial=00;start_type=ATG;rbs_motif=AAAAA;rbs_spacer=12bp;gc_cont=0.469	k141_495722	20423	22888	-	Strict	175	217.6	vanT gene in vanG cluster	38.34	3002972	protein homolog model	n/a	n/a	glycopeptide antibiotic	antibiotic target alteration	glycopeptide resistance gene cluster; vanT	115.31	gnl|BL_ORD_ID|1523|hsp_num:0	1561			1023	2118	vancomycin	
k141_495875_2 # 7902 # 8231 # -1 # ID=11362_2;partial=00;start_type=ATG;rbs_motif=AAA;rbs_spacer=5bp;gc_cont=0.439	k141_495875	7902	8231	-	Strict	75	75.5	qacJ	40.62	3007014	protein homolog model	n/a	n/a	disinfecting agents and antiseptics	antibiotic efflux	small multidrug resistance (SMR) antibiotic efflux pump	101.87	gnl|BL_ORD_ID|4661|hsp_num:0	5730			6	294	benzalkonium chloride	
k141_145517_8 # 9825 # 11714 # -1 # ID=12310_8;partial=00;start_type=ATG;rbs_motif=None;rbs_spacer=None;gc_cont=0.368	k141_145517	9825	11714	-	Strict	175	184.9	vanT gene in vanG cluster	32.16	3002972	protein homolog model	n/a	n/a	glycopeptide antibiotic	antibiotic target alteration	glycopeptide resistance gene cluster; vanT	88.34	gnl|BL_ORD_ID|1523|hsp_num:0	1561			1026	2115	vancomycin	
k141_286022_54 # 54572 # 55717 # -1 # ID=12751_54;partial=00;start_type=GTG;rbs_motif=AGGAGG;rbs_spacer=5-10bp;gc_cont=0.425	k141_286022	54572	55717	-	Strict	175	252.7	vanT gene in vanG cluster	37.5	3002972	protein homolog model	n/a	n/a	glycopeptide antibiotic	antibiotic target alteration	glycopeptide resistance gene cluster; vanT	53.51	gnl|BL_ORD_ID|1523|hsp_num:0	1561			1026	2118	vancomycin	
k141_355855_1 # 69 # 869 # -1 # ID=13200_1;partial=00;start_type=ATG;rbs_motif=AGxAG;rbs_spacer=5-10bp;gc_cont=0.343	k141_355855	69	869	-	Strict	500	526.2	ErmF	98.87	3000498	protein homolog model	n/a	n/a	macrolide antibiotic; lincosamide antibiotic; streptogramin antibiotic; streptogramin A antibiotic; streptogramin B antibiotic	antibiotic target alteration	Erm 23S ribosomal RNA methyltransferase	100.00	gnl|BL_ORD_ID|569|hsp_num:0	621			0	798	erythromycin; roxithromycin; lincomycin; telithromycin; clarithromycin; clindamycin; tylosin; spiramycin; azithromycin; dirithromycin; pristinamycin IA; quinupristin; virginiamycin M1; madumycin II; griseoviridin; dalfopristin; pristinamycin IB; virginiamycin S2; pristinamycin IC; vernamycin C; patricin A; patricin B; ostreogrycin B3; oleandomycin	
k141_496700_1 # 2 # 2446 # -1 # ID=13388_1;partial=10;start_type=TTG;rbs_motif=None;rbs_spacer=None;gc_cont=0.416	k141_496700	2	2446	-	Strict	175	179.5	vanT gene in vanG cluster	31.42	3002972	protein homolog model	n/a	n/a	glycopeptide antibiotic	antibiotic target alteration	glycopeptide resistance gene cluster; vanT	114.47	gnl|BL_ORD_ID|1523|hsp_num:0	1561			1038	2118	vancomycin	
k141_426231_1 # 259 # 1122 # -1 # ID=13527_1;partial=00;start_type=ATG;rbs_motif=None;rbs_spacer=None;gc_cont=0.316	k141_426231	259	1122	-	Perfect	500	587.0	aadS	100.0	3004683	protein homolog model	n/a	n/a	aminoglycoside antibiotic	antibiotic inactivation	ANT(6)	100.00	gnl|BL_ORD_ID|2238|hsp_num:0	3382			0	861	streptomycin	
k141_146662_1 # 88 # 573 # 1 # ID=14626_1;partial=00;start_type=ATG;rbs_motif=AGGAG;rbs_spacer=5-10bp;gc_cont=0.599	k141_146662	88	573	+	Strict	150	177.9	nimG	54.04	3007109	protein homolog model	n/a	n/a	nitroimidazole antibiotic	antibiotic inactivation	nitroimidazole reductase	98.17	gnl|BL_ORD_ID|4787|hsp_num:0	5782			0	480	metronidazole	
k141_76920_4 # 3530 # 5107 # 1 # ID=15585_4;partial=01;start_type=ATG;rbs_motif=None;rbs_spacer=None;gc_cont=0.600	k141_76920	3530	5107	+	Strict	175	223.4	vanT gene in vanG cluster	33.24	3002972	protein homolog model	n/a	n/a	glycopeptide antibiotic	antibiotic target alteration	glycopeptide resistance gene cluster; vanT	73.88	gnl|BL_ORD_ID|1523|hsp_num:0	1561			1029	2115	vancomycin	
k141_147152_4 # 5322 # 6464 # 1 # ID=15630_4;partial=00;start_type=GTG;rbs_motif=GGA/GAG/AGG;rbs_spacer=11-12bp;gc_cont=0.555	k141_147152	5322	6464	+	Strict	175	198.0	vanT gene in vanG cluster	34.32	3002972	protein homolog model	n/a	n/a	glycopeptide antibiotic	antibiotic target alteration	glycopeptide resistance gene cluster; vanT	53.37	gnl|BL_ORD_ID|1523|hsp_num:0	1561			1029	2118	vancomycin	
k141_6859_8 # 5152 # 7047 # -1 # ID=16424_8;partial=00;start_type=ATG;rbs_motif=None;rbs_spacer=None;gc_cont=0.564	k141_6859	5152	7047	-	Strict	175	177.6	vanT gene in vanG cluster	30.16	3002972	protein homolog model	n/a	n/a	glycopeptide antibiotic	antibiotic target alteration	glycopeptide resistance gene cluster; vanT	88.62	gnl|BL_ORD_ID|1523|hsp_num:0	1561			1026	2115	vancomycin	
k141_217706_1 # 3 # 854 # 1 # ID=16967_1;partial=10;start_type=Edge;rbs_motif=None;rbs_spacer=None;gc_cont=0.594	k141_217706	3	854	+	Strict	250	344.4	vanG	58.76	3002909	protein homolog model	n/a	n/a	glycopeptide antibiotic	antibiotic target alteration	glycopeptide resistance gene cluster; Van ligase	81.09	gnl|BL_ORD_ID|1070|hsp_num:0	1157			222	1044	vancomycin	
k141_498601_1 # 2 # 1453 # -1 # ID=18701_1;partial=10;start_type=ATG;rbs_motif=AATAA;rbs_spacer=6bp;gc_cont=0.448	k141_498601	2	1453	-	Strict	50	74.7	vanW gene in vanI cluster	30.13	3003724	protein homolog model	n/a	n/a	glycopeptide antibiotic	antibiotic target alteration	vanW; glycopeptide resistance gene cluster	129.76	gnl|BL_ORD_ID|4747|hsp_num:0	2242			465	918	vancomycin; teicoplanin	
k141_148687_4 # 2945 # 3946 # -1 # ID=18719_4;partial=00;start_type=ATG;rbs_motif=GGA/GAG/AGG;rbs_spacer=5-10bp;gc_cont=0.621	k141_148687	2945	3946	-	Strict	50	50.8	vanW gene in vanG cluster	28.07	3002965	protein homolog model	n/a	n/a	glycopeptide antibiotic	antibiotic target alteration	vanW; glycopeptide resistance gene cluster	118.51	gnl|BL_ORD_ID|4742|hsp_num:0	1622			228	567	vancomycin	
k141_498644_5 # 2188 # 2682 # -1 # ID=18813_5;partial=00;start_type=ATG;rbs_motif=GGAGG;rbs_spacer=5-10bp;gc_cont=0.354	k141_498644	2188	2682	-	Strict	300	300.1	lnuD	84.15	3002838	protein homolog model	n/a	n/a	lincosamide antibiotic	antibiotic inactivation	lincosamide nucleotidyltransferase (LNU)	100.00	gnl|BL_ORD_ID|1784|hsp_num:0	1934			0	492	lincomycin; clindamycin	
k141_358584_6 # 3861 # 4613 # 1 # ID=19255_6;partial=01;start_type=ATG;rbs_motif=GGAG/GAGG;rbs_spacer=5-10bp;gc_cont=0.300	k141_358584	3861	4613	+	Strict	300	491.1	tet(44)	99.6	3000556	protein homolog model	n/a	n/a	tetracycline antibiotic	antibiotic target protection	tetracycline-resistant ribosomal protection protein	39.22	gnl|BL_ORD_ID|1198|hsp_num:0	1171			0	753	tetracycline; doxycycline; minocycline; chlortetracycline; demeclocycline; oxytetracycline	
k141_289067_32 # 24637 # 26607 # 1 # ID=19762_32;partial=00;start_type=ATG;rbs_motif=GGA/GAG/AGG;rbs_spacer=5-10bp;gc_cont=0.635	k141_289067	24637	26607	+	Strict	175	233.4	vanT gene in vanG cluster	35.42	3002972	protein homolog model	n/a	n/a	glycopeptide antibiotic	antibiotic target alteration	glycopeptide resistance gene cluster; vanT	92.13	gnl|BL_ORD_ID|1523|hsp_num:0	1561			1029	2115	vancomycin	
k141_499619_1 # 2 # 1069 # -1 # ID=21515_1;partial=11;start_type=Edge;rbs_motif=None;rbs_spacer=None;gc_cont=0.434	k141_499619	2	1069	-	Strict	50	91.3	vanW gene in vanI cluster	33.16	3003724	protein homolog model	n/a	n/a	glycopeptide antibiotic	antibiotic target alteration	vanW; glycopeptide resistance gene cluster	95.44	gnl|BL_ORD_ID|4747|hsp_num:0	2242			471	1002	vancomycin; teicoplanin	
k141_500634_2 # 861 # 2807 # -1 # ID=24298_2;partial=00;start_type=ATG;rbs_motif=AGGA;rbs_spacer=5-10bp;gc_cont=0.475	k141_500634	861	2807	-	Strict	175	234.2	vanT gene in vanG cluster	35.69	3002972	protein homolog model	n/a	n/a	glycopeptide antibiotic	antibiotic target alteration	glycopeptide resistance gene cluster; vanT	91.01	gnl|BL_ORD_ID|1523|hsp_num:0	1561			1029	2115	vancomycin	
k141_10575_8 # 8745 # 11894 # 1 # ID=24466_8;partial=00;start_type=ATG;rbs_motif=AGxAGG/AGGxGG;rbs_spacer=5-10bp;gc_cont=0.570	k141_10575	8745	11894	+	Strict	750	802.4	adeF	42.82	3000777	protein homolog model	n/a	n/a	fluoroquinolone antibiotic; tetracycline antibiotic	antibiotic efflux	resistance-nodulation-cell division (RND) antibiotic efflux pump	99.06	gnl|BL_ORD_ID|133|hsp_num:0	153			6	3102	tetracycline	
k141_291542_2 # 776 # 1795 # 1 # ID=25448_2;partial=00;start_type=ATG;rbs_motif=AGGA;rbs_spacer=5-10bp;gc_cont=0.640	k141_291542	776	1795	+	Strict	50	68.6	vanW gene in vanI cluster	28.02	3003724	protein homolog model	n/a	n/a	glycopeptide antibiotic	antibiotic target alteration	vanW; glycopeptide resistance gene cluster	90.88	gnl|BL_ORD_ID|4747|hsp_num:0	2242			459	978	vancomycin; teicoplanin	
k141_501490_2 # 1200 # 2084 # -1 # ID=26089_2;partial=00;start_type=ATG;rbs_motif=AGGAG;rbs_spacer=5-10bp;gc_cont=0.447	k141_501490	1200	2084	-	Strict	50	100.9	vanY gene in vanG cluster	35.94	3002959	protein homolog model	n/a	n/a	glycopeptide antibiotic	antibiotic target alteration	vanY; glycopeptide resistance gene cluster	105.38	gnl|BL_ORD_ID|4731|hsp_num:0	298			306	819	vancomycin	
k141_222394_1 # 88 # 573 # 1 # ID=27506_1;partial=00;start_type=ATG;rbs_motif=AGGAG;rbs_spacer=5-10bp;gc_cont=0.582	k141_222394	88	573	+	Strict	150	177.9	nimG	54.32	3007109	protein homolog model	n/a	n/a	nitroimidazole antibiotic	antibiotic inactivation	nitroimidazole reductase	98.17	gnl|BL_ORD_ID|4787|hsp_num:0	5782			0	480	metronidazole	
k141_502245_3 # 455 # 2425 # -1 # ID=27691_3;partial=00;start_type=ATG;rbs_motif=GGAG/GAGG;rbs_spacer=5-10bp;gc_cont=0.403	k141_502245	455	2425	-	Strict	300	664.1	tet(O)	51.87	3000190	protein homolog model	n/a	n/a	tetracycline antibiotic	antibiotic target protection	tetracycline-resistant ribosomal protection protein	102.66	gnl|BL_ORD_ID|1954|hsp_num:0	2020			0	1911	tetracycline; doxycycline; minocycline; chlortetracycline; demeclocycline; oxytetracycline	
k141_11912_49 # 51458 # 52564 # -1 # ID=27713_49;partial=00;start_type=ATG;rbs_motif=None;rbs_spacer=None;gc_cont=0.502	k141_11912	51458	52564	-	Strict	175	192.2	vanT gene in vanG cluster	35.09	3002972	protein homolog model	n/a	n/a	glycopeptide antibiotic	antibiotic target alteration	glycopeptide resistance gene cluster; vanT	51.69	gnl|BL_ORD_ID|1523|hsp_num:0	1561			1020	2118	vancomycin	
k141_502496_3 # 2369 # 4327 # 1 # ID=28274_3;partial=00;start_type=ATG;rbs_motif=AGGA;rbs_spacer=5-10bp;gc_cont=0.594	k141_502496	2369	4327	+	Strict	175	226.1	vanT gene in vanG cluster	34.33	3002972	protein homolog model	n/a	n/a	glycopeptide antibiotic	antibiotic target alteration	glycopeptide resistance gene cluster; vanT	91.57	gnl|BL_ORD_ID|1523|hsp_num:0	1561			1029	2115	vancomycin	
k141_292802_4 # 1509 # 2618 # 1 # ID=28405_4;partial=00;start_type=GTG;rbs_motif=3Base/5BMM;rbs_spacer=13-15bp;gc_cont=0.565	k141_292802	1509	2618	+	Strict	175	215.7	vanT gene in vanG cluster	34.79	3002972	protein homolog model	n/a	n/a	glycopeptide antibiotic	antibiotic target alteration	glycopeptide resistance gene cluster; vanT	51.83	gnl|BL_ORD_ID|1523|hsp_num:0	1561			1035	2118	vancomycin	
k141_222947_2 # 710 # 1126 # -1 # ID=28662_2;partial=00;start_type=ATG;rbs_motif=None;rbs_spacer=None;gc_cont=0.664	k141_222947	710	1126	-	Strict	100	206.1	FosI	72.52	3007370	protein homolog model	n/a	n/a	phosphonic acid antibiotic	antibiotic inactivation	fosfomycin thiol transferase	102.99	gnl|BL_ORD_ID|4906|hsp_num:0	5898			6	399	fosfomycin	
k141_502643_12 # 9702 # 10844 # -1 # ID=28731_12;partial=00;start_type=ATG;rbs_motif=GGxGG;rbs_spacer=5-10bp;gc_cont=0.510	k141_502643	9702	10844	-	Strict	175	188.7	vanT gene in vanG cluster	31.97	3002972	protein homolog model	n/a	n/a	glycopeptide antibiotic	antibiotic target alteration	glycopeptide resistance gene cluster; vanT	53.37	gnl|BL_ORD_ID|1523|hsp_num:0	1561			1038	2118	vancomycin	
k141_153252_4 # 3307 # 4689 # -1 # ID=28973_4;partial=01;start_type=Edge;rbs_motif=None;rbs_spacer=None;gc_cont=0.408	k141_153252	3307	4689	-	Strict	50	98.2	vanY gene in vanM cluster	32.11	3002961	protein homolog model	n/a	n/a	glycopeptide antibiotic	antibiotic target alteration	vanY; glycopeptide resistance gene cluster	197.42	gnl|BL_ORD_ID|1674|hsp_num:0	1713			21	531	vancomycin; teicoplanin	
k141_153289_11 # 10120 # 13293 # 1 # ID=29035_11;partial=00;start_type=ATG;rbs_motif=None;rbs_spacer=None;gc_cont=0.596	k141_153289	10120	13293	+	Strict	750	885.2	adeF	46.62	3000777	protein homolog model	n/a	n/a	fluoroquinolone antibiotic; tetracycline antibiotic	antibiotic efflux	resistance-nodulation-cell division (RND) antibiotic efflux pump	99.81	gnl|BL_ORD_ID|133|hsp_num:0	153			6	3144	tetracycline	
k141_223757_1 # 93 # 1625 # -1 # ID=30261_1;partial=01;start_type=Edge;rbs_motif=None;rbs_spacer=None;gc_cont=0.571	k141_223757	93	1625	-	Strict	50	83.6	vanW gene in vanI cluster	26.64	3003724	protein homolog model	n/a	n/a	glycopeptide antibiotic	antibiotic target alteration	vanW; glycopeptide resistance gene cluster	136.73	gnl|BL_ORD_ID|4747|hsp_num:0	2242			462	1056	vancomycin; teicoplanin	
k141_293569_45 # 42992 # 44101 # 1 # ID=30589_45;partial=00;start_type=TTG;rbs_motif=AGxAGG/AGGxGG;rbs_spacer=5-10bp;gc_cont=0.605	k141_293569	42992	44101	+	Strict	250	251.9	vanG	40.75	3002909	protein homolog model	n/a	n/a	glycopeptide antibiotic	antibiotic target alteration	glycopeptide resistance gene cluster; Van ligase	105.73	gnl|BL_ORD_ID|1070|hsp_num:0	1157			15	1038	vancomycin	
k141_293720_2 # 271 # 1755 # 1 # ID=31232_2;partial=01;start_type=ATG;rbs_motif=TAA;rbs_spacer=3bp;gc_cont=0.385	k141_293720	271	1755	+	Strict	50	94.0	vanW gene in vanI cluster	31.28	3003724	protein homolog model	n/a	n/a	glycopeptide antibiotic	antibiotic target alteration	vanW; glycopeptide resistance gene cluster	132.71	gnl|BL_ORD_ID|4747|hsp_num:0	2242			390	1002	vancomycin; teicoplanin	
k141_434171_12 # 14776 # 15900 # -1 # ID=31416_12;partial=00;start_type=ATG;rbs_motif=AGxAGG/AGGxGG;rbs_spacer=5-10bp;gc_cont=0.501	k141_434171	14776	15900	-	Strict	175	177.2	vanT gene in vanG cluster	36.48	3002972	protein homolog model	n/a	n/a	glycopeptide antibiotic	antibiotic target alteration	glycopeptide resistance gene cluster; vanT	52.53	gnl|BL_ORD_ID|1523|hsp_num:0	1561			1119	2025	vancomycin	
k141_84231_7 # 7813 # 8550 # -1 # ID=32778_7;partial=00;start_type=ATG;rbs_motif=None;rbs_spacer=None;gc_cont=0.259	k141_84231	7813	8550	-	Strict	50	51.2	vanY gene in vanB cluster	27.14	3002956	protein homolog model	n/a	n/a	glycopeptide antibiotic	antibiotic target alteration	vanY; glycopeptide resistance gene cluster	91.42	gnl|BL_ORD_ID|603|hsp_num:0	556			360	768	vancomycin	
k141_14352_4 # 1829 # 2935 # -1 # ID=32980_4;partial=00;start_type=ATG;rbs_motif=TAA;rbs_spacer=6bp;gc_cont=0.438	k141_14352	1829	2935	-	Strict	175	192.2	vanT gene in vanG cluster	35.58	3002972	protein homolog model	n/a	n/a	glycopeptide antibiotic	antibiotic target alteration	glycopeptide resistance gene cluster; vanT	51.69	gnl|BL_ORD_ID|1523|hsp_num:0	1561			1035	2118	vancomycin	
k141_14503_7 # 9150 # 10289 # 1 # ID=33310_7;partial=00;start_type=ATG;rbs_motif=AAAA;rbs_spacer=13bp;gc_cont=0.545	k141_14503	9150	10289	+	Strict	175	207.6	vanT gene in vanG cluster	34.34	3002972	protein homolog model	n/a	n/a	glycopeptide antibiotic	antibiotic target alteration	glycopeptide resistance gene cluster; vanT	53.23	gnl|BL_ORD_ID|1523|hsp_num:0	1561			1044	2121	vancomycin	
k141_225315_1 # 3 # 1574 # 1 # ID=33572_1;partial=11;start_type=Edge;rbs_motif=None;rbs_spacer=None;gc_cont=0.392	k141_225315	3	1574	+	Strict	175	188.3	vanT gene in vanG cluster	35.33	3002972	protein homolog model	n/a	n/a	glycopeptide antibiotic	antibiotic target alteration	glycopeptide resistance gene cluster; vanT	73.60	gnl|BL_ORD_ID|1523|hsp_num:0	1561			1038	1959	vancomycin	
k141_84744_2 # 924 # 1421 # 1 # ID=34103_2;partial=00;start_type=ATG;rbs_motif=None;rbs_spacer=None;gc_cont=0.701	k141_84744	924	1421	+	Strict	50	52.8	vanY gene in vanB cluster	33.88	3002956	protein homolog model	n/a	n/a	glycopeptide antibiotic	antibiotic target alteration	vanY; glycopeptide resistance gene cluster	61.57	gnl|BL_ORD_ID|603|hsp_num:0	556			372	726	vancomycin	
k141_84782_3 # 2117 # 2599 # 1 # ID=34180_3;partial=00;start_type=ATG;rbs_motif=3Base/5BMM;rbs_spacer=13-15bp;gc_cont=0.708	k141_84782	2117	2599	+	Strict	50	61.6	vanY gene in vanB cluster	33.83	3002956	protein homolog model	n/a	n/a	glycopeptide antibiotic	antibiotic target alteration	vanY; glycopeptide resistance gene cluster	59.70	gnl|BL_ORD_ID|603|hsp_num:0	556			348	747	vancomycin	
k141_505601_1 # 2 # 460 # 1 # ID=34508_1;partial=10;start_type=Edge;rbs_motif=None;rbs_spacer=None;gc_cont=0.597	k141_505601	2	460	+	Strict	50	82.8	vanY gene in vanF cluster	38.28	3002958	protein homolog model	n/a	n/a	glycopeptide antibiotic	antibiotic target alteration	vanY; glycopeptide resistance gene cluster	51.88	gnl|BL_ORD_ID|1809|hsp_num:0	1899			309	654	vancomycin	
k141_84937_3 # 3522 # 4583 # 1 # ID=34549_3;partial=00;start_type=ATG;rbs_motif=AGGAG;rbs_spacer=5-10bp;gc_cont=0.372	k141_84937	3522	4583	+	Strict	250	334.7	vanG	46.61	3002909	protein homolog model	n/a	n/a	glycopeptide antibiotic	antibiotic target alteration	glycopeptide resistance gene cluster; Van ligase	101.15	gnl|BL_ORD_ID|1070|hsp_num:0	1157			0	1047	vancomycin	
k141_435442_9 # 9489 # 10640 # -1 # ID=34967_9;partial=00;start_type=ATG;rbs_motif=GGA/GAG/AGG;rbs_spacer=5-10bp;gc_cont=0.525	k141_435442	9489	10640	-	Strict	175	186.0	vanT gene in vanG cluster	33.69	3002972	protein homolog model	n/a	n/a	glycopeptide antibiotic	antibiotic target alteration	glycopeptide resistance gene cluster; vanT	53.79	gnl|BL_ORD_ID|1523|hsp_num:0	1561			1023	2118	vancomycin	
k141_15076_58 # 55098 # 56489 # 1 # ID=35452_58;partial=00;start_type=ATG;rbs_motif=GGAG/GAGG;rbs_spacer=5-10bp;gc_cont=0.281	k141_15076	55098	56489	+	Strict	50	93.6	vanY gene in vanG cluster	35.33	3002959	protein homolog model	n/a	n/a	glycopeptide antibiotic	antibiotic target alteration	vanY; glycopeptide resistance gene cluster	165.95	gnl|BL_ORD_ID|4731|hsp_num:0	298			303	813	vancomycin	
k141_365735_2 # 215 # 1168 # 1 # ID=35712_2;partial=00;start_type=ATG;rbs_motif=GGA/GAG/AGG;rbs_spacer=5-10bp;gc_cont=0.247	k141_365735	215	1168	+	Strict	50	94.0	vanY gene in vanG cluster	33.16	3002959	protein homolog model	n/a	n/a	glycopeptide antibiotic	antibiotic target alteration	vanY; glycopeptide resistance gene cluster	113.62	gnl|BL_ORD_ID|4731|hsp_num:0	298			306	825	vancomycin	
k141_365824_7 # 6548 # 7939 # -1 # ID=35936_7;partial=00;start_type=ATG;rbs_motif=GGA/GAG/AGG;rbs_spacer=5-10bp;gc_cont=0.292	k141_365824	6548	7939	-	Strict	50	90.5	vanY gene in vanM cluster	32.12	3002961	protein homolog model	n/a	n/a	glycopeptide antibiotic	antibiotic target alteration	vanY; glycopeptide resistance gene cluster	198.71	gnl|BL_ORD_ID|1674|hsp_num:0	1713			21	531	vancomycin; teicoplanin	
k141_85614_1 # 102 # 1322 # 1 # ID=36091_1;partial=00;start_type=ATG;rbs_motif=GGA/GAG/AGG;rbs_spacer=5-10bp;gc_cont=0.505	k141_85614	102	1322	+	Strict	650	775.0	EreA	98.03	3000361	protein homolog model	n/a	n/a	macrolide antibiotic	antibiotic inactivation	macrolide esterase	100.00	gnl|BL_ORD_ID|918|hsp_num:0	991			0	1218	erythromycin; roxithromycin; clarithromycin	
k141_156504_14 # 11553 # 13382 # 1 # ID=36280_14;partial=00;start_type=ATG;rbs_motif=None;rbs_spacer=None;gc_cont=0.596	k141_156504	11553	13382	+	Strict	50	88.2	vanW gene in vanI cluster	28.97	3003724	protein homolog model	n/a	n/a	glycopeptide antibiotic	antibiotic target alteration	vanW; glycopeptide resistance gene cluster	163.27	gnl|BL_ORD_ID|4747|hsp_num:0	2242			462	1056	vancomycin; teicoplanin	
k141_436250_20 # 19088 # 20218 # 1 # ID=36723_20;partial=00;start_type=TTG;rbs_motif=GGxGG;rbs_spacer=5-10bp;gc_cont=0.429	k141_436250	19088	20218	+	Strict	175	232.6	vanT gene in vanG cluster	37.36	3002972	protein homolog model	n/a	n/a	glycopeptide antibiotic	antibiotic target alteration	glycopeptide resistance gene cluster; vanT	52.81	gnl|BL_ORD_ID|1523|hsp_num:0	1561			1050	2118	vancomycin	
k141_15905_1 # 1 # 1323 # 1 # ID=37863_1;partial=10;start_type=Edge;rbs_motif=None;rbs_spacer=None;gc_cont=0.626	k141_15905	1	1323	+	Strict	50	115.2	vanW gene in vanI cluster	35.48	3003724	protein homolog model	n/a	n/a	glycopeptide antibiotic	antibiotic target alteration	vanW; glycopeptide resistance gene cluster	117.96	gnl|BL_ORD_ID|4747|hsp_num:0	2242			459	1092	vancomycin; teicoplanin	
k141_366648_4 # 2722 # 4452 # -1 # ID=37988_4;partial=00;start_type=ATG;rbs_motif=None;rbs_spacer=None;gc_cont=0.274	k141_366648	2722	4452	-	Strict	50	119.0	vanW gene in vanI cluster	30.83	3003724	protein homolog model	n/a	n/a	glycopeptide antibiotic	antibiotic target alteration	vanW; glycopeptide resistance gene cluster	154.42	gnl|BL_ORD_ID|4747|hsp_num:0	2242			363	1104	vancomycin; teicoplanin	
k141_86711_2 # 697 # 1827 # -1 # ID=38888_2;partial=00;start_type=ATG;rbs_motif=GGAGG;rbs_spacer=5-10bp;gc_cont=0.388	k141_86711	697	1827	-	Strict	175	220.7	vanT gene in vanG cluster	35.44	3002972	protein homolog model	n/a	n/a	glycopeptide antibiotic	antibiotic target alteration	glycopeptide resistance gene cluster; vanT	52.81	gnl|BL_ORD_ID|1523|hsp_num:0	1561			1032	2106	vancomycin	
k141_507492_2 # 427 # 1341 # -1 # ID=38928_2;partial=00;start_type=ATG;rbs_motif=None;rbs_spacer=None;gc_cont=0.569	k141_507492	427	1341	-	Strict	50	56.2	vanY gene in vanM cluster	31.71	3002961	protein homolog model	n/a	n/a	glycopeptide antibiotic	antibiotic target alteration	vanY; glycopeptide resistance gene cluster	130.47	gnl|BL_ORD_ID|1674|hsp_num:0	1713			54	474	vancomycin; teicoplanin	
k141_297286_39 # 54551 # 55558 # -1 # ID=39126_39;partial=00;start_type=ATG;rbs_motif=GGA/GAG/AGG;rbs_spacer=5-10bp;gc_cont=0.669	k141_297286	54551	55558	-	Strict	200	204.1	vanH gene in vanD cluster	37.46	3002944	protein homolog model	n/a	n/a	glycopeptide antibiotic	antibiotic target alteration	vanH; glycopeptide resistance gene cluster	103.72	gnl|BL_ORD_ID|1349|hsp_num:0	1333			12	936	vancomycin; teicoplanin	
k141_297286_41 # 57208 # 60372 # -1 # ID=39126_41;partial=00;start_type=ATG;rbs_motif=AGGAG;rbs_spacer=5-10bp;gc_cont=0.658	k141_297286	57208	60372	-	Strict	750	833.2	adeF	45.58	3000777	protein homolog model	n/a	n/a	fluoroquinolone antibiotic; tetracycline antibiotic	antibiotic efflux	resistance-nodulation-cell division (RND) antibiotic efflux pump	99.53	gnl|BL_ORD_ID|133|hsp_num:0	153			6	3120	tetracycline	
k141_87154_11 # 14986 # 17448 # 1 # ID=39968_11;partial=00;start_type=ATG;rbs_motif=None;rbs_spacer=None;gc_cont=0.405	k141_87154	14986	17448	+	Strict	175	200.3	vanT gene in vanG cluster	35.49	3002972	protein homolog model	n/a	n/a	glycopeptide antibiotic	antibiotic target alteration	glycopeptide resistance gene cluster; vanT	115.17	gnl|BL_ORD_ID|1523|hsp_num:0	1561			1038	1986	vancomycin	
k141_228432_9 # 9868 # 11001 # -1 # ID=40403_9;partial=00;start_type=TTG;rbs_motif=AGGAG;rbs_spacer=5-10bp;gc_cont=0.571	k141_228432	9868	11001	-	Strict	175	228.0	vanT gene in vanG cluster	34.95	3002972	protein homolog model	n/a	n/a	glycopeptide antibiotic	antibiotic target alteration	glycopeptide resistance gene cluster; vanT	52.95	gnl|BL_ORD_ID|1523|hsp_num:0	1561			1020	2118	vancomycin	
k141_228924_1 # 116 # 772 # 1 # ID=41634_1;partial=00;start_type=ATG;rbs_motif=None;rbs_spacer=None;gc_cont=0.473	k141_228924	116	772	+	Strict	50	103.2	vanY gene in vanF cluster	35.36	3002958	protein homolog model	n/a	n/a	glycopeptide antibiotic	antibiotic target alteration	vanY; glycopeptide resistance gene cluster	74.40	gnl|BL_ORD_ID|1809|hsp_num:0	1899			186	705	vancomycin	
k141_229532_1 # 1 # 1458 # 1 # ID=43563_1;partial=10;start_type=Edge;rbs_motif=None;rbs_spacer=None;gc_cont=0.410	k141_229532	1	1458	+	Strict	175	199.1	vanT gene in vanG cluster	36.22	3002972	protein homolog model	n/a	n/a	glycopeptide antibiotic	antibiotic target alteration	glycopeptide resistance gene cluster; vanT	68.12	gnl|BL_ORD_ID|1523|hsp_num:0	1561			1038	2118	vancomycin	
k141_89033_27 # 28338 # 30248 # 1 # ID=44319_27;partial=00;start_type=ATG;rbs_motif=None;rbs_spacer=None;gc_cont=0.437	k141_89033	28338	30248	+	Strict	50	110.5	vanW gene in vanI cluster	32.92	3003724	protein homolog model	n/a	n/a	glycopeptide antibiotic	antibiotic target alteration	vanW; glycopeptide resistance gene cluster	170.51	gnl|BL_ORD_ID|4747|hsp_num:0	2242			396	1104	vancomycin; teicoplanin	
k141_89646_2 # 608 # 1492 # -1 # ID=45669_2;partial=00;start_type=ATG;rbs_motif=TAA;rbs_spacer=12bp;gc_cont=0.365	k141_89646	608	1492	-	Perfect	500	587.8	mphE	100.0	3003741	protein homolog model	n/a	n/a	macrolide antibiotic	antibiotic inactivation	macrolide phosphotransferase (MPH)	100.00	gnl|BL_ORD_ID|2688|hsp_num:0	2614			0	882	erythromycin	
k141_89646_3 # 1548 # 3023 # -1 # ID=45669_3;partial=00;start_type=ATG;rbs_motif=TAAA;rbs_spacer=5bp;gc_cont=0.399	k141_89646	1548	3023	-	Perfect	950	941.4	msrE	100.0	3003109	protein homolog model	n/a	n/a	macrolide antibiotic; streptogramin antibiotic	antibiotic target protection	msr-type ABC-F protein	100.00	gnl|BL_ORD_ID|28|hsp_num:0	33			0	1473	erythromycin	
k141_89877_24 # 22178 # 23299 # -1 # ID=46356_24;partial=00;start_type=ATG;rbs_motif=None;rbs_spacer=None;gc_cont=0.468	k141_89877	22178	23299	-	Strict	175	217.2	vanT gene in vanG cluster	34.52	3002972	protein homolog model	n/a	n/a	glycopeptide antibiotic	antibiotic target alteration	glycopeptide resistance gene cluster; vanT	52.39	gnl|BL_ORD_ID|1523|hsp_num:0	1561			1029	2106	vancomycin	
k141_300314_16 # 19241 # 21196 # 1 # ID=46476_16;partial=00;start_type=ATG;rbs_motif=None;rbs_spacer=None;gc_cont=0.346	k141_300314	19241	21196	+	Strict	50	94.4	vanW gene in vanI cluster	31.55	3003724	protein homolog model	n/a	n/a	glycopeptide antibiotic	antibiotic target alteration	vanW; glycopeptide resistance gene cluster	174.53	gnl|BL_ORD_ID|4747|hsp_num:0	2242			600	1101	vancomycin; teicoplanin	
k141_20186_1 # 1 # 1992 # 1 # ID=47100_1;partial=10;start_type=Edge;rbs_motif=None;rbs_spacer=None;gc_cont=0.453	k141_20186	1	1992	+	Strict	175	201.4	vanT gene in vanG cluster	35.39	3002972	protein homolog model	n/a	n/a	glycopeptide antibiotic	antibiotic target alteration	glycopeptide resistance gene cluster; vanT	93.12	gnl|BL_ORD_ID|1523|hsp_num:0	1561			1035	2127	vancomycin	
k141_161767_3 # 2527 # 3261 # -1 # ID=47958_3;partial=00;start_type=ATG;rbs_motif=None;rbs_spacer=None;gc_cont=0.279	k141_161767	2527	3261	-	Strict	50	75.5	vanY gene in vanB cluster	29.78	3002956	protein homolog model	n/a	n/a	glycopeptide antibiotic	antibiotic target alteration	vanY; glycopeptide resistance gene cluster	91.04	gnl|BL_ORD_ID|603|hsp_num:0	556			315	804	vancomycin	
k141_161900_4 # 1884 # 3041 # 1 # ID=48292_4;partial=00;start_type=ATG;rbs_motif=AGGA;rbs_spacer=5-10bp;gc_cont=0.481	k141_161900	1884	3041	+	Strict	175	200.3	vanT gene in vanG cluster	34.22	3002972	protein homolog model	n/a	n/a	glycopeptide antibiotic	antibiotic target alteration	glycopeptide resistance gene cluster; vanT	54.07	gnl|BL_ORD_ID|1523|hsp_num:0	1561			1029	2127	vancomycin	
k141_442492_27 # 30274 # 31044 # -1 # ID=50928_27;partial=00;start_type=ATG;rbs_motif=None;rbs_spacer=None;gc_cont=0.377	k141_442492	30274	31044	-	Strict	125	208.8	vanXY gene in vanG cluster	41.3	3003069	protein homolog model	n/a	n/a	glycopeptide antibiotic	antibiotic target alteration	glycopeptide resistance gene cluster; vanXY	100.79	gnl|BL_ORD_ID|305|hsp_num:0	253			3	741	vancomycin	
k141_442492_28 # 31041 # 32090 # -1 # ID=50928_28;partial=00;start_type=ATG;rbs_motif=GGA/GAG/AGG;rbs_spacer=5-10bp;gc_cont=0.396	k141_442492	31041	32090	-	Strict	250	352.8	vanG	48.71	3002909	protein homolog model	n/a	n/a	glycopeptide antibiotic	antibiotic target alteration	glycopeptide resistance gene cluster; Van ligase	100.00	gnl|BL_ORD_ID|1070|hsp_num:0	1157			0	1047	vancomycin	
k141_442492_29 # 32038 # 32355 # -1 # ID=50928_29;partial=01;start_type=Edge;rbs_motif=None;rbs_spacer=None;gc_cont=0.330	k141_442492	32038	32355	-	Strict	50	60.1	vanW gene in vanB cluster	36.14	3002964	protein homolog model	n/a	n/a	glycopeptide antibiotic	antibiotic target alteration	vanW; glycopeptide resistance gene cluster	38.18	gnl|BL_ORD_ID|4679|hsp_num:0	1036			567	816	vancomycin	
k141_163403_2 # 588 # 1445 # 1 # ID=51259_2;partial=00;start_type=ATG;rbs_motif=None;rbs_spacer=None;gc_cont=0.277	k141_163403	588	1445	+	Perfect	500	591.7	ANT(6)-Ib	100.0	3002629	protein homolog model	n/a	n/a	aminoglycoside antibiotic	antibiotic inactivation	ANT(6)	100.00	gnl|BL_ORD_ID|1019|hsp_num:0	1113			0	855	streptomycin	
k141_372819_4 # 1669 # 2802 # 1 # ID=52607_4;partial=00;start_type=ATG;rbs_motif=AGGA;rbs_spacer=5-10bp;gc_cont=0.631	k141_372819	1669	2802	+	Strict	50	102.8	vanY gene in vanF cluster	29.51	3002958	protein homolog model	n/a	n/a	glycopeptide antibiotic	antibiotic target alteration	vanY; glycopeptide resistance gene cluster	128.67	gnl|BL_ORD_ID|1809|hsp_num:0	1899			114	867	vancomycin	
k141_23339_3 # 371 # 1189 # 1 # ID=53803_3;partial=00;start_type=TTG;rbs_motif=GGA/GAG/AGG;rbs_spacer=5-10bp;gc_cont=0.311	k141_23339	371	1189	+	Strict	50	140.6	vanW gene in vanG cluster	33.64	3002965	protein homolog model	n/a	n/a	glycopeptide antibiotic	antibiotic target alteration	vanW; glycopeptide resistance gene cluster	96.80	gnl|BL_ORD_ID|4742|hsp_num:0	1622			123	744	vancomycin	
k141_304333_4 # 2109 # 2435 # -1 # ID=54949_4;partial=00;start_type=ATG;rbs_motif=None;rbs_spacer=None;gc_cont=0.596	k141_304333	2109	2435	-	Strict	75	90.1	qacJ	39.62	3007014	protein homolog model	n/a	n/a	disinfecting agents and antiseptics	antibiotic efflux	small multidrug resistance (SMR) antibiotic efflux pump	100.93	gnl|BL_ORD_ID|4661|hsp_num:0	5730			0	318	benzalkonium chloride	
k141_165963_45 # 44037 # 44885 # -1 # ID=56298_45;partial=00;start_type=ATG;rbs_motif=None;rbs_spacer=None;gc_cont=0.406	k141_165963	44037	44885	-	Strict	50	72.0	vanY gene in vanM cluster	32.37	3002961	protein homolog model	n/a	n/a	glycopeptide antibiotic	antibiotic target alteration	vanY; glycopeptide resistance gene cluster	121.03	gnl|BL_ORD_ID|1674|hsp_num:0	1713			126	513	vancomycin; teicoplanin	
k141_305113_1 # 3 # 1193 # -1 # ID=56576_1;partial=10;start_type=ATG;rbs_motif=GGAG/GAGG;rbs_spacer=5-10bp;gc_cont=0.338	k141_305113	3	1193	-	Strict	50	91.3	vanY gene in vanG cluster	36.63	3002959	protein homolog model	n/a	n/a	glycopeptide antibiotic	antibiotic target alteration	vanY; glycopeptide resistance gene cluster	142.29	gnl|BL_ORD_ID|4731|hsp_num:0	298			303	774	vancomycin	
k141_515161_1 # 1 # 1038 # 1 # ID=56646_1;partial=10;start_type=Edge;rbs_motif=None;rbs_spacer=None;gc_cont=0.387	k141_515161	1	1038	+	Strict	50	112.8	vanW gene in vanI cluster	32.92	3003724	protein homolog model	n/a	n/a	glycopeptide antibiotic	antibiotic target alteration	vanW; glycopeptide resistance gene cluster	92.49	gnl|BL_ORD_ID|4747|hsp_num:0	2242			423	1083	vancomycin; teicoplanin	
k141_305889_4 # 1299 # 3218 # 1 # ID=58090_4;partial=00;start_type=ATG;rbs_motif=AGGAGG;rbs_spacer=5-10bp;gc_cont=0.404	k141_305889	1299	3218	+	Strict	300	1268.8	tet(O)	99.22	3000190	protein homolog model	n/a	n/a	tetracycline antibiotic	antibiotic target protection	tetracycline-resistant ribosomal protection protein	100.00	gnl|BL_ORD_ID|1954|hsp_num:0	2020			0	1917	tetracycline; doxycycline; minocycline; chlortetracycline; demeclocycline; oxytetracycline	
k141_306252_2 # 2489 # 3586 # 1 # ID=58935_2;partial=01;start_type=ATG;rbs_motif=None;rbs_spacer=None;gc_cont=0.546	k141_306252	2489	3586	+	Strict	175	196.1	vanT gene in vanG cluster	33.42	3002972	protein homolog model	n/a	n/a	glycopeptide antibiotic	antibiotic target alteration	glycopeptide resistance gene cluster; vanT	51.40	gnl|BL_ORD_ID|1523|hsp_num:0	1561			1026	2115	vancomycin	
k141_167698_3 # 872 # 1093 # 1 # ID=60384_3;partial=01;start_type=ATG;rbs_motif=GGA/GAG/AGG;rbs_spacer=11-12bp;gc_cont=0.667	k141_167698	872	1093	+	Strict	75	79.7	qacG	48.61	3007015	protein homolog model	n/a	n/a	disinfecting agents and antiseptics	antibiotic efflux	small multidrug resistance (SMR) antibiotic efflux pump	69.16	gnl|BL_ORD_ID|4662|hsp_num:0	5731			3	219	benzalkonium chloride	
k141_306871_1 # 161 # 1336 # -1 # ID=60600_1;partial=00;start_type=ATG;rbs_motif=AAA;rbs_spacer=12bp;gc_cont=0.534	k141_306871	161	1336	-	Strict	175	194.9	vanT gene in vanG cluster	32.61	3002972	protein homolog model	n/a	n/a	glycopeptide antibiotic	antibiotic target alteration	glycopeptide resistance gene cluster; vanT	54.92	gnl|BL_ORD_ID|1523|hsp_num:0	1561			1044	2118	vancomycin	
k141_446656_6 # 5894 # 6742 # -1 # ID=60757_6;partial=00;start_type=ATG;rbs_motif=AGGAG;rbs_spacer=5-10bp;gc_cont=0.386	k141_446656	5894	6742	-	Strict	50	116.7	vanY gene in vanG cluster	40.1	3002959	protein homolog model	n/a	n/a	glycopeptide antibiotic	antibiotic target alteration	vanY; glycopeptide resistance gene cluster	101.08	gnl|BL_ORD_ID|4731|hsp_num:0	298			306	819	vancomycin	
k141_237949_42 # 41052 # 43496 # -1 # ID=60787_42;partial=00;start_type=TTG;rbs_motif=TAA;rbs_spacer=12bp;gc_cont=0.344	k141_237949	41052	43496	-	Strict	175	213.4	vanT gene in vanG cluster	35.83	3002972	protein homolog model	n/a	n/a	glycopeptide antibiotic	antibiotic target alteration	glycopeptide resistance gene cluster; vanT	114.33	gnl|BL_ORD_ID|1523|hsp_num:0	1561			1023	2127	vancomycin	
k141_96143_2 # 1548 # 2660 # 1 # ID=61567_2;partial=00;start_type=ATG;rbs_motif=4Base/6BMM;rbs_spacer=13-15bp;gc_cont=0.620	k141_96143	1548	2660	+	Strict	175	213.4	vanT gene in vanG cluster	35.25	3002972	protein homolog model	n/a	n/a	glycopeptide antibiotic	antibiotic target alteration	glycopeptide resistance gene cluster; vanT	51.97	gnl|BL_ORD_ID|1523|hsp_num:0	1561			1035	2118	vancomycin	
k141_447389_1 # 24 # 1133 # 1 # ID=62397_1;partial=00;start_type=GTG;rbs_motif=AGGA/GGAG/GAGG;rbs_spacer=11-12bp;gc_cont=0.521	k141_447389	24	1133	+	Strict	175	217.2	vanT gene in vanG cluster	35.07	3002972	protein homolog model	n/a	n/a	glycopeptide antibiotic	antibiotic target alteration	glycopeptide resistance gene cluster; vanT	51.83	gnl|BL_ORD_ID|1523|hsp_num:0	1561			1035	2118	vancomycin	
k141_168904_115 # 112378 # 113052 # -1 # ID=63381_115;partial=00;start_type=ATG;rbs_motif=None;rbs_spacer=None;gc_cont=0.499	k141_168904	112378	113052	-	Strict	50	105.1	vanY gene in vanF cluster	33.68	3002958	protein homolog model	n/a	n/a	glycopeptide antibiotic	antibiotic target alteration	vanY; glycopeptide resistance gene cluster	76.45	gnl|BL_ORD_ID|1809|hsp_num:0	1899			159	705	vancomycin	
k141_378055_3 # 687 # 1280 # -1 # ID=63816_3;partial=01;start_type=Edge;rbs_motif=None;rbs_spacer=None;gc_cont=0.310	k141_378055	687	1280	-	Strict	50	74.3	vanW gene in vanI cluster	31.25	3003724	protein homolog model	n/a	n/a	glycopeptide antibiotic	antibiotic target alteration	vanW; glycopeptide resistance gene cluster	52.82	gnl|BL_ORD_ID|4747|hsp_num:0	2242			597	1065	vancomycin; teicoplanin	
k141_448134_5 # 3450 # 3782 # 1 # ID=64082_5;partial=00;start_type=ATG;rbs_motif=GGAGG;rbs_spacer=5-10bp;gc_cont=0.381	k141_448134	3450	3782	+	Strict	75	89.0	qacG	38.32	3007015	protein homolog model	n/a	n/a	disinfecting agents and antiseptics	antibiotic efflux	small multidrug resistance (SMR) antibiotic efflux pump	102.80	gnl|BL_ORD_ID|4662|hsp_num:0	5731			0	318	benzalkonium chloride	
k141_28089_3 # 2489 # 4477 # -1 # ID=64604_3;partial=00;start_type=GTG;rbs_motif=GGA/GAG/AGG;rbs_spacer=5-10bp;gc_cont=0.550	k141_28089	2489	4477	-	Strict	175	236.1	vanT gene in vanG cluster	34.88	3002972	protein homolog model	n/a	n/a	glycopeptide antibiotic	antibiotic target alteration	glycopeptide resistance gene cluster; vanT	92.98	gnl|BL_ORD_ID|1523|hsp_num:0	1561			1029	2115	vancomycin	
k141_169744_3 # 789 # 2651 # -1 # ID=65167_3;partial=00;start_type=ATG;rbs_motif=GGA/GAG/AGG;rbs_spacer=3-4bp;gc_cont=0.521	k141_169744	789	2651	-	Strict	50	80.9	vanW gene in vanI cluster	26.64	3003724	protein homolog model	n/a	n/a	glycopeptide antibiotic	antibiotic target alteration	vanW; glycopeptide resistance gene cluster	166.22	gnl|BL_ORD_ID|4747|hsp_num:0	2242			462	1056	vancomycin; teicoplanin	
k141_378590_47 # 39168 # 40250 # 1 # ID=65236_47;partial=00;start_type=ATG;rbs_motif=None;rbs_spacer=None;gc_cont=0.309	k141_378590	39168	40250	+	Strict	175	223.0	vanT gene in vanG cluster	35.6	3002972	protein homolog model	n/a	n/a	glycopeptide antibiotic	antibiotic target alteration	glycopeptide resistance gene cluster; vanT	50.56	gnl|BL_ORD_ID|1523|hsp_num:0	1561			1029	2127	vancomycin	
k141_449061_10 # 8390 # 9508 # -1 # ID=65722_10;partial=00;start_type=GTG;rbs_motif=GGA/GAG/AGG;rbs_spacer=5-10bp;gc_cont=0.417	k141_449061	8390	9508	-	Strict	175	226.9	vanT gene in vanG cluster	33.78	3002972	protein homolog model	n/a	n/a	glycopeptide antibiotic	antibiotic target alteration	glycopeptide resistance gene cluster; vanT	52.25	gnl|BL_ORD_ID|1523|hsp_num:0	1561			1017	2118	vancomycin	
k141_240426_2 # 813 # 1979 # -1 # ID=66088_2;partial=00;start_type=GTG;rbs_motif=None;rbs_spacer=None;gc_cont=0.372	k141_240426	813	1979	-	Strict	175	188.7	vanT gene in vanG cluster	31.91	3002972	protein homolog model	n/a	n/a	glycopeptide antibiotic	antibiotic target alteration	glycopeptide resistance gene cluster; vanT	54.49	gnl|BL_ORD_ID|1523|hsp_num:0	1561			1044	2127	vancomycin	
k141_170558_3 # 736 # 1851 # 1 # ID=67185_3;partial=00;start_type=ATG;rbs_motif=None;rbs_spacer=None;gc_cont=0.301	k141_170558	736	1851	+	Strict	175	186.8	vanT gene in vanG cluster	34.25	3002972	protein homolog model	n/a	n/a	glycopeptide antibiotic	antibiotic target alteration	glycopeptide resistance gene cluster; vanT	52.11	gnl|BL_ORD_ID|1523|hsp_num:0	1561			1041	2118	vancomycin	
k141_520128_3 # 1503 # 3437 # 1 # ID=67950_3;partial=00;start_type=TTG;rbs_motif=AGGAGG;rbs_spacer=5-10bp;gc_cont=0.396	k141_520128	1503	3437	+	Strict	300	608.6	tet(Q)	47.43	3000191	protein homolog model	n/a	n/a	tetracycline antibiotic	antibiotic target protection	tetracycline-resistant ribosomal protection protein	98.02	gnl|BL_ORD_ID|1220|hsp_num:0	1183			48	1956	tetracycline; doxycycline; minocycline; chlortetracycline; demeclocycline; oxytetracycline	
k141_450291_26 # 25774 # 26895 # 1 # ID=68110_26;partial=00;start_type=ATG;rbs_motif=GGA/GAG/AGG;rbs_spacer=5-10bp;gc_cont=0.603	k141_450291	25774	26895	+	Strict	175	179.9	vanT gene in vanG cluster	31.34	3002972	protein homolog model	n/a	n/a	glycopeptide antibiotic	antibiotic target alteration	glycopeptide resistance gene cluster; vanT	52.39	gnl|BL_ORD_ID|1523|hsp_num:0	1561			1038	2118	vancomycin	
k141_379861_2 # 1778 # 2908 # -1 # ID=68752_2;partial=00;start_type=TTG;rbs_motif=GGA/GAG/AGG;rbs_spacer=5-10bp;gc_cont=0.262	k141_379861	1778	2908	-	Strict	50	91.7	vanY gene in vanB cluster	33.88	3002956	protein homolog model	n/a	n/a	glycopeptide antibiotic	antibiotic target alteration	vanY; glycopeptide resistance gene cluster	140.30	gnl|BL_ORD_ID|603|hsp_num:0	556			267	789	vancomycin	
k141_241941_3 # 1499 # 2386 # 1 # ID=69242_3;partial=00;start_type=ATG;rbs_motif=AGGA;rbs_spacer=5-10bp;gc_cont=0.370	k141_241941	1499	2386	+	Strict	50	92.4	vanY gene in vanF cluster	32.64	3002958	protein homolog model	n/a	n/a	glycopeptide antibiotic	antibiotic target alteration	vanY; glycopeptide resistance gene cluster	100.68	gnl|BL_ORD_ID|1809|hsp_num:0	1899			192	732	vancomycin	
k141_311239_1 # 1 # 1566 # 1 # ID=70278_1;partial=10;start_type=Edge;rbs_motif=None;rbs_spacer=None;gc_cont=0.329	k141_311239	1	1566	+	Strict	175	193.7	vanT gene in vanG cluster	34.13	3002972	protein homolog model	n/a	n/a	glycopeptide antibiotic	antibiotic target alteration	glycopeptide resistance gene cluster; vanT	73.17	gnl|BL_ORD_ID|1523|hsp_num:0	1561			1023	2127	vancomycin	
k141_521604_3 # 1008 # 2468 # -1 # ID=70971_3;partial=00;start_type=ATG;rbs_motif=None;rbs_spacer=None;gc_cont=0.373	k141_521604	1008	2468	-	Strict	50	86.7	vanY gene in vanG cluster	34.62	3002959	protein homolog model	n/a	n/a	glycopeptide antibiotic	antibiotic target alteration	vanY; glycopeptide resistance gene cluster	174.19	gnl|BL_ORD_ID|4731|hsp_num:0	298			303	798	vancomycin	
k141_172150_6 # 6746 # 7456 # 1 # ID=71184_6;partial=00;start_type=ATG;rbs_motif=AGxAG;rbs_spacer=5-10bp;gc_cont=0.345	k141_172150	6746	7456	+	Strict	50	100.5	vanW gene in vanI cluster	41.67	3003724	protein homolog model	n/a	n/a	glycopeptide antibiotic	antibiotic target alteration	vanW; glycopeptide resistance gene cluster	63.27	gnl|BL_ORD_ID|4747|hsp_num:0	2242			624	984	vancomycin; teicoplanin	
k141_381284_2 # 820 # 1956 # 1 # ID=72234_2;partial=00;start_type=ATG;rbs_motif=AGGA;rbs_spacer=5-10bp;gc_cont=0.543	k141_381284	820	1956	+	Strict	175	229.2	vanT gene in vanG cluster	37.27	3002972	protein homolog model	n/a	n/a	glycopeptide antibiotic	antibiotic target alteration	glycopeptide resistance gene cluster; vanT	53.09	gnl|BL_ORD_ID|1523|hsp_num:0	1561			1032	2118	vancomycin	
k141_522210_1 # 3 # 602 # 1 # ID=72397_1;partial=10;start_type=Edge;rbs_motif=None;rbs_spacer=None;gc_cont=0.533	k141_522210	3	602	+	Strict	50	55.8	vanW gene in vanI cluster	30.0	3003724	protein homolog model	n/a	n/a	glycopeptide antibiotic	antibiotic target alteration	vanW; glycopeptide resistance gene cluster	53.35	gnl|BL_ORD_ID|4747|hsp_num:0	2242			759	1056	vancomycin; teicoplanin	
k141_31616_29 # 31824 # 33776 # 1 # ID=72607_29;partial=00;start_type=ATG;rbs_motif=AAAA;rbs_spacer=15bp;gc_cont=0.485	k141_31616	31824	33776	+	Strict	175	231.5	vanT gene in vanG cluster	35.42	3002972	protein homolog model	n/a	n/a	glycopeptide antibiotic	antibiotic target alteration	glycopeptide resistance gene cluster; vanT	91.29	gnl|BL_ORD_ID|1523|hsp_num:0	1561			1029	2115	vancomycin	
k141_173242_3 # 1778 # 3532 # -1 # ID=73477_3;partial=00;start_type=ATG;rbs_motif=GGA/GAG/AGG;rbs_spacer=5-10bp;gc_cont=0.569	k141_173242	1778	3532	-	Strict	50	103.6	vanW gene in vanI cluster	29.58	3003724	protein homolog model	n/a	n/a	glycopeptide antibiotic	antibiotic target alteration	vanW; glycopeptide resistance gene cluster	156.57	gnl|BL_ORD_ID|4747|hsp_num:0	2242			345	1047	vancomycin; teicoplanin	
k141_32297_2 # 1267 # 2283 # 1 # ID=74268_2;partial=01;start_type=ATG;rbs_motif=GGA/GAG/AGG;rbs_spacer=5-10bp;gc_cont=0.531	k141_32297	1267	2283	+	Strict	175	195.7	vanT gene in vanG cluster	33.63	3002972	protein homolog model	n/a	n/a	glycopeptide antibiotic	antibiotic target alteration	glycopeptide resistance gene cluster; vanT	47.61	gnl|BL_ORD_ID|1523|hsp_num:0	1561			1035	2040	vancomycin	
k141_313376_4 # 3009 # 3503 # 1 # ID=74595_4;partial=00;start_type=ATG;rbs_motif=GGAG/GAGG;rbs_spacer=5-10bp;gc_cont=0.333	k141_313376	3009	3503	+	Strict	300	342.0	lnuC	97.56	3002837	protein homolog model	n/a	n/a	lincosamide antibiotic	antibiotic inactivation	lincosamide nucleotidyltransferase (LNU)	100.00	gnl|BL_ORD_ID|344|hsp_num:0	376			0	492	lincomycin	
k141_244510_24 # 20823 # 21947 # -1 # ID=75702_24;partial=00;start_type=ATG;rbs_motif=GGA/GAG/AGG;rbs_spacer=5-10bp;gc_cont=0.363	k141_244510	20823	21947	-	Strict	175	203.4	vanT gene in vanG cluster	33.15	3002972	protein homolog model	n/a	n/a	glycopeptide antibiotic	antibiotic target alteration	glycopeptide resistance gene cluster; vanT	52.53	gnl|BL_ORD_ID|1523|hsp_num:0	1561			1044	2118	vancomycin	
k141_102885_13 # 13121 # 13450 # 1 # ID=75933_13;partial=00;start_type=ATG;rbs_motif=GGA/GAG/AGG;rbs_spacer=5-10bp;gc_cont=0.394	k141_102885	13121	13450	+	Strict	75	93.6	qacG	47.12	3007015	protein homolog model	n/a	n/a	disinfecting agents and antiseptics	antibiotic efflux	small multidrug resistance (SMR) antibiotic efflux pump	101.87	gnl|BL_ORD_ID|4662|hsp_num:0	5731			6	318	benzalkonium chloride	
k141_383002_1 # 1 # 804 # 1 # ID=75991_1;partial=10;start_type=Edge;rbs_motif=None;rbs_spacer=None;gc_cont=0.434	k141_383002	1	804	+	Strict	50	71.6	vanW gene in vanI cluster	38.14	3003724	protein homolog model	n/a	n/a	glycopeptide antibiotic	antibiotic target alteration	vanW; glycopeptide resistance gene cluster	71.58	gnl|BL_ORD_ID|4747|hsp_num:0	2242			579	870	vancomycin; teicoplanin	
k141_33027_4 # 2704 # 3036 # -1 # ID=76162_4;partial=00;start_type=ATG;rbs_motif=GGAG/GAGG;rbs_spacer=5-10bp;gc_cont=0.462	k141_33027	2704	3036	-	Strict	75	103.2	qacG	45.19	3007015	protein homolog model	n/a	n/a	disinfecting agents and antiseptics	antibiotic efflux	small multidrug resistance (SMR) antibiotic efflux pump	102.80	gnl|BL_ORD_ID|4662|hsp_num:0	5731			6	318	benzalkonium chloride	
k141_383284_2 # 434 # 1327 # -1 # ID=76844_2;partial=01;start_type=Edge;rbs_motif=None;rbs_spacer=None;gc_cont=0.319	k141_383284	434	1327	-	Strict	300	599.4	tet(44)	98.99	3000556	protein homolog model	n/a	n/a	tetracycline antibiotic	antibiotic target protection	tetracycline-resistant ribosomal protection protein	46.41	gnl|BL_ORD_ID|1198|hsp_num:0	1171			1029	1920	tetracycline; doxycycline; minocycline; chlortetracycline; demeclocycline; oxytetracycline	
k141_245232_124 # 121554 # 122228 # -1 # ID=77492_124;partial=00;start_type=ATG;rbs_motif=None;rbs_spacer=None;gc_cont=0.467	k141_245232	121554	122228	-	Strict	50	101.3	vanY gene in vanB cluster	34.57	3002956	protein homolog model	n/a	n/a	glycopeptide antibiotic	antibiotic target alteration	vanY; glycopeptide resistance gene cluster	83.58	gnl|BL_ORD_ID|603|hsp_num:0	556			246	789	vancomycin	
k141_383727_12 # 11036 # 12151 # -1 # ID=77920_12;partial=00;start_type=ATG;rbs_motif=None;rbs_spacer=None;gc_cont=0.574	k141_383727	11036	12151	-	Strict	175	205.7	vanT gene in vanG cluster	34.16	3002972	protein homolog model	n/a	n/a	glycopeptide antibiotic	antibiotic target alteration	glycopeptide resistance gene cluster; vanT	52.11	gnl|BL_ORD_ID|1523|hsp_num:0	1561			1044	2118	vancomycin	
k141_454804_5 # 3928 # 4260 # 1 # ID=78608_5;partial=00;start_type=ATG;rbs_motif=GGA/GAG/AGG;rbs_spacer=5-10bp;gc_cont=0.526	k141_454804	3928	4260	+	Strict	75	84.7	qacJ	33.65	3007014	protein homolog model	n/a	n/a	disinfecting agents and antiseptics	antibiotic efflux	small multidrug resistance (SMR) antibiotic efflux pump	102.80	gnl|BL_ORD_ID|4661|hsp_num:0	5730			6	318	benzalkonium chloride	
k141_455157_2 # 133 # 1086 # -1 # ID=79166_2;partial=00;start_type=ATG;rbs_motif=TAA;rbs_spacer=6bp;gc_cont=0.400	k141_455157	133	1086	-	Strict	50	96.7	vanY gene in vanM cluster	31.49	3002961	protein homolog model	n/a	n/a	glycopeptide antibiotic	antibiotic target alteration	vanY; glycopeptide resistance gene cluster	136.05	gnl|BL_ORD_ID|1674|hsp_num:0	1713			18	540	vancomycin; teicoplanin	
k141_34753_5 # 4264 # 5787 # -1 # ID=80141_5;partial=00;start_type=ATG;rbs_motif=TAAAAA;rbs_spacer=9bp;gc_cont=0.390	k141_34753	4264	5787	-	Strict	175	200.7	vanT gene in vanG cluster	35.42	3002972	protein homolog model	n/a	n/a	glycopeptide antibiotic	antibiotic target alteration	glycopeptide resistance gene cluster; vanT	71.21	gnl|BL_ORD_ID|1523|hsp_num:0	1561			1038	2118	vancomycin	
k141_246566_5 # 5913 # 9095 # 1 # ID=80820_5;partial=00;start_type=ATG;rbs_motif=GGAG/GAGG;rbs_spacer=5-10bp;gc_cont=0.531	k141_246566	5913	9095	+	Strict	750	829.7	adeF	44.43	3000777	protein homolog model	n/a	n/a	fluoroquinolone antibiotic; tetracycline antibiotic	antibiotic efflux	resistance-nodulation-cell division (RND) antibiotic efflux pump	100.09	gnl|BL_ORD_ID|133|hsp_num:0	153			9	3120	tetracycline	
k141_105247_2 # 389 # 1279 # 1 # ID=81172_2;partial=00;start_type=ATG;rbs_motif=GGA/GAG/AGG;rbs_spacer=5-10bp;gc_cont=0.398	k141_105247	389	1279	+	Strict	50	86.7	vanY gene in vanF cluster	31.16	3002958	protein homolog model	n/a	n/a	glycopeptide antibiotic	antibiotic target alteration	vanY; glycopeptide resistance gene cluster	101.02	gnl|BL_ORD_ID|1809|hsp_num:0	1899			135	708	vancomycin	
k141_456392_4 # 3969 # 7154 # 1 # ID=81960_4;partial=00;start_type=ATG;rbs_motif=GGAGG;rbs_spacer=5-10bp;gc_cont=0.606	k141_456392	3969	7154	+	Strict	750	846.7	adeF	45.45	3000777	protein homolog model	n/a	n/a	fluoroquinolone antibiotic; tetracycline antibiotic	antibiotic efflux	resistance-nodulation-cell division (RND) antibiotic efflux pump	100.19	gnl|BL_ORD_ID|133|hsp_num:0	153			6	3120	tetracycline	
k141_456508_5 # 2231 # 2941 # -1 # ID=82218_5;partial=00;start_type=ATG;rbs_motif=TAAAA;rbs_spacer=4bp;gc_cont=0.277	k141_456508	2231	2941	-	Strict	50	90.9	vanW gene in vanG cluster	31.03	3002965	protein homolog model	n/a	n/a	glycopeptide antibiotic	antibiotic target alteration	vanW; glycopeptide resistance gene cluster	83.99	gnl|BL_ORD_ID|4742|hsp_num:0	1622			216	726	vancomycin	
k141_385586_53 # 61155 # 63632 # -1 # ID=82713_53;partial=00;start_type=ATG;rbs_motif=None;rbs_spacer=None;gc_cont=0.521	k141_385586	61155	63632	-	Strict	175	194.5	vanT gene in vanG cluster	33.95	3002972	protein homolog model	n/a	n/a	glycopeptide antibiotic	antibiotic target alteration	glycopeptide resistance gene cluster; vanT	115.87	gnl|BL_ORD_ID|1523|hsp_num:0	1561			1038	2127	vancomycin	
k141_35976_6 # 5011 # 6744 # -1 # ID=82824_6;partial=00;start_type=TTG;rbs_motif=AGGAGG;rbs_spacer=5-10bp;gc_cont=0.644	k141_35976	5011	6744	-	Strict	50	101.3	vanW gene in vanI cluster	35.38	3003724	protein homolog model	n/a	n/a	glycopeptide antibiotic	antibiotic target alteration	vanW; glycopeptide resistance gene cluster	154.69	gnl|BL_ORD_ID|4747|hsp_num:0	2242			393	978	vancomycin; teicoplanin	
k141_527668_2 # 279 # 1049 # -1 # ID=83151_2;partial=00;start_type=ATG;rbs_motif=GGAG/GAGG;rbs_spacer=5-10bp;gc_cont=0.397	k141_527668	279	1049	-	Strict	175	175.3	vanT gene in vanG cluster	38.02	3002972	protein homolog model	n/a	n/a	glycopeptide antibiotic	antibiotic target alteration	glycopeptide resistance gene cluster; vanT	35.96	gnl|BL_ORD_ID|1523|hsp_num:0	1561			1029	1809	vancomycin	
k141_317982_15 # 19307 # 21163 # -1 # ID=84415_15;partial=00;start_type=ATG;rbs_motif=None;rbs_spacer=None;gc_cont=0.539	k141_317982	19307	21163	-	Strict	50	99.0	vanW gene in vanI cluster	31.84	3003724	protein homolog model	n/a	n/a	glycopeptide antibiotic	antibiotic target alteration	vanW; glycopeptide resistance gene cluster	165.68	gnl|BL_ORD_ID|4747|hsp_num:0	2242			462	1017	vancomycin; teicoplanin	
k141_248850_6 # 5551 # 6621 # 1 # ID=85539_6;partial=01;start_type=ATG;rbs_motif=AGxAG;rbs_spacer=5-10bp;gc_cont=0.340	k141_248850	5551	6621	+	Strict	175	180.3	vanT gene in vanG cluster	34.6	3002972	protein homolog model	n/a	n/a	glycopeptide antibiotic	antibiotic target alteration	glycopeptide resistance gene cluster; vanT	50.14	gnl|BL_ORD_ID|1523|hsp_num:0	1561			1041	1962	vancomycin	
k141_458127_19 # 19218 # 20969 # -1 # ID=85840_19;partial=00;start_type=ATG;rbs_motif=AAA;rbs_spacer=8bp;gc_cont=0.473	k141_458127	19218	20969	-	Strict	50	59.3	vanY gene in vanB cluster	26.57	3002956	protein homolog model	n/a	n/a	glycopeptide antibiotic	antibiotic target alteration	vanY; glycopeptide resistance gene cluster	217.54	gnl|BL_ORD_ID|603|hsp_num:0	556			375	792	vancomycin	
k141_180127_20 # 20745 # 21560 # 1 # ID=87051_20;partial=00;start_type=ATG;rbs_motif=None;rbs_spacer=None;gc_cont=0.477	k141_180127	20745	21560	+	Strict	50	89.7	vanY gene in vanB cluster	31.52	3002956	protein homolog model	n/a	n/a	glycopeptide antibiotic	antibiotic target alteration	vanY; glycopeptide resistance gene cluster	101.12	gnl|BL_ORD_ID|603|hsp_num:0	556			270	792	vancomycin	
k141_180318_2 # 231 # 1100 # 1 # ID=87454_2;partial=00;start_type=ATG;rbs_motif=TAA;rbs_spacer=6bp;gc_cont=0.347	k141_180318	231	1100	+	Strict	50	75.5	vanY gene in vanA cluster	27.48	3002955	protein homolog model	n/a	n/a	glycopeptide antibiotic	antibiotic target alteration	vanY; glycopeptide resistance gene cluster	95.38	gnl|BL_ORD_ID|4668|hsp_num:0	89			81	696	vancomycin; teicoplanin	
k141_458970_1 # 2 # 1087 # 1 # ID=88285_1;partial=11;start_type=Edge;rbs_motif=None;rbs_spacer=None;gc_cont=0.327	k141_458970	2	1087	+	Strict	175	192.6	vanT gene in vanG cluster	34.45	3002972	protein homolog model	n/a	n/a	glycopeptide antibiotic	antibiotic target alteration	glycopeptide resistance gene cluster; vanT	50.84	gnl|BL_ORD_ID|1523|hsp_num:0	1561			1038	2004	vancomycin	
k141_108799_2 # 243 # 734 # 1 # ID=88464_2;partial=00;start_type=ATG;rbs_motif=GGAG/GAGG;rbs_spacer=5-10bp;gc_cont=0.364	k141_108799	243	734	+	Strict	150	157.9	nimE	52.47	3007107	protein homolog model	n/a	n/a	nitroimidazole antibiotic	antibiotic inactivation	nitroimidazole reductase	95.88	gnl|BL_ORD_ID|4785|hsp_num:0	5780			0	480	metronidazole	
k141_108822_1 # 3 # 1679 # 1 # ID=88518_1;partial=10;start_type=Edge;rbs_motif=None;rbs_spacer=None;gc_cont=0.346	k141_108822	3	1679	+	Strict	50	109.4	vanW gene in vanI cluster	31.25	3003724	protein homolog model	n/a	n/a	glycopeptide antibiotic	antibiotic target alteration	vanW; glycopeptide resistance gene cluster	149.60	gnl|BL_ORD_ID|4747|hsp_num:0	2242			483	1083	vancomycin; teicoplanin	
k141_38869_18 # 21963 # 24443 # -1 # ID=88781_18;partial=00;start_type=ATG;rbs_motif=None;rbs_spacer=None;gc_cont=0.533	k141_38869	21963	24443	-	Strict	175	187.6	vanT gene in vanG cluster	32.52	3002972	protein homolog model	n/a	n/a	glycopeptide antibiotic	antibiotic target alteration	glycopeptide resistance gene cluster; vanT	116.01	gnl|BL_ORD_ID|1523|hsp_num:0	1561			1038	2127	vancomycin	
k141_388143_14 # 13366 # 14475 # -1 # ID=89084_14;partial=00;start_type=ATG;rbs_motif=AGxAGG/AGGxGG;rbs_spacer=5-10bp;gc_cont=0.430	k141_388143	13366	14475	-	Strict	175	194.1	vanT gene in vanG cluster	32.97	3002972	protein homolog model	n/a	n/a	glycopeptide antibiotic	antibiotic target alteration	glycopeptide resistance gene cluster; vanT	51.83	gnl|BL_ORD_ID|1523|hsp_num:0	1561			1029	2118	vancomycin	
k141_109207_2 # 650 # 1453 # -1 # ID=89332_2;partial=00;start_type=ATG;rbs_motif=GGA/GAG/AGG;rbs_spacer=5-10bp;gc_cont=0.311	k141_109207	650	1453	-	Strict	500	524.6	lnuB	99.63	3002836	protein homolog model	n/a	n/a	lincosamide antibiotic	antibiotic inactivation	lincosamide nucleotidyltransferase (LNU)	100.00	gnl|BL_ORD_ID|742|hsp_num:0	809			0	801	lincomycin; clindamycin	
k141_109207_3 # 1507 # 2991 # -1 # ID=89332_3;partial=00;start_type=ATG;rbs_motif=AGGAG;rbs_spacer=5-10bp;gc_cont=0.321	k141_109207	1507	2991	-	Perfect	800	987.6	lsaE	100.0	3003206	protein homolog model	n/a	n/a	lincosamide antibiotic; streptogramin antibiotic; pleuromutilin antibiotic	antibiotic target protection	lsa-type ABC-F protein	100.00	gnl|BL_ORD_ID|237|hsp_num:0	264			0	1482	lincomycin; pleuromutilin	
k141_530684_2 # 761 # 1588 # 1 # ID=89651_2;partial=00;start_type=ATG;rbs_motif=AGGA;rbs_spacer=5-10bp;gc_cont=0.500	k141_530684	761	1588	+	Perfect	500	563.5	OXA-2	100.0	3001397	protein homolog model	n/a	n/a	carbapenem; cephalosporin; penam	antibiotic inactivation	OXA beta-lactamase	100.00	gnl|BL_ORD_ID|1024|hsp_num:0	1118			0	825	cloxacillin; oxacillin; ceftazidime; amoxicillin; meropenem; ampicillin; cefalotin	
k141_251123_16 # 15062 # 16978 # -1 # ID=90882_16;partial=00;start_type=TTG;rbs_motif=GGA/GAG/AGG;rbs_spacer=5-10bp;gc_cont=0.355	k141_251123	15062	16978	-	Strict	175	197.2	vanT gene in vanG cluster	34.24	3002972	protein homolog model	n/a	n/a	glycopeptide antibiotic	antibiotic target alteration	glycopeptide resistance gene cluster; vanT	89.61	gnl|BL_ORD_ID|1523|hsp_num:0	1561			1026	2115	vancomycin	
k141_40298_5 # 4172 # 7384 # 1 # ID=91651_5;partial=00;start_type=ATG;rbs_motif=GGAGG;rbs_spacer=5-10bp;gc_cont=0.659	k141_40298	4172	7384	+	Strict	750	790.4	adeF	43.79	3000777	protein homolog model	n/a	n/a	fluoroquinolone antibiotic; tetracycline antibiotic	antibiotic efflux	resistance-nodulation-cell division (RND) antibiotic efflux pump	101.04	gnl|BL_ORD_ID|133|hsp_num:0	153			9	3120	tetracycline	
k141_531804_2 # 1513 # 2346 # 1 # ID=91976_2;partial=00;start_type=GTG;rbs_motif=GGAGG;rbs_spacer=5-10bp;gc_cont=0.662	k141_531804	1513	2346	+	Strict	50	115.5	vanW gene in vanI cluster	42.36	3003724	protein homolog model	n/a	n/a	glycopeptide antibiotic	antibiotic target alteration	vanW; glycopeptide resistance gene cluster	74.26	gnl|BL_ORD_ID|4747|hsp_num:0	2242			615	1047	vancomycin; teicoplanin	
k141_389346_20 # 19367 # 20209 # 1 # ID=91989_20;partial=01;start_type=ATG;rbs_motif=AGGA;rbs_spacer=5-10bp;gc_cont=0.367	k141_389346	19367	20209	+	Strict	50	316.2	vanW gene in vanB cluster	55.15	3002964	protein homolog model	n/a	n/a	glycopeptide antibiotic	antibiotic target alteration	vanW; glycopeptide resistance gene cluster	102.18	gnl|BL_ORD_ID|4679|hsp_num:0	1036			0	816	vancomycin	
k141_531898_8 # 7504 # 8298 # 1 # ID=92206_8;partial=00;start_type=ATG;rbs_motif=None;rbs_spacer=None;gc_cont=0.540	k141_531898	7504	8298	+	Strict	50	80.9	vanY gene in vanB cluster	30.73	3002956	protein homolog model	n/a	n/a	glycopeptide antibiotic	antibiotic target alteration	vanY; glycopeptide resistance gene cluster	98.51	gnl|BL_ORD_ID|603|hsp_num:0	556			210	750	vancomycin	
k141_40960_2 # 461 # 1321 # -1 # ID=93106_2;partial=01;start_type=Edge;rbs_motif=None;rbs_spacer=None;gc_cont=0.679	k141_40960	461	1321	-	Strict	50	111.7	vanW gene in vanI cluster	42.36	3003724	protein homolog model	n/a	n/a	glycopeptide antibiotic	antibiotic target alteration	vanW; glycopeptide resistance gene cluster	76.68	gnl|BL_ORD_ID|4747|hsp_num:0	2242			615	1047	vancomycin; teicoplanin	
k141_321957_1 # 2 # 1306 # -1 # ID=93316_1;partial=10;start_type=ATG;rbs_motif=AGGAG;rbs_spacer=5-10bp;gc_cont=0.233	k141_321957	2	1306	-	Strict	50	84.7	vanY gene in vanA cluster	33.13	3002955	protein homolog model	n/a	n/a	glycopeptide antibiotic	antibiotic target alteration	vanY; glycopeptide resistance gene cluster	143.56	gnl|BL_ORD_ID|4668|hsp_num:0	89			279	717	vancomycin; teicoplanin	
k141_322439_4 # 2803 # 4764 # -1 # ID=94350_4;partial=00;start_type=ATG;rbs_motif=AGxAG;rbs_spacer=5-10bp;gc_cont=0.628	k141_322439	2803	4764	-	Strict	175	220.3	vanT gene in vanG cluster	34.33	3002972	protein homolog model	n/a	n/a	glycopeptide antibiotic	antibiotic target alteration	glycopeptide resistance gene cluster; vanT	91.71	gnl|BL_ORD_ID|1523|hsp_num:0	1561			1029	2115	vancomycin	
k141_322697_8 # 8397 # 10871 # -1 # ID=95158_8;partial=00;start_type=ATG;rbs_motif=None;rbs_spacer=None;gc_cont=0.458	k141_322697	8397	10871	-	Strict	175	215.3	vanT gene in vanG cluster	36.56	3002972	protein homolog model	n/a	n/a	glycopeptide antibiotic	antibiotic target alteration	glycopeptide resistance gene cluster; vanT	115.73	gnl|BL_ORD_ID|1523|hsp_num:0	1561			1023	2118	vancomycin	
k141_184298_7 # 4537 # 6075 # -1 # ID=95775_7;partial=00;start_type=ATG;rbs_motif=GGA/GAG/AGG;rbs_spacer=5-10bp;gc_cont=0.552	k141_184298	4537	6075	-	Strict	50	85.5	vanW gene in vanI cluster	28.78	3003724	protein homolog model	n/a	n/a	glycopeptide antibiotic	antibiotic target alteration	vanW; glycopeptide resistance gene cluster	137.27	gnl|BL_ORD_ID|4747|hsp_num:0	2242			444	1047	vancomycin; teicoplanin	
k141_254173_15 # 18332 # 19156 # 1 # ID=97729_15;partial=00;start_type=ATG;rbs_motif=None;rbs_spacer=None;gc_cont=0.259	k141_254173	18332	19156	+	Perfect	500	551.6	OXA-347	100.0	3001777	protein homolog model	n/a	n/a	carbapenem; cephalosporin; penam	antibiotic inactivation	OXA beta-lactamase	100.00	gnl|BL_ORD_ID|638|hsp_num:0	690			0	822	cloxacillin; oxacillin; cefalotin	
k141_324034_14 # 19009 # 21465 # -1 # ID=98050_14;partial=00;start_type=ATG;rbs_motif=None;rbs_spacer=None;gc_cont=0.280	k141_324034	19009	21465	-	Strict	175	198.4	vanT gene in vanG cluster	33.51	3002972	protein homolog model	n/a	n/a	glycopeptide antibiotic	antibiotic target alteration	glycopeptide resistance gene cluster; vanT	114.89	gnl|BL_ORD_ID|1523|hsp_num:0	1561			1038	2118	vancomycin	
k141_186803_2 # 872 # 1993 # -1 # ID=100859_2;partial=00;start_type=ATG;rbs_motif=None;rbs_spacer=None;gc_cont=0.567	k141_186803	872	1993	-	Strict	175	188.0	vanT gene in vanG cluster	32.88	3002972	protein homolog model	n/a	n/a	glycopeptide antibiotic	antibiotic target alteration	glycopeptide resistance gene cluster; vanT	52.39	gnl|BL_ORD_ID|1523|hsp_num:0	1561			1029	2118	vancomycin	
k141_393855_2 # 2604 # 3479 # -1 # ID=101945_2;partial=00;start_type=GTG;rbs_motif=TAA;rbs_spacer=4bp;gc_cont=0.388	k141_393855	2604	3479	-	Strict	50	79.3	vanY gene in vanF cluster	29.44	3002958	protein homolog model	n/a	n/a	glycopeptide antibiotic	antibiotic target alteration	vanY; glycopeptide resistance gene cluster	99.32	gnl|BL_ORD_ID|1809|hsp_num:0	1899			192	708	vancomycin	
k141_187568_4 # 4932 # 6062 # 1 # ID=102435_4;partial=00;start_type=ATG;rbs_motif=AGGAG;rbs_spacer=5-10bp;gc_cont=0.367	k141_187568	4932	6062	+	Strict	175	219.9	vanT gene in vanG cluster	35.42	3002972	protein homolog model	n/a	n/a	glycopeptide antibiotic	antibiotic target alteration	glycopeptide resistance gene cluster; vanT	52.81	gnl|BL_ORD_ID|1523|hsp_num:0	1561			1032	2115	vancomycin	
k141_45611_10 # 8450 # 8938 # -1 # ID=102857_10;partial=00;start_type=ATG;rbs_motif=GGAG/GAGG;rbs_spacer=5-10bp;gc_cont=0.454	k141_45611	8450	8938	-	Strict	150	166.8	nimG	53.66	3007109	protein homolog model	n/a	n/a	nitroimidazole antibiotic	antibiotic inactivation	nitroimidazole reductase	98.78	gnl|BL_ORD_ID|4787|hsp_num:0	5782			0	483	metronidazole	
k141_115784_16 # 17857 # 18990 # 1 # ID=104105_16;partial=00;start_type=ATG;rbs_motif=AGGA;rbs_spacer=5-10bp;gc_cont=0.591	k141_115784	17857	18990	+	Strict	50	111.3	vanY gene in vanA cluster	28.0	3002955	protein homolog model	n/a	n/a	glycopeptide antibiotic	antibiotic target alteration	vanY; glycopeptide resistance gene cluster	124.42	gnl|BL_ORD_ID|4668|hsp_num:0	89			159	870	vancomycin; teicoplanin	
k141_188670_14 # 13114 # 14238 # -1 # ID=104519_14;partial=00;start_type=ATG;rbs_motif=AGGA;rbs_spacer=5-10bp;gc_cont=0.282	k141_188670	13114	14238	-	Strict	175	246.5	vanT gene in vanG cluster	36.59	3002972	protein homolog model	n/a	n/a	glycopeptide antibiotic	antibiotic target alteration	glycopeptide resistance gene cluster; vanT	52.53	gnl|BL_ORD_ID|1523|hsp_num:0	1561			1029	2118	vancomycin	
k141_188670_15 # 14242 # 15279 # -1 # ID=104519_15;partial=00;start_type=ATG;rbs_motif=GGAG/GAGG;rbs_spacer=5-10bp;gc_cont=0.296	k141_188670	14242	15279	-	Strict	250	259.2	vanG	41.16	3002909	protein homolog model	n/a	n/a	glycopeptide antibiotic	antibiotic target alteration	glycopeptide resistance gene cluster; Van ligase	98.85	gnl|BL_ORD_ID|1070|hsp_num:0	1157			15	1038	vancomycin	
k141_257363_7 # 7650 # 9287 # -1 # ID=104926_7;partial=00;start_type=ATG;rbs_motif=None;rbs_spacer=None;gc_cont=0.341	k141_257363	7650	9287	-	Strict	50	91.7	vanY gene in vanG cluster	33.67	3002959	protein homolog model	n/a	n/a	glycopeptide antibiotic	antibiotic target alteration	vanY; glycopeptide resistance gene cluster	195.34	gnl|BL_ORD_ID|4731|hsp_num:0	298			300	825	vancomycin	
k141_327569_19 # 16070 # 17455 # -1 # ID=105235_19;partial=00;start_type=ATG;rbs_motif=GGxGG;rbs_spacer=5-10bp;gc_cont=0.410	k141_327569	16070	17455	-	Strict	50	134.0	vanW gene in vanI cluster	32.74	3003724	protein homolog model	n/a	n/a	glycopeptide antibiotic	antibiotic target alteration	vanW; glycopeptide resistance gene cluster	123.59	gnl|BL_ORD_ID|4747|hsp_num:0	2242			387	1047	vancomycin; teicoplanin	
k141_189453_7 # 4148 # 5533 # -1 # ID=106193_7;partial=00;start_type=ATG;rbs_motif=AGGAG(G)/GGAGG;rbs_spacer=13-15bp;gc_cont=0.571	k141_189453	4148	5533	-	Strict	50	163.3	vanW gene in vanI cluster	34.07	3003724	protein homolog model	n/a	n/a	glycopeptide antibiotic	antibiotic target alteration	vanW; glycopeptide resistance gene cluster	123.59	gnl|BL_ORD_ID|4747|hsp_num:0	2242			33	1047	vancomycin; teicoplanin	
k141_538403_13 # 13660 # 14673 # -1 # ID=106517_13;partial=00;start_type=TTG;rbs_motif=GGA/GAG/AGG;rbs_spacer=5-10bp;gc_cont=0.544	k141_538403	13660	14673	-	Strict	175	176.0	vanT gene in vanG cluster	32.44	3002972	protein homolog model	n/a	n/a	glycopeptide antibiotic	antibiotic target alteration	glycopeptide resistance gene cluster; vanT	47.33	gnl|BL_ORD_ID|1523|hsp_num:0	1561			1119	2118	vancomycin	
k141_117418_2 # 247 # 1365 # -1 # ID=107415_2;partial=00;start_type=ATG;rbs_motif=AGGAG(G)/GGAGG;rbs_spacer=13-15bp;gc_cont=0.609	k141_117418	247	1365	-	Strict	175	210.7	vanT gene in vanG cluster	34.97	3002972	protein homolog model	n/a	n/a	glycopeptide antibiotic	antibiotic target alteration	glycopeptide resistance gene cluster; vanT	52.25	gnl|BL_ORD_ID|1523|hsp_num:0	1561			1035	2118	vancomycin	
k141_468001_4 # 2491 # 4980 # 1 # ID=107453_4;partial=00;start_type=ATG;rbs_motif=TAA;rbs_spacer=3bp;gc_cont=0.288	k141_468001	2491	4980	+	Strict	175	216.1	vanT gene in vanG cluster	38.15	3002972	protein homolog model	n/a	n/a	glycopeptide antibiotic	antibiotic target alteration	glycopeptide resistance gene cluster; vanT	116.43	gnl|BL_ORD_ID|1523|hsp_num:0	1561			1032	2031	vancomycin	
k141_468151_1 # 1 # 387 # 1 # ID=107711_1;partial=10;start_type=Edge;rbs_motif=None;rbs_spacer=None;gc_cont=0.517	k141_468151	1	387	+	Strict	125	142.9	vanXY gene in vanG cluster	49.21	3003069	protein homolog model	n/a	n/a	glycopeptide antibiotic	antibiotic target alteration	glycopeptide resistance gene cluster; vanXY	50.39	gnl|BL_ORD_ID|305|hsp_num:0	253			372	750	vancomycin	
k141_468151_2 # 387 # 1586 # 1 # ID=107711_2;partial=00;start_type=ATG;rbs_motif=GGAG/GAGG;rbs_spacer=5-10bp;gc_cont=0.559	k141_468151	387	1586	+	Strict	175	329.7	vanT gene in vanG cluster	44.82	3002972	protein homolog model	n/a	n/a	glycopeptide antibiotic	antibiotic target alteration	glycopeptide resistance gene cluster; vanT	56.04	gnl|BL_ORD_ID|1523|hsp_num:0	1561			960	2118	vancomycin	
k141_48402_2 # 342 # 662 # 1 # ID=108572_2;partial=00;start_type=ATG;rbs_motif=GGA/GAG/AGG;rbs_spacer=5-10bp;gc_cont=0.636	k141_48402	342	662	+	Strict	75	80.1	qacJ	42.16	3007014	protein homolog model	n/a	n/a	disinfecting agents and antiseptics	antibiotic efflux	small multidrug resistance (SMR) antibiotic efflux pump	99.07	gnl|BL_ORD_ID|4661|hsp_num:0	5730			0	306	benzalkonium chloride	
k141_191064_1 # 2 # 1477 # -1 # ID=109947_1;partial=10;start_type=ATG;rbs_motif=GGAG/GAGG;rbs_spacer=5-10bp;gc_cont=0.628	k141_191064	2	1477	-	Strict	50	108.6	vanW gene in vanI cluster	38.1	3003724	protein homolog model	n/a	n/a	glycopeptide antibiotic	antibiotic target alteration	vanW; glycopeptide resistance gene cluster	131.90	gnl|BL_ORD_ID|4747|hsp_num:0	2242			462	1008	vancomycin; teicoplanin	
k141_329741_2 # 1898 # 3754 # 1 # ID=110240_2;partial=00;start_type=GTG;rbs_motif=GGA/GAG/AGG;rbs_spacer=5-10bp;gc_cont=0.376	k141_329741	1898	3754	+	Strict	175	178.7	vanT gene in vanG cluster	32.05	3002972	protein homolog model	n/a	n/a	glycopeptide antibiotic	antibiotic target alteration	glycopeptide resistance gene cluster; vanT	86.80	gnl|BL_ORD_ID|1523|hsp_num:0	1561			1038	2115	vancomycin	
k141_119217_1 # 93 # 1316 # 1 # ID=111180_1;partial=00;start_type=ATG;rbs_motif=AATAA;rbs_spacer=15bp;gc_cont=0.382	k141_119217	93	1316	+	Strict	175	224.9	vanT gene in vanG cluster	35.07	3002972	protein homolog model	n/a	n/a	glycopeptide antibiotic	antibiotic target alteration	glycopeptide resistance gene cluster; vanT	57.16	gnl|BL_ORD_ID|1523|hsp_num:0	1561			1035	2118	vancomycin	
k141_330363_25 # 37008 # 38180 # -1 # ID=112103_25;partial=00;start_type=ATG;rbs_motif=AAAAA;rbs_spacer=12bp;gc_cont=0.315	k141_330363	37008	38180	-	Strict	175	222.2	vanT gene in vanG cluster	34.88	3002972	protein homolog model	n/a	n/a	glycopeptide antibiotic	antibiotic target alteration	glycopeptide resistance gene cluster; vanT	54.78	gnl|BL_ORD_ID|1523|hsp_num:0	1561			1035	2118	vancomycin	
k141_398564_2 # 495 # 1583 # 1 # ID=112422_2;partial=00;start_type=ATG;rbs_motif=GGA/GAG/AGG;rbs_spacer=5-10bp;gc_cont=0.287	k141_398564	495	1583	+	Strict	175	196.4	vanT gene in vanG cluster	32.78	3002972	protein homolog model	n/a	n/a	glycopeptide antibiotic	antibiotic target alteration	glycopeptide resistance gene cluster; vanT	50.84	gnl|BL_ORD_ID|1523|hsp_num:0	1561			1038	2118	vancomycin	
k141_330724_8 # 7211 # 8026 # 1 # ID=112823_8;partial=00;start_type=ATG;rbs_motif=AGGA;rbs_spacer=5-10bp;gc_cont=0.480	k141_330724	7211	8026	+	Strict	50	89.7	vanY gene in vanB cluster	32.61	3002956	protein homolog model	n/a	n/a	glycopeptide antibiotic	antibiotic target alteration	vanY; glycopeptide resistance gene cluster	101.12	gnl|BL_ORD_ID|603|hsp_num:0	556			270	792	vancomycin	
k141_261087_2 # 959 # 1987 # 1 # ID=113387_2;partial=01;start_type=ATG;rbs_motif=None;rbs_spacer=None;gc_cont=0.347	k141_261087	959	1987	+	Strict	175	183.3	vanT gene in vanG cluster	34.1	3002972	protein homolog model	n/a	n/a	glycopeptide antibiotic	antibiotic target alteration	glycopeptide resistance gene cluster; vanT	48.17	gnl|BL_ORD_ID|1523|hsp_num:0	1561			993	2025	vancomycin	
k141_121479_1 # 3 # 2435 # -1 # ID=115912_1;partial=10;start_type=ATG;rbs_motif=AAAAA;rbs_spacer=12bp;gc_cont=0.435	k141_121479	3	2435	-	Strict	175	204.5	vanT gene in vanG cluster	37.57	3002972	protein homolog model	n/a	n/a	glycopeptide antibiotic	antibiotic target alteration	glycopeptide resistance gene cluster; vanT	113.90	gnl|BL_ORD_ID|1523|hsp_num:0	1561			1038	2100	vancomycin	
k141_52002_2 # 1856 # 2770 # 1 # ID=116123_2;partial=00;start_type=ATG;rbs_motif=TAAA;rbs_spacer=9bp;gc_cont=0.348	k141_52002	1856	2770	+	Strict	600	612.1	EstT	98.69	3007459	protein homolog model	n/a	n/a	macrolide antibiotic; glycylcycline; tetracycline antibiotic	antibiotic inactivation	macrolide esterase	99.35	gnl|BL_ORD_ID|4957|hsp_num:0	5948			0	918	tigecycline	
k141_121724_12 # 13468 # 14580 # -1 # ID=116346_12;partial=00;start_type=ATG;rbs_motif=None;rbs_spacer=None;gc_cont=0.609	k141_121724	13468	14580	-	Strict	175	178.7	vanT gene in vanG cluster	30.98	3002972	protein homolog model	n/a	n/a	glycopeptide antibiotic	antibiotic target alteration	glycopeptide resistance gene cluster; vanT	51.97	gnl|BL_ORD_ID|1523|hsp_num:0	1561			1038	2118	vancomycin	
k141_543590_2 # 1584 # 3335 # -1 # ID=117059_2;partial=00;start_type=ATG;rbs_motif=AAA;rbs_spacer=8bp;gc_cont=0.473	k141_543590	1584	3335	-	Strict	50	63.2	vanY gene in vanB cluster	28.37	3002956	protein homolog model	n/a	n/a	glycopeptide antibiotic	antibiotic target alteration	vanY; glycopeptide resistance gene cluster	217.54	gnl|BL_ORD_ID|603|hsp_num:0	556			381	792	vancomycin	
k141_543989_34 # 38591 # 39874 # 1 # ID=117978_34;partial=00;start_type=GTG;rbs_motif=GGAG/GAGG;rbs_spacer=5-10bp;gc_cont=0.380	k141_543989	38591	39874	+	Strict	50	94.0	vanY gene in vanF cluster	30.43	3002958	protein homolog model	n/a	n/a	glycopeptide antibiotic	antibiotic target alteration	vanY; glycopeptide resistance gene cluster	145.73	gnl|BL_ORD_ID|1809|hsp_num:0	1899			189	867	vancomycin	
k141_544112_2 # 795 # 1292 # 1 # ID=118257_2;partial=00;start_type=ATG;rbs_motif=GGAGG;rbs_spacer=5-10bp;gc_cont=0.380	k141_544112	795	1292	+	Strict	150	176.0	nimA	54.32	3007104	protein homolog model	n/a	n/a	nitroimidazole antibiotic	antibiotic inactivation	nitroimidazole reductase	93.75	gnl|BL_ORD_ID|4783|hsp_num:0	5777			0	480	metronidazole	
k141_263772_2 # 1051 # 1899 # -1 # ID=118629_2;partial=00;start_type=ATG;rbs_motif=GGA/GAG/AGG;rbs_spacer=5-10bp;gc_cont=0.346	k141_263772	1051	1899	-	Strict	50	160.2	vanW gene in vanG cluster	38.65	3002965	protein homolog model	n/a	n/a	glycopeptide antibiotic	antibiotic target alteration	vanW; glycopeptide resistance gene cluster	100.36	gnl|BL_ORD_ID|4742|hsp_num:0	1622			66	675	vancomycin	
k141_544370_1 # 2 # 1135 # 1 # ID=118788_1;partial=11;start_type=Edge;rbs_motif=None;rbs_spacer=None;gc_cont=0.376	k141_544370	2	1135	+	Strict	175	184.1	vanT gene in vanG cluster	31.06	3002972	protein homolog model	n/a	n/a	glycopeptide antibiotic	antibiotic target alteration	glycopeptide resistance gene cluster; vanT	53.09	gnl|BL_ORD_ID|1523|hsp_num:0	1561			1029	2115	vancomycin	
k141_544622_1 # 81 # 1235 # -1 # ID=119234_1;partial=00;start_type=TTG;rbs_motif=GGAG/GAGG;rbs_spacer=5-10bp;gc_cont=0.436	k141_544622	81	1235	-	Strict	175	177.2	vanT gene in vanG cluster	29.63	3002972	protein homolog model	n/a	n/a	glycopeptide antibiotic	antibiotic target alteration	glycopeptide resistance gene cluster; vanT	53.93	gnl|BL_ORD_ID|1523|hsp_num:0	1561			1032	2127	vancomycin	
k141_195808_1 # 1 # 1128 # -1 # ID=119472_1;partial=10;start_type=ATG;rbs_motif=None;rbs_spacer=None;gc_cont=0.466	k141_195808	1	1128	-	Strict	175	184.5	vanT gene in vanG cluster	29.2	3002972	protein homolog model	n/a	n/a	glycopeptide antibiotic	antibiotic target alteration	glycopeptide resistance gene cluster; vanT	52.81	gnl|BL_ORD_ID|1523|hsp_num:0	1561			1029	2025	vancomycin	
k141_123394_6 # 4636 # 6177 # 1 # ID=119610_6;partial=00;start_type=ATG;rbs_motif=None;rbs_spacer=None;gc_cont=0.381	k141_123394	4636	6177	+	Strict	175	209.9	vanT gene in vanG cluster	36.78	3002972	protein homolog model	n/a	n/a	glycopeptide antibiotic	antibiotic target alteration	glycopeptide resistance gene cluster; vanT	72.05	gnl|BL_ORD_ID|1523|hsp_num:0	1561			1038	2118	vancomycin	
k141_401456_1 # 2 # 658 # -1 # ID=119945_1;partial=10;start_type=ATG;rbs_motif=None;rbs_spacer=None;gc_cont=0.429	k141_401456	2	658	-	Strict	50	95.5	vanY gene in vanG cluster	34.15	3002959	protein homolog model	n/a	n/a	glycopeptide antibiotic	antibiotic target alteration	vanY; glycopeptide resistance gene cluster	78.49	gnl|BL_ORD_ID|4731|hsp_num:0	298			237	795	vancomycin	
k141_53808_28 # 38084 # 38824 # 1 # ID=120139_28;partial=00;start_type=ATG;rbs_motif=TAAA;rbs_spacer=7bp;gc_cont=0.258	k141_53808	38084	38824	+	Strict	400	489.6	Erm(47)	99.59	3003908	protein homolog model	n/a	n/a	macrolide antibiotic; lincosamide antibiotic; streptogramin antibiotic; streptogramin B antibiotic	antibiotic target alteration	Erm 23S ribosomal RNA methyltransferase	100.00	gnl|BL_ORD_ID|2147|hsp_num:0	2387			0	738	erythromycin; lincomycin; clindamycin; spiramycin; azithromycin; quinupristin	
k141_545235_1 # 30 # 1193 # -1 # ID=120874_1;partial=01;start_type=Edge;rbs_motif=None;rbs_spacer=None;gc_cont=0.356	k141_545235	30	1193	-	Strict	175	203.4	vanT gene in vanG cluster	35.04	3002972	protein homolog model	n/a	n/a	glycopeptide antibiotic	antibiotic target alteration	glycopeptide resistance gene cluster; vanT	54.35	gnl|BL_ORD_ID|1523|hsp_num:0	1561			1023	2118	vancomycin	
k141_264939_4 # 3112 # 5574 # 1 # ID=121113_4;partial=00;start_type=ATG;rbs_motif=None;rbs_spacer=None;gc_cont=0.499	k141_264939	3112	5574	+	Strict	175	196.1	vanT gene in vanG cluster	35.03	3002972	protein homolog model	n/a	n/a	glycopeptide antibiotic	antibiotic target alteration	glycopeptide resistance gene cluster; vanT	115.17	gnl|BL_ORD_ID|1523|hsp_num:0	1561			981	2127	vancomycin	
k141_402222_1 # 16 # 1035 # -1 # ID=121483_1;partial=01;start_type=Edge;rbs_motif=None;rbs_spacer=None;gc_cont=0.648	k141_402222	16	1035	-	Strict	50	104.4	vanY gene in vanA cluster	33.8	3002955	protein homolog model	n/a	n/a	glycopeptide antibiotic	antibiotic target alteration	vanY; glycopeptide resistance gene cluster	111.88	gnl|BL_ORD_ID|4668|hsp_num:0	89			129	732	vancomycin; teicoplanin	
k141_335584_15 # 11671 # 12795 # 1 # ID=122471_15;partial=00;start_type=ATG;rbs_motif=None;rbs_spacer=None;gc_cont=0.487	k141_335584	11671	12795	+	Strict	175	203.8	vanT gene in vanG cluster	34.23	3002972	protein homolog model	n/a	n/a	glycopeptide antibiotic	antibiotic target alteration	glycopeptide resistance gene cluster; vanT	52.53	gnl|BL_ORD_ID|1523|hsp_num:0	1561			1029	2118	vancomycin	
k141_336668_12 # 9245 # 11164 # -1 # ID=124861_12;partial=00;start_type=ATG;rbs_motif=AGGAGG;rbs_spacer=5-10bp;gc_cont=0.411	k141_336668	9245	11164	-	Strict	300	1260.4	tet(32)	98.75	3000196	protein homolog model	n/a	n/a	tetracycline antibiotic	antibiotic target protection	tetracycline-resistant ribosomal protection protein	100.00	gnl|BL_ORD_ID|1221|hsp_num:0	1233			0	1917	tetracycline; doxycycline; minocycline; chlortetracycline; demeclocycline; oxytetracycline	
k141_403846_9 # 7451 # 10618 # -1 # ID=125098_9;partial=00;start_type=ATG;rbs_motif=GGAG/GAGG;rbs_spacer=5-10bp;gc_cont=0.489	k141_403846	7451	10618	-	Strict	750	757.3	adeF	41.39	3000777	protein homolog model	n/a	n/a	fluoroquinolone antibiotic; tetracycline antibiotic	antibiotic efflux	resistance-nodulation-cell division (RND) antibiotic efflux pump	99.62	gnl|BL_ORD_ID|133|hsp_num:0	153			6	3165	tetracycline	
k141_403984_5 # 3354 # 4478 # -1 # ID=125728_5;partial=00;start_type=ATG;rbs_motif=None;rbs_spacer=None;gc_cont=0.440	k141_403984	3354	4478	-	Strict	175	199.5	vanT gene in vanG cluster	33.24	3002972	protein homolog model	n/a	n/a	glycopeptide antibiotic	antibiotic target alteration	glycopeptide resistance gene cluster; vanT	52.53	gnl|BL_ORD_ID|1523|hsp_num:0	1561			1029	2106	vancomycin	
k141_547785_1 # 155 # 1003 # -1 # ID=126104_1;partial=01;start_type=Edge;rbs_motif=None;rbs_spacer=None;gc_cont=0.451	k141_547785	155	1003	-	Strict	50	124.8	vanW gene in vanI cluster	38.32	3003724	protein homolog model	n/a	n/a	glycopeptide antibiotic	antibiotic target alteration	vanW; glycopeptide resistance gene cluster	75.60	gnl|BL_ORD_ID|4747|hsp_num:0	2242			603	1098	vancomycin; teicoplanin	
k141_57150_1 # 1322 # 3196 # 1 # ID=127375_1;partial=00;start_type=ATG;rbs_motif=None;rbs_spacer=None;gc_cont=0.568	k141_57150	1322	3196	+	Strict	50	102.8	vanW gene in vanI cluster	30.95	3003724	protein homolog model	n/a	n/a	glycopeptide antibiotic	antibiotic target alteration	vanW; glycopeptide resistance gene cluster	167.29	gnl|BL_ORD_ID|4747|hsp_num:0	2242			447	1023	vancomycin; teicoplanin	
k141_57576_1 # 3 # 1562 # 1 # ID=128236_1;partial=10;start_type=Edge;rbs_motif=None;rbs_spacer=None;gc_cont=0.350	k141_57576	3	1562	+	Strict	50	111.3	vanW gene in vanI cluster	28.74	3003724	protein homolog model	n/a	n/a	glycopeptide antibiotic	antibiotic target alteration	vanW; glycopeptide resistance gene cluster	139.14	gnl|BL_ORD_ID|4747|hsp_num:0	2242			363	1083	vancomycin; teicoplanin	
k141_127932_31 # 32696 # 33982 # 1 # ID=129305_31;partial=00;start_type=ATG;rbs_motif=None;rbs_spacer=None;gc_cont=0.431	k141_127932	32696	33982	+	Strict	50	128.6	vanW gene in vanI cluster	32.56	3003724	protein homolog model	n/a	n/a	glycopeptide antibiotic	antibiotic target alteration	vanW; glycopeptide resistance gene cluster	114.75	gnl|BL_ORD_ID|4747|hsp_num:0	2242			363	1089	vancomycin; teicoplanin	
k141_339273_1 # 1 # 219 # 1 # ID=130513_1;partial=10;start_type=Edge;rbs_motif=None;rbs_spacer=None;gc_cont=0.530	k141_339273	1	219	+	Strict	50	60.5	vanY gene in vanA cluster	56.82	3002955	protein homolog model	n/a	n/a	glycopeptide antibiotic	antibiotic target alteration	vanY; glycopeptide resistance gene cluster	23.76	gnl|BL_ORD_ID|4668|hsp_num:0	89			582	714	vancomycin; teicoplanin	
k141_128433_1 # 9 # 2486 # -1 # ID=130575_1;partial=00;start_type=ATG;rbs_motif=None;rbs_spacer=None;gc_cont=0.366	k141_128433	9	2486	-	Strict	175	207.6	vanT gene in vanG cluster	35.66	3002972	protein homolog model	n/a	n/a	glycopeptide antibiotic	antibiotic target alteration	glycopeptide resistance gene cluster; vanT	115.87	gnl|BL_ORD_ID|1523|hsp_num:0	1561			1023	2118	vancomycin	
k141_550973_2 # 463 # 2382 # -1 # ID=133808_2;partial=00;start_type=ATG;rbs_motif=GGAGG;rbs_spacer=5-10bp;gc_cont=0.531	k141_550973	463	2382	-	Perfect	300	1255.4	tet(W)	100.0	3000194	protein homolog model	n/a	n/a	tetracycline antibiotic	antibiotic target protection	tetracycline-resistant ribosomal protection protein	100.00	gnl|BL_ORD_ID|457|hsp_num:0	389			0	1917	tetracycline; doxycycline; minocycline; chlortetracycline; demeclocycline; oxytetracycline	
k141_203560_3 # 1376 # 2473 # 1 # ID=135366_3;partial=00;start_type=ATG;rbs_motif=None;rbs_spacer=None;gc_cont=0.669	k141_203560	1376	2473	+	Strict	175	186.4	vanT gene in vanG cluster	33.88	3002972	protein homolog model	n/a	n/a	glycopeptide antibiotic	antibiotic target alteration	glycopeptide resistance gene cluster; vanT	51.26	gnl|BL_ORD_ID|1523|hsp_num:0	1561			1029	2118	vancomycin	
k141_409509_3 # 1888 # 2952 # 1 # ID=137274_3;partial=00;start_type=ATG;rbs_motif=AGGAG;rbs_spacer=5-10bp;gc_cont=0.366	k141_409509	1888	2952	+	Strict	250	338.2	vanG	47.46	3002909	protein homolog model	n/a	n/a	glycopeptide antibiotic	antibiotic target alteration	glycopeptide resistance gene cluster; Van ligase	101.43	gnl|BL_ORD_ID|1070|hsp_num:0	1157			0	1047	vancomycin	
k141_552799_1 # 2 # 1573 # 1 # ID=137543_1;partial=10;start_type=Edge;rbs_motif=None;rbs_spacer=None;gc_cont=0.410	k141_552799	2	1573	+	Strict	50	84.3	vanW gene in vanI cluster	31.52	3003724	protein homolog model	n/a	n/a	glycopeptide antibiotic	antibiotic target alteration	vanW; glycopeptide resistance gene cluster	140.21	gnl|BL_ORD_ID|4747|hsp_num:0	2242			615	1104	vancomycin; teicoplanin	
k141_273224_8 # 5570 # 6391 # -1 # ID=138388_8;partial=01;start_type=Edge;rbs_motif=None;rbs_spacer=None;gc_cont=0.603	k141_273224	5570	6391	-	Strict	50	103.2	vanY gene in vanB cluster	39.29	3002956	protein homolog model	n/a	n/a	glycopeptide antibiotic	antibiotic target alteration	vanY; glycopeptide resistance gene cluster	101.87	gnl|BL_ORD_ID|603|hsp_num:0	556			315	792	vancomycin	
k141_410623_2 # 139 # 1263 # 1 # ID=139615_2;partial=00;start_type=ATG;rbs_motif=AGGA;rbs_spacer=5-10bp;gc_cont=0.402	k141_410623	139	1263	+	Strict	175	255.8	vanT gene in vanG cluster	35.77	3002972	protein homolog model	n/a	n/a	glycopeptide antibiotic	antibiotic target alteration	glycopeptide resistance gene cluster; vanT	52.53	gnl|BL_ORD_ID|1523|hsp_num:0	1561			1029	2121	vancomycin	
k141_132822_1 # 2 # 994 # -1 # ID=139795_1;partial=10;start_type=ATG;rbs_motif=AGGA;rbs_spacer=5-10bp;gc_cont=0.575	k141_132822	2	994	-	Strict	175	210.7	vanT gene in vanG cluster	34.97	3002972	protein homolog model	n/a	n/a	glycopeptide antibiotic	antibiotic target alteration	glycopeptide resistance gene cluster; vanT	46.49	gnl|BL_ORD_ID|1523|hsp_num:0	1561			1029	1992	vancomycin	
k141_133781_1 # 117 # 743 # 1 # ID=141607_1;partial=00;start_type=ATG;rbs_motif=AGGA;rbs_spacer=5-10bp;gc_cont=0.502	k141_133781	117	743	+	Strict	50	130.2	vanY gene in vanA cluster	46.1	3002955	protein homolog model	n/a	n/a	glycopeptide antibiotic	antibiotic target alteration	vanY; glycopeptide resistance gene cluster	68.65	gnl|BL_ORD_ID|4668|hsp_num:0	89			444	879	vancomycin; teicoplanin	
k141_483538_1 # 3 # 2453 # 1 # ID=142002_1;partial=10;start_type=Edge;rbs_motif=None;rbs_spacer=None;gc_cont=0.462	k141_483538	3	2453	+	Strict	175	180.3	vanT gene in vanG cluster	31.25	3002972	protein homolog model	n/a	n/a	glycopeptide antibiotic	antibiotic target alteration	glycopeptide resistance gene cluster; vanT	114.61	gnl|BL_ORD_ID|1523|hsp_num:0	1561			1038	2118	vancomycin	
k141_555215_2 # 1162 # 1977 # -1 # ID=142587_2;partial=00;start_type=ATG;rbs_motif=None;rbs_spacer=None;gc_cont=0.341	k141_555215	1162	1977	-	Strict	50	91.3	vanY gene in vanM cluster	30.32	3002961	protein homolog model	n/a	n/a	glycopeptide antibiotic	antibiotic target alteration	vanY; glycopeptide resistance gene cluster	116.31	gnl|BL_ORD_ID|1674|hsp_num:0	1713			18	534	vancomycin; teicoplanin	
k141_207033_62 # 69108 # 70997 # -1 # ID=142806_62;partial=00;start_type=ATG;rbs_motif=None;rbs_spacer=None;gc_cont=0.342	k141_207033	69108	70997	-	Strict	175	200.7	vanT gene in vanG cluster	33.88	3002972	protein homolog model	n/a	n/a	glycopeptide antibiotic	antibiotic target alteration	glycopeptide resistance gene cluster; vanT	88.34	gnl|BL_ORD_ID|1523|hsp_num:0	1561			1026	2115	vancomycin	
k141_483981_1 # 1 # 1053 # -1 # ID=143005_1;partial=10;start_type=GTG;rbs_motif=AGGAG;rbs_spacer=5-10bp;gc_cont=0.659	k141_483981	1	1053	-	Strict	50	87.0	vanW gene in vanI cluster	37.69	3003724	protein homolog model	n/a	n/a	glycopeptide antibiotic	antibiotic target alteration	vanW; glycopeptide resistance gene cluster	94.10	gnl|BL_ORD_ID|4747|hsp_num:0	2242			513	903	vancomycin; teicoplanin	
k141_344755_2 # 137 # 1321 # -1 # ID=143262_2;partial=01;start_type=Edge;rbs_motif=None;rbs_spacer=None;gc_cont=0.587	k141_344755	137	1321	-	Strict	50	165.2	vanW gene in vanI cluster	42.79	3003724	protein homolog model	n/a	n/a	glycopeptide antibiotic	antibiotic target alteration	vanW; glycopeptide resistance gene cluster	105.63	gnl|BL_ORD_ID|4747|hsp_num:0	2242			417	1047	vancomycin; teicoplanin	
k141_412459_3 # 1985 # 2848 # -1 # ID=143401_3;partial=00;start_type=ATG;rbs_motif=TAAA;rbs_spacer=15bp;gc_cont=0.318	k141_412459	1985	2848	-	Strict	500	512.3	aadS	84.67	3004683	protein homolog model	n/a	n/a	aminoglycoside antibiotic	antibiotic inactivation	ANT(6)	100.00	gnl|BL_ORD_ID|2238|hsp_num:0	3382			0	861	streptomycin	
k141_345211_8 # 7043 # 8146 # -1 # ID=144152_8;partial=00;start_type=ATG;rbs_motif=AGGA;rbs_spacer=5-10bp;gc_cont=0.397	k141_345211	7043	8146	-	Strict	175	176.8	vanT gene in vanG cluster	32.43	3002972	protein homolog model	n/a	n/a	glycopeptide antibiotic	antibiotic target alteration	glycopeptide resistance gene cluster; vanT	51.54	gnl|BL_ORD_ID|1523|hsp_num:0	1561			1035	2118	vancomycin	
k141_345212_5 # 2647 # 3384 # 1 # ID=144210_5;partial=00;start_type=ATG;rbs_motif=GGA/GAG/AGG;rbs_spacer=5-10bp;gc_cont=0.592	k141_345212	2647	3384	+	Strict	50	99.0	vanW gene in vanI cluster	38.03	3003724	protein homolog model	n/a	n/a	glycopeptide antibiotic	antibiotic target alteration	vanW; glycopeptide resistance gene cluster	65.68	gnl|BL_ORD_ID|4747|hsp_num:0	2242			618	1041	vancomycin; teicoplanin	
k141_276275_3 # 876 # 1130 # -1 # ID=144594_3;partial=01;start_type=Edge;rbs_motif=None;rbs_spacer=None;gc_cont=0.341	k141_276275	876	1130	-	Strict	50	66.2	vanY gene in vanG cluster	53.7	3002959	protein homolog model	n/a	n/a	glycopeptide antibiotic	antibiotic target alteration	vanY; glycopeptide resistance gene cluster	30.11	gnl|BL_ORD_ID|4731|hsp_num:0	298			654	816	vancomycin	
k141_413432_1 # 3 # 593 # 1 # ID=145316_1;partial=10;start_type=Edge;rbs_motif=None;rbs_spacer=None;gc_cont=0.452	k141_413432	3	593	+	Strict	50	77.0	vanW gene in vanI cluster	40.57	3003724	protein homolog model	n/a	n/a	glycopeptide antibiotic	antibiotic target alteration	vanW; glycopeptide resistance gene cluster	52.55	gnl|BL_ORD_ID|4747|hsp_num:0	2242			732	1047	vancomycin; teicoplanin	
k141_345972_2 # 1005 # 1988 # -1 # ID=145825_2;partial=01;start_type=Edge;rbs_motif=None;rbs_spacer=None;gc_cont=0.519	k141_345972	1005	1988	-	Strict	50	108.6	vanY gene in vanF cluster	41.61	3002958	protein homolog model	n/a	n/a	glycopeptide antibiotic	antibiotic target alteration	vanY; glycopeptide resistance gene cluster	111.60	gnl|BL_ORD_ID|1809|hsp_num:0	1899			321	708	vancomycin	
k141_557230_2 # 509 # 1192 # -1 # ID=146525_2;partial=01;start_type=Edge;rbs_motif=None;rbs_spacer=None;gc_cont=0.503	k141_557230	509	1192	-	Strict	50	108.2	vanW gene in vanI cluster	42.42	3003724	protein homolog model	n/a	n/a	glycopeptide antibiotic	antibiotic target alteration	vanW; glycopeptide resistance gene cluster	60.86	gnl|BL_ORD_ID|4747|hsp_num:0	2242			654	1044	vancomycin; teicoplanin	
k141_557262_1 # 1 # 1518 # 1 # ID=146581_1;partial=10;start_type=Edge;rbs_motif=None;rbs_spacer=None;gc_cont=0.457	k141_557262	1	1518	+	Strict	50	85.9	vanW gene in vanI cluster	28.65	3003724	protein homolog model	n/a	n/a	glycopeptide antibiotic	antibiotic target alteration	vanW; glycopeptide resistance gene cluster	135.39	gnl|BL_ORD_ID|4747|hsp_num:0	2242			507	1056	vancomycin; teicoplanin	
k141_486699_29 # 23753 # 24886 # 1 # ID=148184_29;partial=00;start_type=ATG;rbs_motif=AAA;rbs_spacer=13bp;gc_cont=0.541	k141_486699	23753	24886	+	Strict	175	182.6	vanT gene in vanG cluster	32.15	3002972	protein homolog model	n/a	n/a	glycopeptide antibiotic	antibiotic target alteration	glycopeptide resistance gene cluster; vanT	52.95	gnl|BL_ORD_ID|1523|hsp_num:0	1561			1032	2118	vancomycin	
k141_486760_14 # 17217 # 19055 # -1 # ID=148493_14;partial=00;start_type=ATG;rbs_motif=None;rbs_spacer=None;gc_cont=0.427	k141_486760	17217	19055	-	Strict	50	99.4	vanW gene in vanI cluster	34.46	3003724	protein homolog model	n/a	n/a	glycopeptide antibiotic	antibiotic target alteration	vanW; glycopeptide resistance gene cluster	164.08	gnl|BL_ORD_ID|4747|hsp_num:0	2242			579	1104	vancomycin; teicoplanin	
k141_348377_26 # 28026 # 28706 # 1 # ID=150380_26;partial=00;start_type=ATG;rbs_motif=GGAG/GAGG;rbs_spacer=5-10bp;gc_cont=0.584	k141_348377	28026	28706	+	Strict	50	101.7	vanY gene in vanM cluster	33.5	3002961	protein homolog model	n/a	n/a	glycopeptide antibiotic	antibiotic target alteration	vanY; glycopeptide resistance gene cluster	97.00	gnl|BL_ORD_ID|1674|hsp_num:0	1713			12	588	vancomycin; teicoplanin	
k141_348377_27 # 28687 # 29502 # 1 # ID=150380_27;partial=00;start_type=ATG;rbs_motif=GGAG/GAGG;rbs_spacer=5-10bp;gc_cont=0.578	k141_348377	28687	29502	+	Strict	50	106.7	vanY gene in vanB cluster	33.02	3002956	protein homolog model	n/a	n/a	glycopeptide antibiotic	antibiotic target alteration	vanY; glycopeptide resistance gene cluster	101.12	gnl|BL_ORD_ID|603|hsp_num:0	556			195	789	vancomycin	
k141_138645_5 # 5402 # 5731 # -1 # ID=151913_5;partial=00;start_type=ATG;rbs_motif=None;rbs_spacer=None;gc_cont=0.588	k141_138645	5402	5731	-	Strict	75	105.1	qacG	43.4	3007015	protein homolog model	n/a	n/a	disinfecting agents and antiseptics	antibiotic efflux	small multidrug resistance (SMR) antibiotic efflux pump	101.87	gnl|BL_ORD_ID|4662|hsp_num:0	5731			0	318	benzalkonium chloride	
k141_138810_2 # 511 # 840 # 1 # ID=152176_2;partial=00;start_type=ATG;rbs_motif=GGAG/GAGG;rbs_spacer=5-10bp;gc_cont=0.609	k141_138810	511	840	+	Strict	75	86.3	qacG	38.68	3007015	protein homolog model	n/a	n/a	disinfecting agents and antiseptics	antibiotic efflux	small multidrug resistance (SMR) antibiotic efflux pump	101.87	gnl|BL_ORD_ID|4662|hsp_num:0	5731			0	318	benzalkonium chloride	
k141_138810_3 # 877 # 1206 # 1 # ID=152176_3;partial=00;start_type=ATG;rbs_motif=GGAG/GAGG;rbs_spacer=5-10bp;gc_cont=0.624	k141_138810	877	1206	+	Strict	75	81.6	qacG	39.62	3007015	protein homolog model	n/a	n/a	disinfecting agents and antiseptics	antibiotic efflux	small multidrug resistance (SMR) antibiotic efflux pump	101.87	gnl|BL_ORD_ID|4662|hsp_num:0	5731			0	318	benzalkonium chloride	
k141_560356_2 # 1324 # 2184 # -1 # ID=153037_2;partial=00;start_type=ATG;rbs_motif=AGGA;rbs_spacer=5-10bp;gc_cont=0.490	k141_560356	1324	2184	-	Perfect	500	572.0	TEM-116	100.0	3000979	protein homolog model	n/a	n/a	monobactam; cephalosporin; penam; penem	antibiotic inactivation	TEM beta-lactamase	100.00	gnl|BL_ORD_ID|77|hsp_num:0	87			0	858	ampicillin	
k141_349894_2 # 4296 # 5192 # -1 # ID=153109_2;partial=00;start_type=ATG;rbs_motif=AAAAAA;rbs_spacer=15bp;gc_cont=0.515	k141_349894	4296	5192	-	Strict	50	63.2	vanY gene in vanA cluster	33.09	3002955	protein homolog model	n/a	n/a	glycopeptide antibiotic	antibiotic target alteration	vanY; glycopeptide resistance gene cluster	98.35	gnl|BL_ORD_ID|4668|hsp_num:0	89			303	657	vancomycin; teicoplanin	
k141_490214_1 # 774 # 1799 # -1 # ID=154039_1;partial=01;start_type=Edge;rbs_motif=None;rbs_spacer=None;gc_cont=0.296	k141_490214	774	1799	-	Strict	175	229.9	vanT gene in vanG cluster	39.17	3002972	protein homolog model	n/a	n/a	glycopeptide antibiotic	antibiotic target alteration	glycopeptide resistance gene cluster; vanT	47.89	gnl|BL_ORD_ID|1523|hsp_num:0	1561			1107	2106	vancomycin	
