Organism,Omadacycline,Doxycycline,Minocycline,Tetracycline,Tigecycline,Oxacillin,Ceftaroline,Ceftriaxone,"Amoxicillin-
clavulanic acid","Piperacillin-
tazobactam",Levofloxacin,Erythromycin,Clindamycin,Linezolid,Daptomycin,Vancomycin,Teicoplanin,Gentamicin,Amikacin,Ampicillin,Azithromycin,Aztreonam,Cefepime,Ceftazidime,Colistin,Imipenem,Moxifloxacin,Penicillin,"Trimethoprim-
sulfamethoxazole"
Staphylococcus aureus,0.13991304936989024,0.3260116546957582,0.2709327107279693,0.9843180483397335,0.09239734381352487,1.0461813993405302,0.45196855385785834,5.559473929236499,,7.085893854748603,1.3311552884832603,3.7732178352005783,0.3330020778751468,1.1277274369861776,0.313054614446402,0.7661854645647952,0.5414338919925512,1.0925924922076162,,,,,,,,,,,0.6745083337097431
Escherichia coli,0.9183807910340783,3.106947087188844,2.6717639583156827,6.189129726205997,0.1860349322210636,,,1.5152831172216068,,6.868730924742402,3.4445290280495757,,,,,,,2.486752738654147,3.4559925703858188,,,2.5893607871245194,7.343510039113429,3.664625985534632,,0.1495966638430964,,,2.71691510172144
Pseudomonas aeruginosa,26.658526221768533,7.63733750478866,15.201141429669486,,6.69568785094436,,,,,22.784034975746746,3.1160315735651283,,,,,,,3.3391500765696787,6.494959806048232,,,,6.803502298263534,7.368679943827397,0.7763500574492531,2.4606867500638243,,,
Klebsiella pneumoniae,2.796784982060482,3.2216356877323418,5.16461130449196,5.359946133128126,0.6104371794871795,,,2.055392106611994,,18.721979474021808,2.3090523546772745,,,,,,,2.427478851576519,2.8651012301383907,,,3.904988467452588,12.849233974358974,6.9911007175807285,,0.6123718605843157,,,2.2522746505962306
Streptococcus pneumoniae,0.06204311672312904,0.2644401888772298,0.2660073413738857,1.2004744300677759,0.047158656808379544,,0.03434549819927971,0.22304452318594978,0.46277812018489983,,0.9776039421004005,4.061223813924831,0.4528615432003696,1.081165691407453,,0.27201601724934543,,,,,2.8415806863818913,,,,,,,0.4254567292885741,0.997617067159581
Enterococcus faecalis,0.10703531034482758,4.480608622147084,5.35638684552142,10.800066225165564,0.08360458057395144,,,,,4.342677345537758,1.678681379310345,9.141536189069424,1.9427621861152142,1.1282068965517242,0.8262675862068964,1.5691006896551722,2.550314465408805,177.05308310991958,,0.8963310344827585,,,,,,,,,
Haemophilus influenzae,0.7710721529991307,,,0.5858272964358158,0.21686248912097475,,,0.00897073312083454,1.110930165169516,,0.034057391304347824,,,,,,,,,2.5699797160243407,1.0802941176470588,,,,,,0.04890782608695652,,1.4650533487967528
Acinetobacter baumannii-calcoaceticus species complex,2.4732869481765833,2.7464731285988484,2.2666935483870967,8.590494479116659,1.5537092130518233,,,,,57.2678623364033,6.091876199616123,,,,,,,5.771219395103217,12.937469995199232,,,,22.18392599711677,,,3.8661324376199615,,,2.738282149712092
Streptococcus pyogenes,0.07364127764127763,0.40934563758389264,0.38434957983193274,1.3065125430398425,0.047412776412776414,,0.008081601231716704,0.030629370629370628,0.030629370629370628,0.06664335664335663,0.5776265356265357,1.8425147637795274,0.3031253071253071,1.126044226044226,0.07445717131474103,0.3590712530712531,0.09954545454545455,,,,,,,,,,,0.014487469287469287,0.14261306532663315
Proteus mirabilis,19.770687936191425,7.922731804586241,19.52041477640959,15.781655034895314,2.8295114656031903,,,0.5622283150548355,,0.7511565304087736,2.6242957042957045,,,,,,,2.1491076769690927,3.742273180458624,,,0.20647557328015953,1.3776221335992023,0.8296610169491525,,1.8931056829511466,,,2.297705
Enterobacter cloacae species complex,2.808269720101781,2.7685750636132314,4.076319095477387,4.086048879837067,0.6209974554707379,,,3.4750610997963336,,31.381176770249617,0.790617662072486,,,,,,,1.2425560081466396,1.777113034623218,,,6.075320351758794,3.7644549159449823,12.062015267175573,,0.5626819338422392,,,1.2342442748091602
Enterococcus faecium,0.09927631578947367,5.405207667731629,4.402966386554621,10.075749588138384,0.06131853070175439,,,,,15.21984126984127,3.684078947368421,13.140205128205128,1.716025641025641,1.1988706140350875,1.418962108731466,8.73889802631579,11.278008298755188,151.42179072276159,,12.906167763157894,,,,,,,,,
Staphylococcus epidermidis,0.31327061427780856,1.1098782512451577,0.44875698324022345,2.036873270614278,0.12346596568898728,1.4430935251798562,0.31866056572379364,6.040441176470588,,2.769607843137255,2.130426120641948,5.487819590481461,0.9032872163807416,0.885224128389596,0.3817819590481461,1.4364451827242524,2.8284313725490198,3.313503043718871,,,,,,,,,,,2.6623464305478692
Serratia marcescens,4.100390407138874,5.0055772448410485,3.5521343596920922,13.727830451756832,1.035064138315672,,,1.0425878416062464,,7.545619419642857,0.4950223089793642,,,,,,,0.9217131696428572,2.8464863357501393,,,0.8966899930020993,1.1018247767857143,0.9988901282766314,,0.7265978806469604,,,0.6427790178571428
Moraxella catarrhalis,0.15960850111856822,,,0.3206263982102908,0.056596756152125276,,,0.3342662192393736,0.14738095238095236,,0.04914966367713004,,,,,,,,,,0.02427815315315315,,,,,,0.05434677871148459,3.3528403361344536,0.24002801120448178
Klebsiella oxytoca,1.4082156611039796,1.4530012853470435,1.7438271604938271,2.0028938906752414,0.3254813863928113,,,1.0357445442875481,,13.782329910141206,0.27162170841361594,,,,,,,0.9815928066795119,1.850449293966624,,,2.244094993581515,1.601553273427471,1.4107252888318356,,0.2455519897304236,,,0.8177377892030849
Stenotrophomonas maltophilia,4.0728131021194605,2.6759734513274336,0.637,14.838246131171703,1.468194087403599,,,,,107.39849108367626,2.7291131105398456,,,,,,,,,,,,32.16510638297872,24.770173633440518,,,,,0.5880514469453376
Streptococcus agalactiae,0.11989655172413792,0.8582121212121212,0.8555757575757575,4.784137931034483,0.05681034482758621,,0.014679903730445247,0.05842911877394636,0.054827586206896546,0.2440229885057471,0.7812896551724137,5.658378191856452,0.8262896551724137,1.0825862068965517,0.2162071378586424,0.42482068965517245,0.1499233716475096,,,,,,,,,,,0.046336551724137934,
Enterobacter cloacae,2.202420016406891,2.4232977850697295,3.1366039952996476,3.426989335520919,0.4991960623461854,,,1.6661380443714051,,11.201599671862182,0.6367296631059983,,,,,,,0.828137817883511,1.618129614438064,,,2.597626321974148,2.7548113207547167,4.752649712879409,,0.36717801476620177,,,1.1597695473251028
Klebsiella aerogenes,2.083816425120773,2.0521739130434784,2.7938931297709924,2.9497098646034816,0.493487922705314,,,2.55352998065764,,20.548839458413926,0.20829787234042552,,,,,,,0.5673816425120773,1.6333333333333333,,,4.346759847522237,0.9623913043478262,8.762734299516909,,0.8123768115942029,,,0.45366537717601546
