Species,IMP,KPC,NDM,OXA,PER,SHV,SPM,TEM,VEB,VIM
Achromobacter insolitus,0.0,0.0,0.0,0.0,0.0,0.0,0.0,0.0,0.0,0.0
Achromobacter xylosoxidans,0.0,0.0,0.0,0.0,0.0,0.0,0.0,0.0,0.0,0.0
Acidaminococcus fermentans,0.0,0.0,0.0,0.0,0.0,0.0,0.0,0.0,0.0,0.0
Acinetobacter alcaligenes,0.0,0.0,0.0,0.0,0.0,0.0,0.0,0.0,0.0,0.0
Acinetobacter anitratus,0.0,0.0,0.0,0.0,0.0,0.0,0.0,0.0,0.0,0.0
Acinetobacter baumannii,0.0,0.0,0.00888671658039146,3.05925218279976,0.011108395725489325,0.0,0.0,0.0,0.0,0.0
Acinetobacter baylyi,0.0,0.0,0.0,0.0,0.0,0.0,0.0,0.0,0.0,0.0
Acinetobacter beijerinckii,0.0,0.0,0.0,0.0,0.0,0.0,0.0,0.0,0.0,0.0
Acinetobacter bereziniae,0.0,0.0,0.0,0.0,0.0,0.0,0.0,0.0,0.0,0.0
Acinetobacter calcoaceticus,0.0,0.0,0.0,0.0,0.0,0.0,0.0,0.0,0.0,0.0
Acinetobacter colistiniresistens,0.0,0.0,0.0,0.0,0.0,0.0,0.0,0.0,0.0,0.0
Acinetobacter courvalinii,0.0,0.0,0.0,0.0,0.0,0.0,0.0,0.0,0.0,0.0
Acinetobacter dijkshoorniae,0.0,0.0,0.0,0.0,0.0,0.0,0.0,0.0,0.0,0.0
Acinetobacter dispersus,0.0,0.0,0.0,0.0,0.0,0.0,0.0,0.0,0.0,0.0
Acinetobacter gandensis,0.0,0.0,0.0,0.0,0.0,0.0,0.0,0.0,0.0,0.0
Acinetobacter guillouiae,0.0,0.0,0.0,0.0,0.0,0.0,0.0,0.0,0.0,0.0
Acinetobacter gyllenbergii,0.0,0.0,0.0,0.0,0.0,0.0,0.0,0.0,0.0,0.0
Acinetobacter haemolyticus,0.0,0.0,0.0,0.0,0.0,0.0,0.0,0.0,0.0,0.0
Acinetobacter indicus,0.0,0.0,0.0,0.0,0.0,0.0,0.0,0.0,0.0,0.0
Acinetobacter johnsonii,0.0,0.0,0.0,0.0,0.0,0.0,0.0,0.0,0.0,0.0
Acinetobacter junii,0.0,0.0,0.0,0.0,0.0,0.0,0.0,0.0,0.0,0.0
Acinetobacter lactucae,0.0,0.0,0.0,0.0,0.0,0.0,0.0,0.0,0.0,0.0
Acinetobacter lwoffii,0.0,0.0,0.0,0.0,0.0,0.0,0.0,0.0,0.0,0.0
Acinetobacter modestus,0.0,0.0,0.0,0.0,0.0,0.0,0.0,0.0,0.0,0.0
Acinetobacter nosocomialis,0.0,0.0,0.0,0.0,0.0,0.0,0.0,0.0,0.0,0.0
Acinetobacter parvus,0.0,0.0,0.0,0.0,0.0,0.0,0.0,0.0,0.0,0.0
Acinetobacter pitii,0.0,0.0,0.0,0.0,0.0,0.0,0.0,0.0,0.0,0.0
Acinetobacter proteolyticus,0.0,0.0,0.0,0.0,0.0,0.0,0.0,0.0,0.0,0.0
Acinetobacter pseudolwoffii,0.0,0.0,0.0,0.0,0.0,0.0,0.0,0.0,0.0,0.0
Acinetobacter radioresistens,0.0,0.0,0.0,0.0,0.0,0.0,0.0,0.0,0.0,0.0
Acinetobacter schindleri,0.0,0.0,0.0,0.0,0.0,0.0,0.0,0.0,0.0,0.0
Acinetobacter seifertii,0.0,0.0,0.0,0.0,0.0,0.0,0.0,0.0,0.0,0.0
Acinetobacter soli,0.0,0.0,0.0,0.0,0.0,0.0,0.0,0.0,0.0,0.0
Acinetobacter spp,0.0,0.0,0.0,0.0,0.0,0.0,0.0,0.0,0.0,0.0
Acinetobacter tandoii,0.0,0.0,0.0,0.0,0.0,0.0,0.0,0.0,0.0,0.0
Acinetobacter tjernbergiae,0.0,0.0,0.0,0.0,0.0,0.0,0.0,0.0,0.0,0.0
Acinetobacter towneri,0.0,0.0,0.0,0.0,0.0,0.0,0.0,0.0,0.0,0.0
Acinetobacter ursingii,0.0,0.0,0.0,0.0,0.0,0.0,0.0,0.0,0.0,0.0
Acinetobacter variabilis,0.0,0.0,0.0,0.0,0.0,0.0,0.0,0.0,0.0,0.0
Acinetobacter venetianus,0.0,0.0,0.0,0.0,0.0,0.0,0.0,0.0,0.0,0.0
Acinetobacter vivianii,0.0,0.0,0.0,0.0,0.0,0.0,0.0,0.0,0.0,0.0
"Acinetobacter, non-speciated",0.0,0.0,0.0,0.0,0.0,0.0,0.0,0.0,0.0,0.0
Aerococcus viridans,0.0,0.0,0.0,0.0,0.0,0.0,0.0,0.0,0.0,0.0
Aeromonas caviae,0.0,0.0,0.0,0.0,0.0,0.0,0.0,0.0,0.0,0.0
Aeromonas hydrophila,0.0,0.0,0.0,0.0,0.0,0.0,0.0,0.0,0.0,0.0
Aeromonas spp,0.0,0.0,0.0,0.0,0.0,0.0,0.0,0.0,0.0,0.0
Aeromonas veronii,0.0,0.0,0.0,0.0,0.0,0.0,0.0,0.0,0.0,0.0
Alcaligenes faecalis,0.0,0.0,0.0,0.0,0.0,0.0,0.0,0.0,0.0,0.0
Anaerococcus hydrogenalis,0.0,0.0,0.0,0.0,0.0,0.0,0.0,0.0,0.0,0.0
Anaerococcus lactolyticus,0.0,0.0,0.0,0.0,0.0,0.0,0.0,0.0,0.0,0.0
Anaerococcus murdochii,0.0,0.0,0.0,0.0,0.0,0.0,0.0,0.0,0.0,0.0
Anaerococcus octavius,0.0,0.0,0.0,0.0,0.0,0.0,0.0,0.0,0.0,0.0
Anaerococcus prevotii,0.0,0.0,0.0,0.0,0.0,0.0,0.0,0.0,0.0,0.0
Anaerococcus spp,0.0,0.0,0.0,0.0,0.0,0.0,0.0,0.0,0.0,0.0
Anaerococcus tetradius,0.0,0.0,0.0,0.0,0.0,0.0,0.0,0.0,0.0,0.0
Anaerococcus vaginalis,0.0,0.0,0.0,0.0,0.0,0.0,0.0,0.0,0.0,0.0
Anaerovorax spp,0.0,0.0,0.0,0.0,0.0,0.0,0.0,0.0,0.0,0.0
Bacillus spp,0.0,0.0,0.0,0.0,0.0,0.0,0.0,0.0,0.0,0.0
Bacteroides bivius,0.0,0.0,0.0,0.0,0.0,0.0,0.0,0.0,0.0,0.0
Bacteroides caccae,0.0,0.0,0.0,0.0,0.0,0.0,0.0,0.0,0.0,0.0
Bacteroides capsillosis,0.0,0.0,0.0,0.0,0.0,0.0,0.0,0.0,0.0,0.0
Bacteroides cellulosilyticus,0.0,0.0,0.0,0.0,0.0,0.0,0.0,0.0,0.0,0.0
Bacteroides coagulans,0.0,0.0,0.0,0.0,0.0,0.0,0.0,0.0,0.0,0.0
Bacteroides dorei,0.0,0.0,0.0,0.0,0.0,0.0,0.0,0.0,0.0,0.0
Bacteroides eggerthii,0.0,0.0,0.0,0.0,0.0,0.0,0.0,0.0,0.0,0.0
Bacteroides faecis,0.0,0.0,0.0,0.0,0.0,0.0,0.0,0.0,0.0,0.0
Bacteroides fragilis,0.0,0.0,0.0,0.0,0.0,0.0,0.0,0.0,0.0,0.0
Bacteroides intestinalis,0.0,0.0,0.0,0.0,0.0,0.0,0.0,0.0,0.0,0.0
Bacteroides massiliensis,0.0,0.0,0.0,0.0,0.0,0.0,0.0,0.0,0.0,0.0
Bacteroides merdeae,0.0,0.0,0.0,0.0,0.0,0.0,0.0,0.0,0.0,0.0
Bacteroides nordii,0.0,0.0,0.0,0.0,0.0,0.0,0.0,0.0,0.0,0.0
Bacteroides ovatus,0.0,0.0,0.0,0.0,0.0,0.0,0.0,0.0,0.0,0.0
Bacteroides pyogenes,0.0,0.0,0.0,0.0,0.0,0.0,0.0,0.0,0.0,0.0
Bacteroides salersyae,0.0,0.0,0.0,0.0,0.0,0.0,0.0,0.0,0.0,0.0
Bacteroides splanchnicus,0.0,0.0,0.0,0.0,0.0,0.0,0.0,0.0,0.0,0.0
Bacteroides spp,0.0,0.0,0.0,0.0,0.0,0.0,0.0,0.0,0.0,0.0
Bacteroides stercosis,0.0,0.0,0.0,0.0,0.0,0.0,0.0,0.0,0.0,0.0
Bacteroides thetaiotaomicron,0.0,0.0,0.0,0.0,0.0,0.0,0.0,0.0,0.0,0.0
Bacteroides uniformis,0.0,0.0,0.0,0.0,0.0,0.0,0.0,0.0,0.0,0.0
Bacteroides vulgatus,0.0,0.0,0.0,0.0,0.0,0.0,0.0,0.0,0.0,0.0
Bacteroides xylanolyticus,0.0,0.0,0.0,0.0,0.0,0.0,0.0,0.0,0.0,0.0
Bordetella spp,0.0,0.0,0.0,0.0,0.0,0.0,0.0,0.0,0.0,0.0
Bordetella trematum,0.0,0.0,0.0,0.0,0.0,0.0,0.0,0.0,0.0,0.0
Burkholderia cenocepacia,0.0,0.0,0.0,0.0,0.0,0.0,0.0,0.0,0.0,0.0
Burkholderia cepacia,0.0,0.0,0.0,0.0,0.0,0.0,0.0,0.0,0.0,0.0
Burkholderia spp,0.0,0.0,0.0,0.0,0.0,0.0,0.0,0.0,0.0,0.0
Campylobacter ureolyticus,0.0,0.0,0.0,0.0,0.0,0.0,0.0,0.0,0.0,0.0
Citrobacter amalonaticus,0.0,1.3953488372093024,0.46511627906976744,0.46511627906976744,0.0,0.0,0.0,1.8604651162790697,0.0,0.0
Citrobacter braakii,0.13623978201634876,0.0,0.13623978201634876,0.2724795640326975,0.0,0.2724795640326975,0.0,0.4087193460490463,0.0,0.13623978201634876
Citrobacter diversus,0.0,0.0,0.0,0.0,0.0,0.0,0.0,0.0,0.0,0.0
Citrobacter farmeri,0.0,0.9803921568627451,0.9803921568627451,0.0,0.0,1.9607843137254901,0.0,0.9803921568627451,0.0,2.941176470588235
Citrobacter freundii,0.4589315132972464,0.7531183807954813,0.894328077194634,0.2941868674982349,0.02353494939985879,0.6589785831960462,0.0,1.694516356789833,0.02353494939985879,0.5060014120969639
Citrobacter gillenii,0.0,0.0,0.0,0.0,0.0,0.0,0.0,0.0,0.0,0.0
Citrobacter koseri,0.0,0.06785181164337087,0.12213326095806758,0.1085628986293934,0.0,0.12213326095806758,0.0,0.09499253630071923,0.0,0.013570362328674175
Citrobacter murliniae,0.0,0.0,0.0,0.0,0.0,0.0,0.0,0.0,0.0,0.0
Citrobacter sedlakii,0.0,0.0,3.0927835051546393,0.0,0.0,1.0309278350515463,0.0,2.0618556701030926,0.0,0.0
Citrobacter spp,0.24937655860349126,0.997506234413965,1.4962593516209477,0.24937655860349126,0.0,0.7481296758104738,0.0,1.7456359102244388,0.0,0.7481296758104738
Citrobacter werkmanii,0.0,0.0,0.0,0.0,0.0,0.0,0.0,0.0,0.0,0.0
Citrobacter youngae,0.0,0.0,0.0,0.0,0.0,0.0,0.0,0.0,0.0,0.0
"Citrobacter, non-speciated",0.0,0.0,0.0,0.0,0.0,0.0,0.0,0.0,0.0,0.0
Clostridioides difficile,0.0,0.0,0.0,0.0,0.0,0.0,0.0,0.0,0.0,0.0
Clostridioides spp,0.0,0.0,0.0,0.0,0.0,0.0,0.0,0.0,0.0,0.0
Clostridium aldenense,0.0,0.0,0.0,0.0,0.0,0.0,0.0,0.0,0.0,0.0
Clostridium barati,0.0,0.0,0.0,0.0,0.0,0.0,0.0,0.0,0.0,0.0
Clostridium beijerinckii,0.0,0.0,0.0,0.0,0.0,0.0,0.0,0.0,0.0,0.0
Clostridium bifermentans,0.0,0.0,0.0,0.0,0.0,0.0,0.0,0.0,0.0,0.0
Clostridium bolteae,0.0,0.0,0.0,0.0,0.0,0.0,0.0,0.0,0.0,0.0
Clostridium butyricum,0.0,0.0,0.0,0.0,0.0,0.0,0.0,0.0,0.0,0.0
Clostridium cadaveris,0.0,0.0,0.0,0.0,0.0,0.0,0.0,0.0,0.0,0.0
Clostridium celerecrescens,0.0,0.0,0.0,0.0,0.0,0.0,0.0,0.0,0.0,0.0
Clostridium citroniae,0.0,0.0,0.0,0.0,0.0,0.0,0.0,0.0,0.0,0.0
Clostridium clostridiiformis,0.0,0.0,0.0,0.0,0.0,0.0,0.0,0.0,0.0,0.0
Clostridium cochlearium,0.0,0.0,0.0,0.0,0.0,0.0,0.0,0.0,0.0,0.0
Clostridium colicanis,0.0,0.0,0.0,0.0,0.0,0.0,0.0,0.0,0.0,0.0
Clostridium disporicum,0.0,0.0,0.0,0.0,0.0,0.0,0.0,0.0,0.0,0.0
Clostridium glycolicum,0.0,0.0,0.0,0.0,0.0,0.0,0.0,0.0,0.0,0.0
Clostridium hastiforme,0.0,0.0,0.0,0.0,0.0,0.0,0.0,0.0,0.0,0.0
Clostridium hathewayi,0.0,0.0,0.0,0.0,0.0,0.0,0.0,0.0,0.0,0.0
Clostridium histolyticum,0.0,0.0,0.0,0.0,0.0,0.0,0.0,0.0,0.0,0.0
Clostridium hylemonae,0.0,0.0,0.0,0.0,0.0,0.0,0.0,0.0,0.0,0.0
Clostridium innocuum,0.0,0.0,0.0,0.0,0.0,0.0,0.0,0.0,0.0,0.0
Clostridium limosum,0.0,0.0,0.0,0.0,0.0,0.0,0.0,0.0,0.0,0.0
Clostridium novyia,0.0,0.0,0.0,0.0,0.0,0.0,0.0,0.0,0.0,0.0
Clostridium paraputrificum,0.0,0.0,0.0,0.0,0.0,0.0,0.0,0.0,0.0,0.0
Clostridium perfringens,0.0,0.0,0.0,0.0,0.0,0.0728862973760933,0.0,0.0,0.0,0.0
Clostridium putrificum,0.0,0.0,0.0,0.0,0.0,0.0,0.0,0.0,0.0,0.0
Clostridium ramosum,0.0,0.0,0.0,0.0,0.0,0.0,0.0,0.0,0.0,0.0
Clostridium rectum,0.0,0.0,0.0,0.0,0.0,0.0,0.0,0.0,0.0,0.0
Clostridium scatalogenes,0.0,0.0,0.0,0.0,0.0,0.0,0.0,0.0,0.0,0.0
Clostridium scindens,0.0,0.0,0.0,0.0,0.0,0.0,0.0,0.0,0.0,0.0
Clostridium septicum,0.0,0.0,0.0,0.0,0.0,0.0,0.0,0.0,0.0,0.0
Clostridium sordellii,0.0,0.0,0.0,0.0,0.0,0.0,0.0,0.0,0.0,0.0
Clostridium sphenoides,0.0,0.0,0.0,0.0,0.0,0.0,0.0,0.0,0.0,0.0
Clostridium sporogenes,0.0,0.0,0.0,0.0,0.0,0.0,0.0,0.0,0.0,0.0
Clostridium spp,0.0,0.0,0.0,0.0,0.0,0.0,0.0,0.0,0.0,0.0
Clostridium subterminale,0.0,0.0,0.0,0.0,0.0,0.0,0.0,0.0,0.0,0.0
Clostridium symbiosum,0.0,0.0,0.0,0.0,0.0,0.0,0.0,0.0,0.0,0.0
Clostridium tertium,0.0,0.0,0.0,0.0,0.0,0.0,0.0,0.0,0.0,0.0
Comamonas kerstersii,0.0,0.0,0.0,0.0,0.0,0.0,0.0,0.0,0.0,0.0
Corynebacterium aurimucosum,0.0,0.0,0.0,0.0,0.0,0.0,0.0,0.0,0.0,0.0
Corynebacterium tuberculostearicum,0.0,0.0,0.0,0.0,0.0,0.0,0.0,0.0,0.0,0.0
Cronobacter sakazakii,0.0,0.0,0.0,0.0,0.0,0.0,0.0,0.0,0.0,0.0
Cronobacter spp,0.0,0.0,0.0,0.0,0.0,0.0,0.0,0.0,0.0,0.0
Cutibacterium acnes,0.0,0.0,0.0,0.0,0.0,0.0,0.0,0.0,0.0,0.0
Cutibacterium spp,0.0,0.0,0.0,0.0,0.0,0.0,0.0,0.0,0.0,0.0
Eggerthella lenta,0.0,0.0,0.0,0.0,0.0,0.0,0.0,0.0,0.0,0.0
Eggerthella spp,0.0,0.0,0.0,0.0,0.0,0.0,0.0,0.0,0.0,0.0
Elizabethkingia anophelis,0.0,0.0,0.0,0.0,0.0,0.0,0.0,0.0,0.0,0.0
Enterobacter agglomerans,0.0,0.0,0.0,0.0,0.0,0.2544529262086514,0.0,0.0,0.0,0.2544529262086514
Enterobacter asburiae,0.08399832003359933,0.37799244015119693,0.251994960100798,0.08399832003359933,0.0,0.503989920201596,0.0,0.629987400251995,0.041999160016799666,0.251994960100798
Enterobacter bugandensis,0.1002004008016032,0.2004008016032064,0.7014028056112225,0.1002004008016032,0.0,0.30060120240480964,0.0,0.4008016032064128,0.1002004008016032,0.2004008016032064
Enterobacter cancerogenus,0.0,0.0,0.0,0.0,0.0,0.0,0.0,0.0,0.0,0.0
Enterobacter cloacae,0.04096328396179635,0.22637604294676927,0.46568785977621113,0.1918806459263092,0.002155962313778755,0.3363301209494858,0.0,0.9895867020244485,0.006467886941336265,0.42472457581441475
Enterobacter gergoviae,0.0,0.0,0.0,0.0,0.0,0.0,0.0,0.0,0.0,0.0
Enterobacter hormaechi,0.2451648052301825,0.599291746118224,4.848815036774721,0.6265322800326887,0.0,0.8444565513484064,0.0,4.086080087169709,0.299645873059112,1.0351402887496595
Enterobacter intermedium,0.0,0.0,0.0,0.0,0.0,0.0,0.0,0.0,0.0,0.0
Enterobacter kobei,0.0,0.34071550255536626,0.2555366269165247,0.17035775127768313,0.0,0.2555366269165247,0.0,0.2555366269165247,0.08517887563884156,0.17035775127768313
Enterobacter liquifaciens,0.0,0.0,0.0,0.0,0.0,0.0,0.0,0.0,0.0,0.0
Enterobacter ludwigii,0.0,0.0,0.0,0.0,0.0,0.0,0.0,0.0,0.0,0.0
Enterobacter roggenkampii,0.0,0.43859649122807015,1.7543859649122806,0.8771929824561403,0.0,0.0,0.0,2.1929824561403506,0.0,0.0
Enterobacter sakazakii,0.0,0.0,0.0,0.0,0.0,0.0,0.0,0.0,0.0,0.0
Enterobacter spp,0.37774725274725274,0.4464285714285714,2.2664835164835164,0.37774725274725274,0.0,0.4464285714285714,0.0,1.9230769230769231,0.0,0.4464285714285714
Enterobacter taylorae,0.0,0.0,0.0,0.0,0.0,0.0,0.0,0.0,0.0,0.0
Enterobacter xiangfangensis,0.0,0.0,1.5957446808510638,1.0638297872340425,0.0,0.0,0.0,3.723404255319149,0.0,0.0
"Enterobacter, non-speciated",0.0,0.12836970474967907,0.0,0.0,0.0,0.25673940949935814,0.0,0.38510911424903727,0.0,0.38510911424903727
Enterocloster aldenensis,0.0,0.0,0.0,0.0,0.0,0.0,0.0,0.0,0.0,0.0
Enterocloster bolteae,0.0,0.0,0.0,0.0,0.0,0.0,0.0,0.0,0.0,0.0
Enterocloster citroniae,0.0,0.0,0.0,0.0,0.0,0.0,0.0,0.0,0.0,0.0
Enterocloster clostridioformis,0.0,0.0,0.0,0.0,0.0,0.0,0.0,0.0,0.0,0.0
Enterococcus Group D,0.0,0.0,0.0,0.0,0.0,0.0,0.0,0.0,0.0,0.0
Enterococcus avium,0.0,0.0,0.0,0.0,0.0,0.0,0.0,0.0,0.0,0.0
Enterococcus canintestini,0.0,0.0,0.0,0.0,0.0,0.0,0.0,0.0,0.0,0.0
Enterococcus casseliflavus,0.0,0.0,0.0,0.0,0.0,0.0,0.0,0.0,0.0,0.0
Enterococcus durans,0.0,0.0,0.0,0.0,0.0,0.0,0.0,0.0,0.0,0.0
Enterococcus faecalis,0.0,0.0,0.0,0.0,0.0,0.0,0.0,0.0,0.0,0.0
Enterococcus faecium,0.0,0.0,0.0,0.0,0.0,0.0,0.0,0.0,0.0,0.0
Enterococcus flavescens,0.0,0.0,0.0,0.0,0.0,0.0,0.0,0.0,0.0,0.0
Enterococcus gallinarum,0.0,0.0,0.0,0.0,0.0,0.0,0.0,0.0,0.0,0.0
Enterococcus hirae,0.0,0.0,0.0,0.0,0.0,0.0,0.0,0.0,0.0,0.0
Enterococcus malodoratus,0.0,0.0,0.0,0.0,0.0,0.0,0.0,0.0,0.0,0.0
Enterococcus mundtii,0.0,0.0,0.0,0.0,0.0,0.0,0.0,0.0,0.0,0.0
Enterococcus raffinosus,0.0,0.0,0.0,0.0,0.0,0.0,0.0,0.0,0.0,0.0
Enterococcus spp,0.0,0.0,0.0,0.0,0.0,0.0,0.0,0.0,0.0,0.0
"Enterococcus, non-speciated",0.0,0.0,0.0,0.0,0.0,0.0,0.0,0.0,0.0,0.0
Escherichia coli,0.00397209996981204,0.13664023896153418,0.535439075930663,0.2359427382068352,0.0023832599818872243,0.43931425666121166,0.0,6.157549373202625,0.0071497799456616724,0.017477239867172974
Escherichia fergusonii,0.0,0.0,0.0,0.0,0.0,0.0,0.0,0.0,0.0,0.0
Escherichia hermanii,0.0,0.0,0.0,0.0,0.0,0.0,0.0,0.0,0.0,0.0
Escherichia spp,0.0,0.0,1.9736842105263157,0.6578947368421052,0.0,0.6578947368421052,0.0,0.6578947368421052,0.0,0.0
Escherichia vulneris,0.0,0.0,0.0,0.0,0.0,0.0,0.0,0.0,0.0,0.0
Eubacterium aerofaciens,0.0,0.0,0.0,0.0,0.0,0.0,0.0,0.0,0.0,0.0
Eubacterium lentum,0.0,0.0,0.0,0.0,0.0,0.0,0.0,0.0,0.0,0.0
Eubacterium limosum,0.0,0.0,0.0,0.0,0.0,0.0,0.0,0.0,0.0,0.0
Finegoldia magna,0.0,0.0,0.0,0.0,0.0,0.0,0.0,0.0,0.0,0.0
Finegoldia spp,0.0,0.0,0.0,0.0,0.0,0.0,0.0,0.0,0.0,0.0
Fusobacterium nucleatum,0.0,0.0,0.0,0.0,0.0,0.0,0.0,0.0,0.0,0.0
Fusobacterium ulcerans,0.0,0.0,0.0,0.0,0.0,0.0,0.0,0.0,0.0,0.0
Haemophilus influenzae,0.0,0.0,0.0,0.0,0.0,0.0,0.0,0.0,0.0,0.0
Haemophilus parahaemolyticus,0.0,0.0,0.0,0.0,0.0,0.0,0.0,0.0,0.0,0.0
Haemophilus parainfluenzae,0.0,0.0,0.0,0.0,0.0,0.0,0.0,0.0,0.0,0.0
Haemophilus pittmaniae,0.0,0.0,0.0,0.0,0.0,0.0,0.0,0.0,0.0,0.0
Haemophilus spp,0.0,0.0,0.0,0.0,0.0,0.0,0.0,0.0,0.0,0.0
Hafnia alvei,0.0,0.0,0.0,0.0,0.0,0.0,0.0,0.0,0.0,0.0
Hungatella effluvii,0.0,0.0,0.0,0.0,0.0,0.0,0.0,0.0,0.0,0.0
Hungatella hathewayi,0.0,0.0,0.0,0.0,0.0,0.0,0.0,0.0,0.0,0.0
Hungatella spp,0.0,0.0,0.0,0.0,0.0,0.0,0.0,0.0,0.0,0.0
Klebsiella aerogenes,0.010968520346605243,0.13710650433256555,0.08226390259953932,0.07129538225293408,0.0,0.1316222441592629,0.0,0.3455083909180652,0.005484260173302622,0.02742130086651311
Klebsiella ornithinolytica,0.0,0.0,0.0,0.0,0.0,0.0,0.0,0.0,0.0,0.0
Klebsiella oxytoca,0.04836759371221282,0.3724304715840387,0.24183796856106407,0.13059250302297462,0.02418379685610641,0.9915356711003628,0.0,1.8428053204353083,0.009673518742442563,0.16444981862152358
Klebsiella ozaenae,0.0,0.0,0.0,0.0,0.0,0.0,0.0,0.0,0.0,0.0
Klebsiella planticola,0.0,0.0,0.0,0.0,0.0,0.0,0.0,0.0,0.0,0.0
Klebsiella pneumoniae,0.03553195070409366,4.157238232378957,2.7948684382772613,3.4391188076225383,0.011220616011819048,24.902287135563743,0.0,17.714547528659324,0.06451854206795953,0.23656798758251826
Klebsiella rhinoscleromatis,0.0,0.0,0.0,0.0,0.0,0.0,0.0,0.0,0.0,0.0
Klebsiella spp,0.0,3.4965034965034967,5.361305361305361,5.594405594405594,0.0,10.256410256410255,0.0,7.925407925407925,0.0,0.0
Klebsiella variicola,0.03002101471029721,0.5103572500750525,0.39027319123386367,0.2701891323926749,0.03002101471029721,1.5010507355148603,0.0,1.7412188531972381,0.0,0.03002101471029721
"Klebsiella, non-speciated",0.0,0.0,0.0,0.0,0.0,0.46728971962616817,0.0,0.0,0.0,0.0
Kluyvera ascorbata,0.0,0.0,0.0,0.0,0.0,0.0,0.0,0.0,0.0,0.0
Lactobacillus casei,0.0,0.0,0.0,0.0,0.0,0.0,0.0,0.0,0.0,0.0
Lancefieldella parvula,0.0,0.0,0.0,0.0,0.0,0.0,0.0,0.0,0.0,0.0
Lelliottia amnigena,0.0,0.0,0.0,0.0,0.0,0.0,0.0,0.0,0.0,0.0
Mixta calida,0.0,0.0,0.0,0.0,0.0,0.0,0.0,0.0,0.0,0.0
Moraxella catarrhalis,0.0,0.0,0.0,0.0,0.0,0.0,0.0,0.0,0.0,0.0
Moraxella osloensis,0.0,0.0,0.0,0.0,0.0,0.0,0.0,0.0,0.0,0.0
Moraxella spp,0.0,0.0,0.0,0.0,0.0,0.0,0.0,0.0,0.0,0.0
Morganella morganii,0.0,0.11706175007316359,0.35118525021949076,0.058530875036581796,0.014632718759145449,0.029265437518290898,0.0,0.2048580626280363,0.029265437518290898,0.08779631255487269
Morganella spp,0.0,0.0,0.0,0.0,0.0,0.0,0.0,0.0,0.0,0.0
Myroides odoratimimus,0.0,0.0,0.0,0.0,0.0,0.0,0.0,0.0,0.0,0.0
Neisseria gonorrhoeae,0.0,0.0,0.0,0.0,0.0,0.0,0.0,0.0,0.0,0.0
Ochrobactrum anthropi,0.0,0.0,0.0,0.0,0.0,0.0,0.0,0.0,0.0,0.0
Paeniclostridium sordelli,0.0,0.0,0.0,0.0,0.0,0.0,0.0,0.0,0.0,0.0
Paeniclostridium spp,0.0,0.0,0.0,0.0,0.0,0.0,0.0,0.0,0.0,0.0
Pantoea agglomerans,0.0,0.0,0.0,0.0,0.0,0.0,0.0,0.0,0.0,0.0
Pantoea dispersa,0.0,0.0,0.0,0.0,0.0,0.0,0.0,0.0,0.0,0.0
Pantoea septica,0.0,0.0,0.0,0.0,0.0,0.0,0.0,0.0,0.0,0.0
Pantoea spp,0.0,0.0,0.0,0.0,0.0,0.0,0.0,0.0,0.0,0.0
Parabacteroides distasonis,0.0,0.0,0.0,0.0,0.0,0.0,0.0,0.0,0.0,0.0
Parabacteroides goldsteinii,0.0,0.0,0.0,0.0,0.0,0.0,0.0,0.0,0.0,0.0
Parabacteroides johnsonii,0.0,0.0,0.0,0.0,0.0,0.0,0.0,0.0,0.0,0.0
Parabacteroides spp,0.0,0.0,0.0,0.0,0.0,0.0,0.0,0.0,0.0,0.0
Paraclostridium bifermentans,0.0,0.0,0.0,0.0,0.0,0.0,0.0,0.0,0.0,0.0
Paraclostridium spp,0.0,0.0,0.0,0.0,0.0,0.0,0.0,0.0,0.0,0.0
Parvimonas micra,0.0,0.0,0.0,0.0,0.0,0.0,0.0,0.0,0.0,0.0
Parvimonas spp,0.0,0.0,0.0,0.0,0.0,0.0,0.0,0.0,0.0,0.0
Peptoniphilus asaccharolyticus,0.0,0.0,0.0,0.0,0.0,0.0,0.0,0.0,0.0,0.0
Peptoniphilus coxii,0.0,0.0,0.0,0.0,0.0,0.0,0.0,0.0,0.0,0.0
Peptoniphilus gorbachii,0.0,0.0,0.0,0.0,0.0,0.0,0.0,0.0,0.0,0.0
Peptoniphilus grossensis,0.0,0.0,0.0,0.0,0.0,0.0,0.0,0.0,0.0,0.0
Peptoniphilus harei,0.0,0.0,0.0,0.0,0.0,0.0,0.0,0.0,0.0,0.0
Peptoniphilus indolicus,0.0,0.0,0.0,0.0,0.0,0.0,0.0,0.0,0.0,0.0
Peptoniphilus lacrimalis,0.0,0.0,0.0,0.0,0.0,0.0,0.0,0.0,0.0,0.0
Peptoniphilus olsenii,0.0,0.0,0.0,0.0,0.0,0.0,0.0,0.0,0.0,0.0
Peptoniphilus spp,0.0,0.0,0.0,0.0,0.0,0.0,0.0,0.0,0.0,0.0
Peptostreptococcus anaerobius,0.0,0.0,0.0,0.0,0.0,0.0,0.0,0.0,0.0,0.0
Peptostreptococcus hydrogenalis,0.0,0.0,0.0,0.0,0.0,0.0,0.0,0.0,0.0,0.0
Peptostreptococcus indolicus,0.0,0.0,0.0,0.0,0.0,0.0,0.0,0.0,0.0,0.0
Peptostreptococcus lactolyticus,0.0,0.0,0.0,0.0,0.0,0.0,0.0,0.0,0.0,0.0
Peptostreptococcus magnus,0.0,0.0,0.0,0.0,0.0,0.0,0.0,0.0,0.0,0.0
Peptostreptococcus spp,0.0,0.0,0.0,0.0,0.0,0.0,0.0,0.0,0.0,0.0
Peptostreptococcus tetradius,0.0,0.0,0.0,0.0,0.0,0.0,0.0,0.0,0.0,0.0
Phocaeicola massiliensis,0.0,0.0,0.0,0.0,0.0,0.0,0.0,0.0,0.0,0.0
Phocaeicola spp,0.0,0.0,0.0,0.0,0.0,0.0,0.0,0.0,0.0,0.0
Phocaeicola vulgatus,0.0,0.0,0.0,0.0,0.0,0.0,0.0,0.0,0.0,0.0
Pluralibacter gergoviae,0.0,0.0,0.0,0.0,0.0,0.0,0.0,0.0,0.0,0.0
Prevotella amnii,0.0,0.0,0.0,0.0,0.0,0.0,0.0,0.0,0.0,0.0
Prevotella baroniae,0.0,0.0,0.0,0.0,0.0,0.0,0.0,0.0,0.0,0.0
Prevotella bergensis,0.0,0.0,0.0,0.0,0.0,0.0,0.0,0.0,0.0,0.0
Prevotella bivia,0.0,0.0,0.0,0.0,0.0,0.0,0.0,0.0,0.0,0.0
Prevotella buccae,0.0,0.0,0.0,0.0,0.0,0.0,0.0,0.0,0.0,0.0
Prevotella buccalis,0.0,0.0,0.0,0.0,0.0,0.0,0.0,0.0,0.0,0.0
Prevotella corporis,0.0,0.0,0.0,0.0,0.0,0.0,0.0,0.0,0.0,0.0
Prevotella denticola,0.0,0.0,0.0,0.0,0.0,0.0,0.0,0.0,0.0,0.0
Prevotella disiens,0.0,0.0,0.0,0.0,0.0,0.0,0.0,0.0,0.0,0.0
Prevotella heparinolytica,0.0,0.0,0.0,0.0,0.0,0.0,0.0,0.0,0.0,0.0
Prevotella histicola,0.0,0.0,0.0,0.0,0.0,0.0,0.0,0.0,0.0,0.0
Prevotella intermedia,0.0,0.0,0.0,0.0,0.0,0.0,0.0,0.0,0.0,0.0
Prevotella jejunii,0.0,0.0,0.0,0.0,0.0,0.0,0.0,0.0,0.0,0.0
Prevotella loescheii,0.0,0.0,0.0,0.0,0.0,0.0,0.0,0.0,0.0,0.0
Prevotella maculosa,0.0,0.0,0.0,0.0,0.0,0.0,0.0,0.0,0.0,0.0
Prevotella melaninogenica,0.0,0.0,0.0,0.0,0.0,0.0,0.0,0.0,0.0,0.0
Prevotella multiformis,0.0,0.0,0.0,0.0,0.0,0.0,0.0,0.0,0.0,0.0
Prevotella nanceinsis,0.0,0.0,0.0,0.0,0.0,0.0,0.0,0.0,0.0,0.0
Prevotella nigrescens,0.0,0.0,0.0,0.0,0.0,0.0,0.0,0.0,0.0,0.0
Prevotella oralis,0.0,0.0,0.0,0.0,0.0,0.0,0.0,0.0,0.0,0.0
Prevotella oris,0.0,0.0,0.0,0.0,0.0,0.0,0.0,0.0,0.0,0.0
Prevotella oulorum,0.0,0.0,0.0,0.0,0.0,0.0,0.0,0.0,0.0,0.0
Prevotella pallens,0.0,0.0,0.0,0.0,0.0,0.0,0.0,0.0,0.0,0.0
Prevotella salivae,0.0,0.0,0.0,0.0,0.0,0.0,0.0,0.0,0.0,0.0
Prevotella spp,0.0,0.0,0.0,0.0,0.0,0.0,0.0,0.0,0.0,0.0
Prevotella tannerae,0.0,0.0,0.0,0.0,0.0,0.0,0.0,0.0,0.0,0.0
Prevotella timonensis,0.0,0.0,0.0,0.0,0.0,0.0,0.0,0.0,0.0,0.0
Prevotella veroralis,0.0,0.0,0.0,0.0,0.0,0.0,0.0,0.0,0.0,0.0
Proteus hauseri,0.0,0.0,0.0,0.0,0.0,0.0,0.0,0.0,0.0,0.0
Proteus mirabilis,0.018422991893883568,0.036845983787767135,0.6079587324981577,0.13817243920412675,0.11974944731024319,0.2210759027266028,0.0,5.876934414148858,1.1330140014738395,0.14738393515106854
Proteus penneri,0.0,0.0,0.0,0.0,0.0,0.0,0.0,0.0,0.0,0.0
Proteus rettgeri,0.0,0.0,0.0,0.0,0.0,0.0,0.0,0.0,0.0,0.0
Proteus spp,0.0,0.0,0.0,0.0,0.0,0.0,0.0,0.0,0.0,0.0
Proteus vulgaris,0.0,0.0,0.05006257822277847,0.0,0.0,0.0,0.0,0.05006257822277847,0.025031289111389236,0.0
Providencia alcalifaciens,0.0,0.0,0.0,0.0,0.0,0.0,0.0,0.0,0.0,0.0
Providencia rettgeri,0.0974184120798831,0.0,5.845104724792986,2.045786653677545,0.438382854359474,0.1948368241597662,0.0,4.09157330735509,1.8509498295177789,0.14612761811982464
Providencia rustigianii,0.0,0.0,0.0,0.0,0.0,0.0,0.0,0.0,0.0,0.0
Providencia spp,0.0,0.0,9.395973154362416,0.6711409395973155,2.684563758389262,0.0,0.0,2.013422818791946,4.026845637583892,0.0
Providencia stuartii,0.043233895373973194,0.0,4.9718979680069175,0.5188067444876783,0.12970168612191957,0.9511456982274102,0.0,2.810203199308258,1.8158236057068744,1.6428880242109816
"Providencia, non-speciated",0.0,0.0,0.0,0.0,0.0,0.0,0.0,0.0,0.0,0.0
Pseudomonas aeruginosa,0.2184669320507396,0.17788216601759826,0.2486896301605257,0.0,0.11743676979802603,0.017270113205592064,0.004317528301398016,0.06735344150180905,0.272004282988075,1.288350445137168
Pseudomonas alcaligenes,0.0,0.0,0.0,0.0,0.0,0.0,0.0,0.0,0.0,0.0
Pseudomonas alcaliphila,0.0,0.0,0.0,0.0,0.0,0.0,0.0,0.0,0.0,0.0
Pseudomonas citronellolis,0.0,0.0,0.0,0.0,0.0,0.0,0.0,0.0,0.0,0.0
Pseudomonas fluorescens,0.0,0.0,0.0,0.0,0.0,0.0,0.0,0.0,0.0,0.0
Pseudomonas fulva,0.0,0.0,0.0,0.0,0.0,0.0,0.0,0.0,0.0,0.0
Pseudomonas graminis,0.0,0.0,0.0,0.0,0.0,0.0,0.0,0.0,0.0,0.0
Pseudomonas guariconensis,0.0,0.0,0.0,0.0,0.0,0.0,0.0,0.0,0.0,0.0
Pseudomonas mendocina,0.0,0.0,0.0,0.0,0.0,0.0,0.0,0.0,0.0,0.0
Pseudomonas monteilii,0.0,0.0,0.0,0.0,0.0,0.0,0.0,0.0,0.0,0.0
Pseudomonas mosselii,0.0,0.0,0.0,0.0,0.0,0.0,0.0,0.0,0.0,0.0
Pseudomonas nitroreducens,0.0,0.0,0.0,0.0,0.0,0.0,0.0,0.0,0.0,0.0
Pseudomonas otitidis,0.0,0.0,0.0,0.0,0.0,0.0,0.0,0.0,0.0,0.0
Pseudomonas pseudoalcaligenes,0.0,0.0,0.0,0.0,0.0,0.0,0.0,0.0,0.0,0.0
Pseudomonas putida,0.0,0.0,0.0,0.0,0.0,0.0,0.0,0.0,0.0,0.0
Pseudomonas putida/fluorescens Group,0.0,0.0,0.0,0.0,0.0,0.0,0.0,0.0,0.0,0.0
Pseudomonas spp,0.0,0.0,0.0,0.0,0.0,0.0,0.0,0.0,0.0,0.0
Pseudomonas stewartii,0.0,0.0,0.0,0.0,0.0,0.0,0.0,0.0,0.0,0.0
Pseudomonas stutzeri,0.0,0.0,0.0,0.0,0.0,0.0,0.0,0.0,0.0,0.0
Raoultella ornithinolytica,0.0,0.45662100456621,0.45662100456621,1.36986301369863,0.0,0.91324200913242,0.0,0.91324200913242,0.0,0.45662100456621
Raoultella planticola,0.0,0.0,0.0,6.666666666666667,0.0,0.0,0.0,0.0,0.0,0.0
Raoultella spp,0.0,0.0,0.0,0.0,0.0,0.0,0.0,0.0,0.0,0.0
Raoultella terrigena,0.0,0.0,0.0,0.0,0.0,0.0,0.0,0.0,0.0,0.0
Salmonella spp,0.0,0.0,0.0,0.0,0.0,0.0,0.0,0.0,0.0,0.0
Serratia ficaria,0.0,0.0,0.0,0.0,0.0,0.0,0.0,0.0,0.0,0.0
Serratia fonticola,0.0,0.0,0.0,0.0,0.0,0.0,0.0,0.0,0.0,0.0
Serratia grimesii,0.0,0.0,0.0,0.0,0.0,0.0,0.0,0.0,0.0,0.0
Serratia liquefaciens,0.0,0.17825311942959002,0.0,0.0,0.0,0.17825311942959002,0.0,0.17825311942959002,0.0,0.0
Serratia marcescens,0.09911894273127754,0.4001468428781204,0.21292217327459617,0.11380323054331866,0.0,0.1872246696035242,0.0,0.45154185022026433,0.0,0.09544787077826726
Serratia nematodiphila,0.0,0.0,0.0,0.0,0.0,0.0,0.0,0.0,0.0,0.0
Serratia odorifera,0.0,0.0,0.0,0.0,0.0,0.0,0.0,0.0,0.0,0.0
Serratia plymuthica,0.0,0.0,0.0,0.0,0.0,0.0,0.0,0.0,0.0,0.0
Serratia rubidaea,0.0,0.0,0.0,0.0,0.0,0.0,0.0,0.0,0.0,0.0
Serratia spp,0.33783783783783783,1.3513513513513513,0.33783783783783783,0.45045045045045046,0.0,0.6756756756756757,0.0,1.4639639639639639,0.0,0.22522522522522523
Serratia ureilytica,0.0,0.0,0.0,0.0,0.0,0.0,0.0,0.0,0.0,0.0
"Serratia, non-speciated",0.0,0.0,0.0,0.0,0.0,0.0,0.0,0.0,0.0,0.0
Slackia exigua,0.0,0.0,0.0,0.0,0.0,0.0,0.0,0.0,0.0,0.0
Staphylococcus Coagulase Negative,0.0,0.0,0.0,0.0,0.0,0.0,0.0,0.0,0.0,0.0
Staphylococcus argenteus,0.0,0.0,0.0,0.0,0.0,0.0,0.0,0.0,0.0,0.0
Staphylococcus arlettae,0.0,0.0,0.0,0.0,0.0,0.0,0.0,0.0,0.0,0.0
Staphylococcus aureus,0.0,0.0,0.0,0.0,0.0,0.0005784258718323953,0.0,0.0,0.0,0.0
Staphylococcus auricularis,0.0,0.0,0.0,0.0,0.0,0.0,0.0,0.0,0.0,0.0
Staphylococcus capitis,0.0,0.0,0.0,0.0,0.0,0.0,0.0,0.0,0.0,0.0
Staphylococcus caprae,0.0,0.0,0.0,0.0,0.0,0.0,0.0,0.0,0.0,0.0
Staphylococcus cohnii,0.0,0.0,0.0,0.0,0.0,0.0,0.0,0.0,0.0,0.0
Staphylococcus condimenti,0.0,0.0,0.0,0.0,0.0,0.0,0.0,0.0,0.0,0.0
Staphylococcus epidermidis,0.0,0.0,0.0,0.0,0.0,0.0,0.0,0.0,0.0,0.0
Staphylococcus haemolyticus,0.0,0.0,0.0,0.0,0.0,0.0,0.0,0.0,0.0,0.0
Staphylococcus hominis,0.0,0.0,0.0,0.0,0.0,0.0,0.0,0.0,0.0,0.0
Staphylococcus hyicus,0.0,0.0,0.0,0.0,0.0,0.0,0.0,0.0,0.0,0.0
Staphylococcus intermedius,0.0,0.0,0.0,0.0,0.0,0.0,0.0,0.0,0.0,0.0
Staphylococcus lugdunensis,0.0,0.0,0.0,0.0,0.0,0.0,0.0,0.0,0.0,0.0
Staphylococcus pasteuri,0.0,0.0,0.0,0.0,0.0,0.0,0.0,0.0,0.0,0.0
Staphylococcus petrasii,0.0,0.0,0.0,0.0,0.0,0.0,0.0,0.0,0.0,0.0
Staphylococcus pettenkoferi,0.0,0.0,0.0,0.0,0.0,0.0,0.0,0.0,0.0,0.0
Staphylococcus pseudointermedius,0.0,0.0,0.0,0.0,0.0,0.0,0.0,0.0,0.0,0.0
Staphylococcus saccharolyticus,0.0,0.0,0.0,0.0,0.0,0.0,0.0,0.0,0.0,0.0
Staphylococcus saprophyticus,0.0,0.0,0.0,0.0,0.0,0.0,0.0,0.0,0.0,0.0
Staphylococcus schleiferi,0.0,0.0,0.0,0.0,0.0,0.0,0.0,0.0,0.0,0.0
Staphylococcus sciuri,0.0,0.0,0.0,0.0,0.0,0.0,0.0,0.0,0.0,0.0
Staphylococcus simulans,0.0,0.0,0.0,0.0,0.0,0.0,0.0,0.0,0.0,0.0
Staphylococcus spp,0.0,0.0,0.0,0.0,0.0,0.0,0.0,0.0,0.0,0.0
Staphylococcus ureilyticus,0.0,0.0,0.0,0.0,0.0,0.0,0.0,0.0,0.0,0.0
Staphylococcus vitulinus,0.0,0.0,0.0,0.0,0.0,0.0,0.0,0.0,0.0,0.0
Staphylococcus warneri,0.0,0.0,0.0,0.0,0.0,0.0,0.0,0.0,0.0,0.0
Staphylococcus xylosus,0.0,0.0,0.0,0.0,0.0,0.0,0.0,0.0,0.0,0.0
Stenotrophomonas maltophilia,0.0,0.0,0.0,0.0,0.0,0.0,0.0,0.0,0.0,0.0
Stenotrophomonas spp,0.0,0.0,0.0,0.0,0.0,0.0,0.0,0.0,0.0,0.0
Streptococcus Alpha Hemolytic,0.0,0.0,0.0,0.0,0.0,0.0,0.0,0.0,0.0,0.0
Streptococcus agalactiae,0.0,0.0,0.0,0.0,0.0,0.0,0.0,0.0,0.0,0.0
Streptococcus anginosus,0.0,0.0,0.0,0.0,0.0,0.0,0.0,0.0,0.0,0.0
Streptococcus bovis,0.0,0.0,0.0,0.0,0.0,0.0,0.0,0.0,0.0,0.0
Streptococcus canis,0.0,0.0,0.0,0.0,0.0,0.0,0.0,0.0,0.0,0.0
Streptococcus castoreus,0.0,0.0,0.0,0.0,0.0,0.0,0.0,0.0,0.0,0.0
Streptococcus constellatus,0.0,0.0,0.0,0.0,0.0,0.0,0.0,0.0,0.0,0.0
Streptococcus dysgalactiae,0.0,0.0,0.0,0.0,0.0,0.0,0.0,0.0,0.0,0.0
Streptococcus equi,0.0,0.0,0.0,0.0,0.0,0.0,0.0,0.0,0.0,0.0
Streptococcus gallolyticus,0.0,0.0,0.0,0.0,0.0,0.0,0.0,0.0,0.0,0.0
Streptococcus gordonii,0.0,0.0,0.0,0.0,0.0,0.0,0.0,0.0,0.0,0.0
Streptococcus intermedius,0.0,0.0,0.0,0.0,0.0,0.0,0.0,0.0,0.0,0.0
Streptococcus lutetiensis,0.0,0.0,0.0,0.0,0.0,0.0,0.0,0.0,0.0,0.0
Streptococcus massiliensis,0.0,0.0,0.0,0.0,0.0,0.0,0.0,0.0,0.0,0.0
Streptococcus mitis,0.0,0.0,0.0,0.0,0.0,0.0,0.0,0.0,0.0,0.0
Streptococcus mitis_oralis,0.0,0.0,0.0,0.0,0.0,0.0,0.0,0.0,0.0,0.0
Streptococcus oralis,0.0,0.0,0.0,0.0,0.0,0.0,0.0,0.0,0.0,0.0
Streptococcus parasanguinis,0.0,0.0,0.0,0.0,0.0,0.0,0.0,0.0,0.0,0.0
Streptococcus peroris,0.0,0.0,0.0,0.0,0.0,0.0,0.0,0.0,0.0,0.0
Streptococcus pneumoniae,0.0,0.0,0.0,0.0,0.0,0.0,0.0,0.0,0.0,0.0
Streptococcus pyogenes,0.0,0.0,0.0,0.0,0.0,0.0,0.0,0.0,0.0,0.0
Streptococcus salivarius,0.0,0.0,0.0,0.0,0.0,0.0,0.0,0.0,0.0,0.0
Streptococcus sanguinis,0.0,0.0,0.0,0.0,0.0,0.0,0.0,0.0,0.0,0.0
Streptococcus sanguis,0.0,0.0,0.0,0.0,0.0,0.0,0.0,0.0,0.0,0.0
Streptococcus spp,0.0,0.0,0.0,0.0,0.0,0.0,0.0,0.0,0.0,0.0
Streptococcus suis,0.0,0.0,0.0,0.0,0.0,0.0,0.0,0.0,0.0,0.0
"Streptococcus, Beta Hemolytic",0.0,0.0,0.0,0.0,0.0,0.0,0.0,0.0,0.0,0.0
"Streptococcus, viridans group",0.0,0.0,0.0,0.0,0.0,0.0,0.0,0.0,0.0,0.0
Tissierella praeacuta,0.0,0.0,0.0,0.0,0.0,0.0,0.0,0.0,0.0,0.0
Veillonella parvula,0.0,0.0,0.0,0.0,0.0,0.0,0.0,0.0,0.0,0.0
