card_subject_id	total_read_hits	R1_read_hits	R2_read_hits	mean_percent_identity	maximum_alignment_length	minimum_evalue	maximum_bitscore
gb|AAX14802.1|ARO:3000781|adeJ	3514	1728	1786	88.1454	51	6.77e-30	106.0000
gb|AAA50993.1|ARO:3003368|Ecol_EFTu_KIR	3348	1645	1703	86.2635	50	1.87e-32	111.0000
gb|BAB38333.1|ARO:3003288|Ecol_rpoB_RIF	3088	1505	1583	88.8178	50	6.36e-32	112.0000
gb|AJF82744.1|ARO:3003817|Abau_gyrA_FLO	2819	1402	1417	90.7001	50	6.37e-32	112.0000
gb|WP_000202252.1|ARO:3003818|Abau_parC_FLO	2369	1167	1202	89.3604	50	2.2e-31	110.0000
gb|AJP09758.1|ARO:3004681|Cdif_rpoC_VAN	1551	730	821	85.7962	50	6.36e-32	112.0000
gb|ACB05808.1|ARO:3003109|msrE	1427	709	718	98.3495	50	1.73e-31	110.0000
gb|BAE77595.1|ARO:3003303|Ecol_gyrB_AMU	1393	685	708	89.4513	50	2.83e-33	115.0000
gb|AJF83452.1|ARO:3003574|LpxC	1347	680	667	89.9950	50	9.85e-31	105.0000
gb|AAX14803.1|ARO:3000782|adeK	1204	601	603	86.7125	51	5.3e-29	103.0000
gb|AAG07064.1|ARO:3003693|MexK	1044	511	533	85.3151	50	3.28e-27	98.6000
gb|AXU66539.1|ARO:3003357|Cdif_EFTu_ELF	1016	499	517	91.1200	50	2.77e-31	108.0000
gb|ACJ41739.1|ARO:3000780|adeI	898	445	453	85.8464	50	6.23e-26	94.4000
gb|AJY14066.1|ARO:3004860|Bdol_gyrA_FLO	875	415	460	86.0511	50	8.7e-32	111.0000
gb|CAG39569.1|ARO:3003291|Saur_rpoC_DAP	820	399	421	84.8539	50	1.62e-31	110.0000
gb|WP_011079201.1|ARO:3007794|Vvul_rpoB_RIF	807	395	412	85.4922	51	1.43e-30	108.0000
gb|ABI20451.1|ARO:3003741|mphE	801	396	405	98.4998	50	2.69e-33	112.0000
gb|AAD08242.1|ARO:3007051|Hpyl_rpoB_RIF	717	374	343	85.0863	50	2.66e-30	107.0000
gb|NP_215182.1|ARO:3004994|Mtub_rpoC_RIF	712	353	359	85.9414	50	1.34e-32	114.0000
gb|AFK57679.1|ARO:3003438|Efac_EFTu_GE2A	628	317	311	86.3761	55	1.9e-30	106.0000
gb|CNT74515.1|ARO:3004859|Ngon_gyrB_ZOL	615	318	297	86.8099	50	2.35e-29	104.0000
gb|AAG08352.1|ARO:3003685|Paer_parE_FLO	566	275	291	84.5226	50	8.87e-30	105.0000
gb|BAD89844.2|ARO:3000753|abeM	545	258	287	85.3046	50	4.3e-28	100.0000
gb|ADK17136.1|ARO:3004563|Cdif_rpoB_RIF	516	258	258	86.5711	50	4.11e-31	109.0000
gb|BAE77086.1|ARO:3003316|Ecol_parE_FLO	502	254	248	86.3890	50	2.06e-31	110.0000
gb|CAA67349.1|ARO:3003359|Scin_EFTu_ELF	475	242	233	88.6958	50	1.45e-30	106.0000
gb|AAW66497.1|ARO:3000566|tet(39)	433	210	223	98.4492	50	1.94e-31	108.0000
gb|AJF82049.1|ARO:3003573|LpxA	413	206	207	86.2954	50	1.04e-29	102.0000
gb|NP_215196.1|ARO:3003395|Mtub_rpsL_STR	388	198	190	82.7791	50	9.78e-29	95.9000
gb|CAB11883.2|ARO:3007073|Bsub_rpoB_RIF	363	183	180	88.3540	50	4.96e-30	106.0000
gb|CAG39573.1|ARO:3003735|Saur_fusA_FA	358	173	185	84.1464	50	3.86e-28	101.0000
gb|AJF82051.1|ARO:3003575|LpxD	331	163	168	87.4302	50	3.31e-30	105.0000
gb|AAC75089.1|ARO:3003577|ugd	330	176	154	84.8800	50	2.55e-30	105.0000
gb|YP_177995.1|ARO:3004957|Mtub_clpC1_PZA	328	166	162	83.2942	50	2.51e-27	99.0000
gb|AAG05915.1|ARO:3004074|MuxB	327	163	164	83.7391	50	8.25e-24	89.0000
gb|AHB92962.1|ARO:3003809|Abau_OprD_IPM	313	151	162	84.6556	51	2.16e-31	109.0000
gb|AAC75136.1|ARO:3000793|mdtB	294	148	146	87.1697	50	2.84e-28	101.0000
gb|AGW16415.1|ARO:3001521|OXA-333	294	152	142	98.0527	50	5.03e-33	110.0000
gb|WP_041777404.1|ARO:3004480|Bado_rpoB_RIF	293	143	150	90.1481	50	2.21e-31	110.0000
gb|QFQ03949.1|ARO:3005051|LpsB	272	131	141	86.3471	50	2.79e-29	102.0000
gb|AAL22694.1|ARO:3003307|Sser_gyrB_FLO	269	130	139	85.7082	50	4.39e-29	103.0000
gb|AGG29535.1|ARO:3003306|Mmor_gyrB_FLO	267	130	137	86.8824	50	4.2e-29	103.0000
gb|AAL14440.1|ARO:3000775|adeB	265	140	125	88.3113	50	3.87e-28	101.0000
gb|AAW89918.1|ARO:3003929|Ngon_parC_FLO	256	127	129	85.8746	50	9.25e-30	105.0000
gb|AAC16242.1|ARO:3005069|rsmA	255	133	122	88.5651	50	8.24e-28	91.7000
gb|AAC73564.1|ARO:3000216|acrB	250	116	134	90.0396	51	3.02e-31	110.0000
gb|AAW90462.1|ARO:3003930|rpsJ	247	131	116	86.1344	50	1.63e-30	99.8000
gb|AAC75137.1|ARO:3000794|mdtC	242	121	121	87.7934	50	6.77e-30	106.0000
gb|AKL79742.1|ARO:3003808|carO	210	106	104	84.7410	50	9.77e-30	101.0000
gb|ADZ12700.1|ARO:3005090|RanB	205	98	107	86.6615	50	3.77e-28	97.8000
gb|CDJ73082.1|ARO:3003900|Ecol_cyaA_FOF	204	99	105	92.0412	50	4.47e-32	112.0000
gb|AAF42062.1|ARO:3000811|mtrD	201	104	97	84.4816	50	1.05e-25	94.4000
gb|AAV85982.1|ARO:3000535|macB	200	101	99	83.8730	50	5.38e-26	95.1000
gb|AAW89357.1|ARO:3003928|Ngon_gyrA_FLO	200	101	99	88.7095	52	9.85e-33	114.0000
gb|CAG39568.1|ARO:3003285|Saur_rpoB_RIF	199	99	100	85.1231	50	1.72e-29	105.0000
gb|ADZ12699.1|ARO:3005091|RanA	196	101	95	84.8867	50	1.74e-30	103.0000
gb|AAB39605.1|ARO:3003361|Pros_EFTu_GE2A	192	97	95	82.9635	50	1.47e-29	103.0000
gb|BAL43360.1|ARO:3003745|mef(C)	190	94	96	92.5858	50	6.08e-29	102.0000
gb|NP_217280.1|ARO:3004153|Mtub_thyA_PAS	188	84	104	83.5101	50	1.16e-28	99.4000
gb|EEK14408.1|ARO:3003931|Cgin_gyrA_FLO	184	102	82	84.2505	50	5.29e-28	100.0000
gb|ABM44583.1|ARO:3003302|Bbac_gyrA_AMU	173	97	76	86.0977	50	2.08e-28	102.0000
gb|AAG06556.1|ARO:3003684|Paer_gyrA_FLO	164	95	69	88.1128	50	1.05e-30	108.0000
gb|BAA16344.1|ARO:3000491|acrD	158	88	70	89.8316	50	1.26e-29	105.0000
gb|CAA10975.1|ARO:3000194|tet(W)	152	76	76	97.8928	50	3.9e-31	109.0000
gb|WP_001985623.1|ARO:3004578|Abau_AbuO	152	74	78	84.3434	50	3.51e-24	89.7000
gb|AEV91550.1|ARO:3001710|OXA-211	151	80	71	97.5079	50	2.29e-34	114.0000
gb|AAA74437.1|ARO:3000378|MexB	149	69	80	85.3671	50	1.74e-24	90.9000
gb|BAL43359.1|ARO:3003742|mphG	149	74	75	90.4181	50	2.46e-34	114.0000
gb|AAC76298.1|ARO:3000502|AcrF	146	79	67	90.5199	50	3.21e-29	104.0000
gb|AAL21173.1|ARO:3003926|Sent_gyrA_FLO	141	66	75	90.5326	50	5.62e-31	109.0000
gb|AAC74370.1|ARO:3004045|Ecol_fabI_MULT	134	59	75	84.1201	50	3.91e-33	110.0000
gb|AEV91551.1|ARO:3001711|OXA-212	134	64	70	97.3687	50	1.72e-33	112.0000
gb|AAP43110.2|ARO:3003923|oqxB	133	69	64	89.5895	50	3.21e-29	104.0000
gb|BAA37152.1|ARO:3003702|Paer_ParC_FLO	132	64	68	88.7515	50	1.95e-30	107.0000
gb|AAG05882.1|ARO:3000804|MexF	129	60	69	87.9031	52	1.35e-27	99.8000
gb|CAJ77856.1|ARO:3000777|adeF	122	67	55	85.7705	50	2.84e-28	101.0000
gb|CDJ72759.1|ARO:3003899|Ecol_PtsI_FOF	122	53	69	92.4189	50	5.98e-30	106.0000
gb|AGV28567.1|ARO:3000559|adeN	121	59	62	86.4099	50	6.17e-35	114.0000
gb|WP_004025678.1|ARO:3003305|Uure_gyrB_FLO	115	58	57	87.8617	45	5.92e-19	75.1000
gb|NP_216424.1|ARO:3003392|Mtub_katG_INH	111	55	56	82.4703	50	1.65e-29	105.0000
gb|AIL15701.1|ARO:3003775|Ecol_murA_FOF	107	49	58	89.3439	50	2.54e-30	106.0000
gb|BAE06008.1|ARO:3003699|mexQ	107	56	51	86.4505	50	7.22e-28	100.0000
gb|CAC14595.1|ARO:3003056|smeE	106	47	59	84.9764	50	1.44e-25	94.0000
gb|ADP36409.1|ARO:3003730|Bbif_ileS_MUP	104	50	54	89.9462	54	2.5e-32	113.0000
gb|AAC74000.1|ARO:3003950|msbA	99	46	53	91.7111	50	2.14e-29	104.0000
gb|BAB38260.1|ARO:3000830|cpxA	96	44	52	91.9031	50	6.9e-31	108.0000
gb|ADK13120.1|ARO:3004562|Cdif_gyrB_FLO	95	44	51	83.8568	50	4.11e-26	95.5000
gb|WP_003690088.1|ARO:3004956|Ngon_rpld	94	52	42	86.9415	50	2.36e-29	99.8000
gb|AAB52541.1|ARO:3004833|Ngon_PBP1_BLA	89	44	45	85.8551	50	4.97e-30	106.0000
gb|AAC76055.1|ARO:3003308|Ecol_parC_FLO	89	43	46	90.8225	50	9.78e-33	114.0000
gb|AAC76209.2|ARO:3003386|Ecol_folP_SLF	89	45	44	89.8438	50	1.28e-31	107.0000
gb|AAG07763.1|ARO:3003031|MexW	88	49	39	86.8341	50	1.27e-24	91.3000
gb|CAG39033.1|ARO:3003301|Saur_gyrB_AMU	88	38	50	84.4307	50	9.74e-28	100.0000
gb|AAC75429.1|ARO:3000833|evgS	86	48	38	94.8930	50	1.62e-31	110.0000
gb|QXW20276.1|ARO:3007635|CAE-1	86	42	44	83.5000	51	9.46e-27	95.1000
gb|AAA23033.2|ARO:3000190|tet(O)	83	42	41	97.0819	50	1.69e-32	113.0000
gb|AAZ42322.1|ARO:3005098|qacL	83	42	41	94.7988	50	4.02e-30	99.0000
gb|AIA35096.1|ARO:3005059|LptD	80	43	37	88.1162	50	3.94e-31	109.0000
gb|BAE77933.1|ARO:3000518|CRP	80	38	42	95.1300	50	8.14e-31	103.0000
gb|AAC60780.1|ARO:3003049|rosB	78	41	37	88.5590	50	1.7e-27	99.4000
gb|QQA64076.1|ARO:3007049|mef(J)	78	38	40	97.4103	50	5.38e-31	107.0000
gb|WP_000819088.1|ARO:3003296|Saur_gyrA_FLO	77	34	43	83.3065	50	6.91e-28	100.0000
gb|AAB58161.1|ARO:3003010|ceoB	76	30	46	83.6447	50	6.82e-25	92.0000
gb|AAL19305.1|ARO:3000790|mdsB	76	34	42	86.1342	50	1.96e-25	93.6000
gb|AAC76093.1|ARO:3002986|bacA	73	30	43	89.9301	55	4.23e-31	105.0000
gb|AAF61417.1|ARO:3002244|CARB-5	73	34	39	98.2973	50	8.09e-33	110.0000
gb|CDJ73208.1|ARO:3003890|Ecol_UhpT_FOF	73	38	35	92.6479	50	2.57e-29	103.0000
gb|AAC75733.1|ARO:3000074|emrB	72	39	33	93.3083	50	2.06e-32	112.0000
gb|ENU21024.1|ARO:3001751|OXA-296	71	40	31	92.5225	50	2.21e-33	112.0000
gb|AAD51348.1|ARO:3003066|smeR	68	37	31	82.1838	50	5.83e-29	99.4000
gb|AAC74177.1|ARO:3004049|Ecol_fabG_TRC	66	33	33	87.9197	50	2.24e-28	98.2000
gb|ABV18113.1|ARO:3001329|mdtG	66	34	32	90.2879	50	8.1e-28	99.4000
gb|CDO16001.1|ARO:3007421|Kpne_PBP3_BLA	66	27	39	93.1515	50	1.74e-30	107.0000
gb|ADK34116.1|ARO:3001662|OXA-164	65	36	29	98.3585	50	1.24e-31	107.0000
gb|AKO71461.1|ARO:3004608|EreD	65	34	31	97.9215	50	8.34e-32	110.0000
gb|AAF40764.1|ARO:3003962|farB	64	32	32	87.7000	50	1.65e-29	104.0000
gb|AAC60781.1|ARO:3003048|rosA	63	36	27	88.9333	50	1.2e-28	101.0000
gb|AJP77085.1|ARO:3003717|ESP-1	63	31	32	94.3841	50	4.93e-33	111.0000
gb|BAA11086.1|ARO:3003314|Saur_parE_AMU	63	37	26	86.6444	50	3.95e-26	95.5000
gb|NP_216146.1|ARO:3004721|Mtub_rpsA_PZA	61	30	31	85.6705	50	4.66e-27	97.8000
gb|AAL22055.1|ARO:3003317|Sser_parE_FLO	60	27	33	90.1000	50	6.49e-30	106.0000
gb|AAL14439.1|ARO:3000774|adeA	57	21	36	87.3754	50	1.06e-27	99.0000
gb|CAH35802.1|ARO:3002983|amrB	56	24	32	83.8982	50	6.48e-22	83.6000
gb|AAG15269.1|ARO:3002528|AAC(3)-Ia	55	30	25	94.6055	50	5.06e-32	105.0000
gb|AAL82403.1|ARO:3003297|Bbac_gyrA_FLO	55	31	24	83.1473	50	1.52e-28	102.0000
gb|CAC30845.1|ARO:3003284|Mlep_rpoB_RIF	55	33	22	85.8691	50	1.52e-28	102.0000
gb|NP_217299.1|ARO:3004977|Mtub_gpsI_PZA	55	23	32	85.7982	51	1.84e-27	99.4000
gb|ACN32294.1|ARO:3000237|TolC	54	25	29	88.8889	53	2.9e-28	101.0000
gb|BAD59497.1|ARO:3000501|rpoB2	54	30	24	82.7407	50	1.44e-25	94.0000
gb|SIP52035.1|ARO:3004054|Paer_CpxR	54	29	25	86.1833	50	1.9e-29	100.0000
gb|AAC75291.1|ARO:3003294|Ecol_gyrA_FLO	51	26	25	92.7588	50	1.21e-29	105.0000
gb|AAC75135.2|ARO:3000792|mdtA	50	23	27	91.9520	50	4.71e-29	102.0000
gb|BAE78116.1|ARO:3003576|eptA	50	23	27	95.6780	50	2.76e-34	118.0000
gb|CAA79727.1|ARO:3000191|tet(Q)	50	27	23	94.2620	50	6.62e-30	106.0000
gb|AAG05914.1|ARO:3004075|MuxC	49	22	27	82.7449	50	1.13e-23	88.6000
gb|NP_358351.1|ARO:3003311|Spne_parC_FLO	49	27	22	87.4735	50	4.2e-29	103.0000
gb|VWQ04088.1|ARO:3005041|mlaF	49	25	24	89.1510	50	1.61e-29	101.0000
gb|ACJ41547.2|ARO:3004574|Abau_AbaQ	48	22	26	88.6958	50	1.99e-29	103.0000
gb|AAC74149.2|ARO:3001216|mdtH	47	22	25	90.9404	50	1.54e-30	106.0000
gb|AAL22048.1|ARO:3003939|Sent_parC_FLO	47	25	22	90.7383	50	4.2e-29	103.0000
gb|AAL73129.1|ARO:3000616|mel	47	23	24	90.3340	50	2.13e-28	100.0000
gb|AMD83542.1|ARO:3007669|aadT	47	23	24	93.3787	50	1.48e-27	99.4000
gb|AAC76539.1|ARO:3000796|mdtF	46	22	24	91.0913	50	5.62e-31	109.0000
gb|AAD51345.1|ARO:3003052|smeB	46	23	23	85.0696	50	2.54e-22	84.7000
gb|AAG07594.1|ARO:3000808|MexI	46	28	18	85.5826	50	5e-25	92.4000
gb|AML99881.1|ARO:3001327|MdtK	46	22	24	86.8652	50	1.04e-29	105.0000
gb|CTQ57092.1|ARO:3004682|aadA27	46	22	24	98.3783	50	7.78e-33	110.0000
gb|AAG03548.1|ARO:3003681|TriC	45	25	20	84.7044	50	1.22e-24	91.3000
gb|EHL92831.1|ARO:3004588|Kpne_KpnG	45	19	26	85.1311	50	2.67e-28	100.0000
gb|BAA34300.1|ARO:3003033|mexY	44	18	26	83.4000	50	6.99e-23	86.3000
gb|CCI79240.1|ARO:3005047|eptB	44	22	22	87.9114	51	1.34e-31	110.0000
gb|CDO13836.1|ARO:3005044|OmpA	44	24	20	87.8205	55	1.06e-30	106.0000
gb|AAC75271.1|ARO:3003952|YojI	43	22	21	91.6372	50	2.3e-31	110.0000
gb|EGP45231.1|ARO:3004144|AxyY	43	23	20	82.7535	50	2.25e-21	82.0000
gb|CDM87362.1|ARO:3001559|OXA-373	42	22	20	97.2357	50	8.19e-35	115.0000
gb|WP_082741435.1|ARO:3004569|ICR-Mo	42	20	22	97.0667	50	1.36e-32	113.0000
gb|AAB41957.1|ARO:3000801|MexD	41	22	19	83.7220	50	4.14e-26	95.5000
gb|AAG06942.1|ARO:3002985|arnA	41	19	22	85.9049	50	6.64e-30	106.0000
gb|AAC75314.1|ARO:3003578|PmrF	40	19	21	88.7825	50	7.27e-31	106.0000
gb|VWQ00850.1|ARO:3003843|leuO	40	23	17	92.1200	50	3.23e-31	107.0000
gb|BAA16547.1|ARO:3000027|emrA	38	17	21	89.9921	50	1.82e-29	103.0000
gb|AER05434.1|ARO:3003974|Cacn_gyrA_FLO	36	14	22	84.3278	50	5.62e-31	109.0000
gb|AAC73565.1|ARO:3004043|Ecol_acrA	35	14	21	91.9800	50	1.48e-28	101.0000
gb|AFM55000.1|ARO:3001692|OXA-229	35	11	24	87.1971	50	1.04e-32	110.0000
gb|CAJ32491.1|ARO:3002622|aadA6/aadA10	35	18	17	98.3486	50	5.35e-33	110.0000
gb|AAG05883.1|ARO:3000805|OprN	34	19	15	84.0265	50	7.17e-24	89.0000
gb|BAB38442.1|ARO:3004126|Ecol_LamB	34	19	15	89.8412	50	8.5e-33	113.0000
gb|VEH83056.1|ARO:3007544|Erhu_gyrA_ENR	34	20	14	84.0971	50	2.4e-27	99.0000
gb|ACQ82816.1|ARO:3004577|Abau_AmvA	33	17	16	82.7333	50	3.99e-24	89.7000
gb|BAE78082.1|ARO:3003550|mdtP	33	14	19	96.1364	50	2.04e-28	101.0000
gb|WP_092689909.1|ARO:3005878|OXA-666	33	12	21	89.0152	50	3.98e-34	114.0000
gb|WP_096735335.1|ARO:3005879|OXA-667	33	20	13	84.2394	50	1.02e-25	92.0000
gb|AAB97924.1|ARO:3001411|OXA-16	32	18	14	98.3687	50	9.85e-33	109.0000
gb|AAC73788.1|ARO:3003841|kdpE	32	20	12	87.0344	50	7.59e-32	106.0000
gb|AAF40852.1|ARO:3003937|Nmen_PBP2_BLA	32	14	18	84.8531	50	1.28e-27	99.8000
gb|ADF62939.1|ARO:3000829|baeS	32	10	22	87.3031	50	6.3e-27	97.4000
gb|CAA38861.1|ARO:3007423|Ecol_PBP3_BLA	32	21	11	94.0844	50	6.14e-30	106.0000
gb|CDJ73205.1|ARO:3003893|Ecol_uhpA_FOF	32	18	14	92.9281	50	8.57e-31	103.0000
gb|CDO12042.1|ARO:3005053|ArnT	32	22	10	88.9281	50	6.25e-32	111.0000
gb|AAA88675.1|ARO:3000498|ErmF	31	14	17	97.4129	50	1.32e-31	107.0000
gb|AAB41956.1|ARO:3000800|MexC	31	19	12	85.1774	50	2.36e-22	84.3000
gb|ADF62940.1|ARO:3000828|baeR	31	17	14	90.7968	52	5.72e-31	104.0000
gb|QWA20201.1|ARO:3008422|OXA-1001	31	13	18	85.7129	50	6.89e-30	102.0000
gb|WP_140423314.1|ARO:3005865|OXA-645	31	14	17	95.2452	50	7.5e-28	97.4000
gb|AAD25538.1|ARO:3000174|tet(G)	30	15	15	92.8633	50	7.16e-26	94.0000
gb|AIA08936.1|ARO:3000444|rphA	30	16	14	84.2933	36	1.08e-12	57.4000
gb|AGW16416.1|ARO:3001522|OXA-334	29	18	11	96.8621	50	9.06e-34	112.0000
gb|CAA52296.1|ARO:3003729|Saur_ileS_MUP	29	17	12	82.1897	50	3.28e-27	98.6000
gb|QWW12915.1|ARO:3007203|Kpne_PhoQ_CST	29	17	12	87.3828	51	1.39e-27	99.4000
gb|WMY66391.1|ARO:3007682|MdtQ	29	12	17	88.6241	50	2.05e-29	104.0000
gb|AAC64365.1|ARO:3000230|ANT(2'')-Ia	28	14	14	96.2000	50	2.18e-35	114.0000
gb|ADM92605.1|ARO:3000553|adeR	28	16	12	82.3250	50	1.64e-24	88.2000
gb|ALX99516.1|ARO:3003811|adeC	28	14	14	82.5107	50	7.25e-25	91.7000
gb|NP_217974.1|ARO:3004999|Mtub_rpoA_RIF	28	18	10	86.5214	50	6.17e-28	99.0000
gb|NP_388014.1|ARO:3007527|Bsub_rpsE_SPT	28	19	9	82.9643	50	5.26e-26	90.1000
gb|WP_001182024.1|ARO:3007053|Hpyl_gyrB_FLO	28	17	11	82.7357	50	7.72e-26	94.7000
gb|AAC75731.1|ARO:3000516|emrR	27	15	12	89.9704	50	1.13e-32	107.0000
gb|AKN19287.1|ARO:3002578|AAC(6')-Ib7	27	13	14	96.3370	50	1.07e-32	109.0000
gb|CDO13981.1|ARO:3003585|Kleb_PhoP_CST	27	16	11	91.6889	50	8.14e-31	103.0000
gb|AAF86219.1|ARO:3000375|ErmB	26	7	19	96.7154	50	4.06e-33	110.0000
gb|CDO61516.1|ARO:3003949|efrB	26	16	10	85.7692	50	7.63e-24	88.2000
gb|AEJ33969.1|ARO:3000410|sul1	25	14	11	98.3960	50	3.24e-31	106.0000
gb|AFH35853.1|ARO:3001328|Ecol_mdfA	25	14	11	89.2760	50	1.17e-26	96.3000
gb|BAA11237.1|ARO:3000254|emrY	25	13	12	94.2720	50	1.36e-31	110.0000
gb|AAG05881.1|ARO:3000803|MexE	24	12	12	83.3000	50	3.28e-27	97.8000
gb|WP_063454569.1|ARO:3005729|OXA-498	24	14	10	96.7042	50	1.98e-32	109.0000
gb|YP_005228001.1|ARO:3003968|Kpne_OmpK36	24	17	7	88.2583	51	6.91e-31	107.0000
gb|AAX55643.1|ARO:3003558|Yent_y56	23	13	10	89.0348	50	1.34e-29	102.0000
gb|APB87301.1|ARO:3004114|porin_OmpC	23	8	15	89.9435	50	9.7e-32	109.0000
gb|CAA33795.1|ARO:3003563|RCP-1	23	13	10	98.2913	50	8.01e-32	108.0000
gb|WMC40549.1|ARO:3007749|Sgal_folP_SLF	23	15	8	88.7826	50	7.71e-30	102.0000
gb|AAC73938.1|ARO:3003751|Ecol_nfsA_NIT	22	10	12	90.7545	50	7.56e-32	107.0000
gb|AAL05553.1|ARO:3003206|lsaE	22	12	10	93.2545	50	1.06e-28	102.0000
gb|AAN82549.1|ARO:3003369|Ecol_EFTu_PLV	22	11	11	88.5545	50	6.15e-28	99.8000
gb|ABK33456.1|ARO:3002639|APH(3'')-Ib	22	13	9	96.9318	50	4.35e-33	110.0000
gb|BAB35162.1|ARO:3000676|H-NS	22	6	16	88.5318	50	2.18e-27	92.8000
gb|NP_214519.2|ARO:3003459|Mtub_gyrB_FLO	22	11	11	82.8273	46	8.85e-22	83.2000
gb|WP_140423312.1|ARO:3005863|OXA-643	22	11	11	95.7909	50	1.8e-33	112.0000
gb|AAC74603.2|ARO:3003378|Ecol_MarR_MULT	21	11	10	86.4476	50	3.61e-30	100.0000
gb|AAG08359.1|ARO:3003682|OpmH	21	5	16	83.6810	50	1.51e-24	90.9000
gb|AAP43109.1|ARO:3003922|oqxA	21	9	12	90.5857	50	5.18e-29	102.0000
gb|WP_001289569.1|ARO:3003312|Saur_parC_FLO	21	12	9	82.4476	50	1.63e-26	96.7000
gb|WP_041918279.1|ARO:3003925|Hpin_parC_FLO	21	8	13	88.2714	50	2.38e-32	113.0000
gb|AAC76297.1|ARO:3000499|AcrE	20	9	11	91.0700	50	3.34e-29	102.0000
gb|ACT97371.1|ARO:3003097|CfxA6	20	11	9	97.6800	50	1.74e-29	102.0000
gb|NP_215181.1|ARO:3003283|Mtub_rpoB_RIF	20	12	8	83.2900	50	5.65e-26	95.1000
gb|AAC74015.1|ARO:3003390|Ecol_ompF_BLA	19	11	8	91.9684	50	3.45e-31	107.0000
gb|CAC14596.1|ARO:3003057|smeF	19	12	7	83.0842	50	4.89e-20	78.2000
gb|CAG39240.1|ARO:3003902|Saur_UhpT_FOF	19	8	11	83.2263	50	8.77e-28	99.8000
gb|WP_114272532.1|ARO:3005932|OXA-727	19	9	10	85.0947	50	7.01e-27	95.1000
gb|AAF17880.1|ARO:3002605|aadA5	18	10	8	99.4444	50	2.77e-33	111.0000
gb|AAG04750.1|ARO:3004077|PmpM	18	8	10	85.3056	50	7.54e-25	91.7000
gb|ABG77965.1|ARO:3004042|Eclo_acrA	18	10	8	92.5778	50	7.67e-28	99.4000
gb|ABO11759.2|ARO:3004573|Abau_AbaF	18	13	5	86.1167	50	2.72e-28	100.0000
gb|AIA49384.1|ARO:3004128|Smar_Omp1	18	7	11	83.7000	51	6.15e-27	96.7000
gb|VWQ04090.1|ARO:3005042|mlaD	18	8	10	91.8389	50	8.77e-31	102.0000
gb|AAA27459.1|ARO:3004683|aadS	17	7	10	93.7412	50	5.08e-32	108.0000
gb|AAC77293.1|ARO:3001214|mdtM	17	10	7	93.5529	50	4.5e-29	102.0000
gb|AAG04568.1|ARO:3003895|Paer_PhoP_CST	17	7	10	85.3176	50	1.18e-27	95.9000
gb|ABK64957.1|ARO:3007473|Mavi_gyrA_FLO	17	8	9	83.4000	50	4.68e-27	98.2000
gb|BAE06006.1|ARO:3003705|mexN	17	7	10	84.4824	50	2.1e-23	87.8000
gb|BAE78083.1|ARO:3003549|mdtO	17	12	5	96.1294	50	9.83e-28	100.0000
gb|WP_188331877.1|ARO:3006113|OXA-928	17	5	12	98.1176	50	9.29e-31	104.0000
gb|AAA27471.1|ARO:3000205|tet(X)	16	6	10	96.3125	50	9.16e-32	109.0000
gb|AAC23556.1|ARO:3002660|APH(6)-Id	16	10	6	97.8938	50	4.66e-31	105.0000
gb|AYV52072.1|ARO:3002882|lmrD	16	8	8	87.0125	50	6.36e-27	97.8000
gb|CAB55427.1|ARO:3004775|CME-1	16	9	7	83.7750	50	5.69e-28	98.2000
gb|WAH47136.1|ARO:3007420|Kpne_lamB_CZA	16	8	8	88.0500	50	3.89e-31	108.0000
gb|AEH26330.1|ARO:3005009|qacE	15	5	10	89.9400	50	1.34e-28	95.1000
gb|BAE78084.1|ARO:3003548|mdtN	15	7	8	94.4733	50	2.62e-31	107.0000
gb|CAB41414.1|ARO:3002836|lnuB	15	6	9	95.2867	50	7.45e-31	105.0000
gb|CAJ66820.1|ARO:3003995|Cdif_gyrA_FLO	15	4	11	81.5667	50	1.74e-24	90.9000
gb|CAM12479.1|ARO:3000567|tet(40)	15	8	7	97.5733	50	6e-30	105.0000
gb|ENV18923.1|ARO:3001731|OXA-275	15	9	6	89.9000	50	1.05e-33	112.0000
gb|ABF47919.1|ARO:3001631|OXA-96	14	6	8	98.5643	50	2.24e-32	109.0000
gb|ABZ01840.1|ARO:3005043|cmlA9	14	8	6	96.1357	50	5.88e-30	105.0000
gb|AFJ38137.1|ARO:3007370|FosI	14	5	9	83.4286	50	4.88e-26	89.4000
gb|AKF41838.1|ARO:3003638|OXA-481	14	4	10	85.7071	50	1.41e-27	96.7000
gb|BAB36671.1|ARO:3000832|evgA	14	5	9	98.2571	50	7.36e-31	103.0000
gb|CAA64891.1|ARO:3000812|mtrE	14	8	6	82.6286	50	7.41e-21	80.5000
gb|WP_051021433.1|ARO:3004600|LnuH	14	9	5	91.1714	50	6.46e-31	105.0000
gb|CAC41008.1|ARO:3004041|Kpne_acrA	13	6	7	88.8231	50	1.07e-26	96.3000
gb|CAD09250.1|ARO:3003382|Sent_soxR_MULT	13	7	6	92.1231	50	2.06e-33	108.0000
gb|ENU38533.1|ARO:3001736|OXA-281	13	10	3	95.6923	50	3.93e-32	108.0000
gb|QQP64032.1|ARO:3008726|OXA-944	13	6	7	86.6308	50	2.1e-29	101.0000
gb|TKW44661.1|ARO:3005040|YajC	13	6	7	84.8846	51	2.45e-29	97.1000
gb|AAC78336.1|ARO:3002826|EreA2	12	6	6	97.6667	50	1.18e-29	104.0000
gb|AAG05880.1|ARO:3000814|MexT	12	8	4	84.7583	50	4.74e-25	91.3000
gb|AAN41427.1|ARO:3001775|OXA-119	12	6	6	97.3000	50	7.83e-37	120.0000
gb|ACH87088.1|ARO:3000196|tet(32)	12	6	6	97.8500	50	3.5e-30	107.0000
gb|ALL27283.1|ARO:3001452|OXA-140	12	8	4	98.1667	50	4.27e-33	110.0000
gb|ATC67679.1|ARO:3000838|arlR	12	3	9	82.3583	33	1.14e-11	53.9000
gb|BAM10414.1|ARO:3003039|OprA	12	2	10	85.1667	41	6.34e-17	69.3000
gb|CBW16027.1|ARO:3003924|Hpin_gyrA_FLO	12	4	8	87.7917	50	3.64e-30	107.0000
gb|KAE9504908.1|ARO:3004873|Ngon_folP_SLF	12	6	6	86.0917	50	2.34e-22	83.2000
gb|P24734.3|ARO:3007491|Paer_ampR_ATM	12	8	4	85.2250	50	3.68e-24	88.2000
gb|WKR28567.1|ARO:3007678|IreK	12	6	6	83.6583	50	6.83e-25	92.0000
gb|AAG24866.1|ARO:3001430|OXA-36	11	4	7	97.9545	50	2.2e-35	116.0000
gb|AAV32840.1|ARO:3002611|aadA11	11	6	5	98.3545	50	1.38e-30	104.0000
gb|AAV85981.1|ARO:3000533|macA	11	5	6	81.8636	50	1.15e-20	79.7000
gb|ABU55430.1|ARO:3002591|AAC_6_IB_Su	11	5	6	97.9909	50	1.77e-33	109.0000
gb|ADL24064.1|ARO:3003737|Saur_fusE_FA	11	9	2	83.0455	48	6.61e-24	85.1000
gb|AFK58562.1|ARO:3003078|Efac_liaR_DAP	11	4	7	86.0636	50	1.5e-25	90.1000
gb|AHA41505.1|ARO:3002930|vanR_in_vanO_cl	11	6	5	88.8091	50	8.58e-29	99.0000
gb|CAL35145.1|ARO:3003789|Cjej_gyrA_FLO	11	8	3	82.5182	50	3.92e-23	87.0000
gb|NP_215079.1|ARO:3004955|Mtub_Rv0565_ETO	11	4	7	86.8818	21	7.41e-10	49.3000
gb|QIH19826.1|ARO:3005004|Ngon_mtrC_AZM	11	7	4	84.2545	50	5.49e-13	58.2000
gb|QQA64075.1|ARO:3007043|msr(I)	11	5	6	97.7000	39	7.24e-21	80.5000
gb|WP_056517622.1|ARO:3005880|OXA-669	11	7	4	88.3727	50	3.69e-30	103.0000
gb|AAC73566.1|ARO:3003807|Ecol_AcrR_MULT	10	6	4	94.3500	50	4.79e-31	104.0000
gb|AAC73679.1|ARO:3003756|Ecol_nfsB_NIT	10	3	7	88.8400	50	2.23e-32	107.0000
gb|AAC77033.1|ARO:3003381|Ecol_soxR_MULT	10	4	6	95.2100	50	7.17e-32	104.0000
gb|AAF40763.1|ARO:3003961|farA	10	3	7	82.4900	50	3.21e-22	84.0000
gb|AAG03814.1|ARO:3000377|MexA	10	6	4	82.3200	50	2.31e-22	84.3000
gb|AAL23089.1|ARO:3003383|Sent_soxS_MULT	10	5	5	90.2300	50	1.29e-30	100.0000
gb|AAR29969.1|ARO:3007121|tet(O/W)	10	5	5	95.7800	50	7.99e-29	103.0000
gb|ABS43151.1|ARO:3000784|cmeB	10	6	4	83.2300	50	1.25e-16	68.6000
gb|BAB82500.1|ARO:3000186|tet(M)	10	2	8	92.5900	50	5.21e-28	100.0000
gb|CAA09666.1|ARO:3004122|Kpne_OmpK37	10	8	2	87.5500	49	2.06e-30	105.0000
gb|CAH10847.1|ARO:3002620|aadA23	10	5	5	98.8900	50	7.74e-32	107.0000
gb|WP_104671188.1|ARO:3003948|efrA	10	4	6	82.5700	50	1.52e-23	88.2000
gb|WP_140423317.1|ARO:3005866|OXA-650	10	5	5	93.4600	50	1.31e-29	102.0000
gb|AAC77110.1|ARO:3004290|Ecol_ampC_BLA	9	7	2	97.2111	50	1.6e-30	106.0000
gb|AAL19308.1|ARO:3000504|golS	9	5	4	85.7889	50	1.16e-25	89.0000
gb|ABS70978.1|ARO:3004621|AAC(3)-IIe	9	4	5	97.9444	50	8.23e-34	113.0000
gb|AFK13828.1|ARO:3000823|ramA	9	5	4	93.1222	50	3.8e-33	107.0000
gb|AIK02012.1|ARO:3002579|AAC(6')-Ib8	9	3	6	87.7111	34	3.17e-13	58.2000
gb|BAH63251.1|ARO:3004580|Kpne_KpnE	9	4	5	86.7000	50	3.89e-25	86.7000
gb|BAH63252.1|ARO:3004583|Kpne_KpnF	9	6	3	89.7222	50	4.54e-29	96.3000
gb|CAC29514.1|ARO:3003298|Mlep_gyrA_FLO	9	7	2	83.8111	33	3.88e-15	64.3000
gb|CAC35723.1|ARO:3003374|Kaer_acrR_MULT	9	6	3	83.8000	49	1.99e-23	84.7000
gb|ENV38192.1|ARO:3001722|OXA-266	9	7	2	84.0778	50	4.18e-27	95.5000
gb|NP_216559.1|ARO:3003394|Mtub_pncA_PZA	9	3	6	86.5444	23	1.18e-07	42.7000
gb|QWA20204.1|ARO:3008425|OXA-1004	9	5	4	86.7222	50	8.05e-28	97.4000
gb|QWY17602.1|ARO:3009035|RAA-1	9	1	8	81.0889	50	1.35e-22	84.0000
gb|UUM03677.1|ARO:3008562|OXA-1144	9	6	3	83.6222	50	8.38e-27	94.7000
gb|VEG60537.1|ARO:3004835|Ngon_pilQ_BLA	9	5	4	92.5333	50	6.39e-27	97.8000
gb|WP_063860228.1|ARO:3006874|EC-13	9	3	6	98.6667	50	3.91e-33	113.0000
gb|WP_128268233.1|ARO:3005584|CARB-50	9	5	4	99.7778	50	6.77e-31	105.0000
gb|AAA25463.1|ARO:3004832|Ngon_PBP2_BLA	8	5	3	84.2250	50	7.5e-26	94.7000
gb|AAB57788.1|ARO:3000464|Ngon_porin	8	5	3	83.1625	32	1.12e-10	51.6000
gb|AAR29485.1|ARO:3007120|tet(O/M/O)	8	4	4	98.4625	50	1.67e-29	105.0000
gb|AAS13767.1|ARO:3003839|Mrx	8	3	5	99.2500	50	6.21e-27	97.1000
gb|AAX99225.1|ARO:3004124|Mcat_M35_AMX	8	6	2	85.4750	33	1.17e-10	51.6000
gb|AEY83581.1|ARO:3000510|Saur_mupB_MUP	8	2	6	81.4250	50	4.14e-26	95.5000
gb|AFM55001.1|ARO:3001691|OXA-228	8	4	4	85.7375	50	5.1e-25	90.1000
gb|APB03222.1|ARO:3003992|rphB	8	5	3	81.2625	32	1.73e-11	53.9000
gb|BAA11236.1|ARO:3000206|emrK	8	4	4	93.7500	50	3.09e-30	105.0000
gb|CAC14594.1|ARO:3003055|smeD	8	5	3	82.9000	50	3.66e-24	89.4000
gb|CAP69660.1|ARO:3001811|OXA-129	8	5	3	96.0625	50	7.45e-31	105.0000
gb|CBH51824.1|ARO:3002629|ANT(6)-Ib	8	3	5	83.4625	50	8.81e-29	100.0000
gb|NP_214520.1|ARO:3003295|Mtub_gyrA_FLO	8	6	2	83.4250	50	9.86e-28	100.0000
gb|QNR09092.1|ARO:3007042|msr(G)	8	4	4	84.0500	50	2.38e-22	84.7000
gb|WP_001153763.1|ARO:3007052|Hpyl_gyrA_FLO	8	4	4	85.8875	50	3.66e-25	92.8000
gb|AAA99504.1|ARO:3002987|bcrA	7	5	2	82.7286	49	3.26e-21	80.5000
gb|AAD01868.1|ARO:3002867|dfrF	7	3	4	98.8286	50	3.79e-31	103.0000
gb|AAD23513.1|ARO:3003002|CfxA2	7	3	4	96.3429	50	3.71e-30	104.0000
gb|AAO82599.1|ARO:3003792|Efae_liaR_DAP	7	3	4	82.6429	50	6.32e-24	85.9000
gb|ABR76005.1|ARO:3003380|Kpne_ramR	7	4	3	88.2143	50	5.39e-31	103.0000
gb|ACF30254.1|ARO:3000817|mtrR	7	5	2	84.4857	50	7.23e-26	90.9000
gb|ACJ61335.1|ARO:3002249|CARB-10	7	5	2	98.1714	50	1.44e-29	102.0000
gb|ACL37342.1|ARO:3002592|AAC6_IB_HZ	7	2	5	95.0143	50	2.33e-31	103.0000
gb|ACN85419.1|ARO:3001804|OXA-145	7	3	4	95.3429	50	4.86e-31	105.0000
gb|ANK04027.1|ARO:3003838|gadW	7	4	3	95.5429	50	9.77e-30	101.0000
gb|AVX52225.1|ARO:3004516|MCR-8.1	7	3	4	81.3143	50	3.45e-22	84.3000
gb|CAD69003.1|ARO:3003094|imiH	7	4	3	92.8286	50	1.6e-30	103.0000
gb|NP_217497.1|ARO:3004941|Mtub_ddlA_DCS	7	3	4	86.3143	43	9.06e-19	74.3000
gb|QBQ69719.1|ARO:3004720|tet(X4)	7	6	1	95.7000	50	9.27e-30	104.0000
gb|YP_005226137.1|ARO:3003966|Kpne_OmpK35	7	2	5	89.2857	50	1.26e-30	103.0000
gb|AAA20117.1|ARO:3000195|tetB(P)	6	1	5	89.8833	50	7.69e-26	94.7000
gb|AAB17902.2|ARO:3003970|ddl	6	4	2	84.1833	50	1.79e-28	100.0000
gb|AAD02244.1|ARO:3002580|AAC(6')-Ib9	6	4	2	98.8667	50	1.12e-32	108.0000
gb|AAF42063.1|ARO:3000810|mtrC	6	1	5	83.6167	50	5.38e-23	86.3000
gb|AAF74725.1|ARO:3004659|Mef(En2)	6	3	3	98.0000	50	3.95e-28	100.0000
gb|AAG03816.1|ARO:3000379|OprM	6	2	4	81.7167	50	1.27e-19	77.0000
gb|AAG16656.1|ARO:3002705|floR	6	1	5	94.1167	50	7.93e-26	94.0000
gb|AAL59753.1|ARO:3000412|sul2	6	2	4	96.1667	50	4.07e-27	95.5000
gb|AAP69225.1|ARO:3001781|OXA-47	6	3	3	99.3333	50	2.37e-30	103.0000
gb|AAY32951.1|ARO:3002837|lnuC	6	3	3	98.6500	50	1.01e-33	109.0000
gb|ABF69686.1|ARO:3007122|tet(O/W/32/O)	6	3	3	95.9333	50	2.04e-28	102.0000
gb|ACF70723.1|ARO:3004103|QepA2	6	0	6	87.4000	49	3.76e-27	98.2000
gb|AEO92079.1|ARO:3001483|OXA-205	6	2	4	94.9833	50	2.14e-33	111.0000
gb|AGK07370.1|ARO:3001694|OXA-257	6	2	4	85.6000	50	9.69e-30	102.0000
gb|AHK10285.1|ARO:3002859|dfrA14	6	3	3	97.1000	50	2.22e-31	103.0000
gb|AMP42147.1|ARO:3004442|tet(W/N/W)	6	4	2	95.3833	50	1.11e-31	111.0000
gb|APU52409.1|ARO:3004085|lnuG	6	3	3	97.3333	50	1.41e-30	104.0000
gb|ARO85965.1|ARO:3003115|OXA-427	6	3	3	97.7667	50	7.32e-34	112.0000
gb|BAC11911.1|ARO:3003551|emeA	6	2	4	83.8333	50	9.89e-25	90.9000
gb|CAA30578.1|ARO:3002652|APH(3')-VIa	6	3	3	96.9667	50	3.19e-31	105.0000
gb|CBH51823.1|ARO:3000556|tet(44)	6	3	3	97.9667	50	1.37e-30	108.0000
gb|CCW28916.1|ARO:3001504|OXA-309	6	1	5	97.3167	50	1.15e-30	104.0000
gb|AAF61331.1|ARO:3002966|vanXY_in_vanC	5	4	1	82.4000	29	1.01e-14	61.6000
gb|AAG05188.1|ARO:3005068|ParR	5	5	0	82.5000	50	5.39e-24	86.7000
gb|AAG07065.1|ARO:3003692|MexJ	5	1	4	83.3800	50	1.46e-21	82.0000
gb|AAG08162.1|ARO:3003582|basR	5	4	1	82.7800	46	2.11e-20	77.0000
gb|AAK76136.1|ARO:3000025|patB	5	3	2	80.9600	50	4.88e-20	78.2000
gb|AAK76137.1|ARO:3000024|patA	5	4	1	83.7600	48	1.85e-22	85.1000
gb|AAL19304.1|ARO:3000791|mdsC	5	0	5	83.0800	50	8.55e-22	83.2000
gb|ABA71727.1|ARO:3002926|vanR_in_vanG_cl	5	3	2	82.5800	50	8.54e-26	91.3000
gb|ADF48907.1|ARO:3007369|FosH	5	2	3	80.7400	50	9.56e-26	88.6000
gb|AJE60855.1|ARO:3003209|fosA5	5	3	2	94.1000	49	3.02e-30	100.0000
gb|AKJ52802.1|ARO:3003310|Mhom_23S_FLO	5	1	4	81.0000	37	3.42e-17	70.1000
gb|APB03219.1|ARO:3003986|TaeA	5	3	2	84.1000	50	1.74e-24	90.9000
gb|BAA15221.2|ARO:3000263|marA	5	2	3	97.5600	50	5.58e-31	101.0000
gb|BAE06009.1|ARO:3003700|opmE	5	2	3	80.8000	50	3.65e-20	78.6000
gb|BAL40894.1|ARO:3004770|CIA-3	5	0	5	81.7000	50	1.86e-23	86.3000
gb|NP_218312.1|ARO:3003326|Mtub_embB_EMB	5	4	1	83.4600	50	3.87e-28	101.0000
gb|NP_310518.1|ARO:3004127|Ecol_mipA	5	1	4	95.3000	50	2.3e-35	116.0000
gb|QIM09823.1|ARO:3005056|tet(X6)	5	2	3	96.0400	50	1.14e-29	103.0000
gb|WFS32678.1|ARO:3007802|RATA-2	5	3	2	87.9600	50	2.92e-30	104.0000
gb|AAA88422.1|ARO:3002530|AAC(3)-Ib	4	1	3	88.8000	48	7.66e-22	79.7000
gb|AAC76296.1|ARO:3000656|AcrS	4	2	2	94.9750	49	9.13e-29	98.6000
gb|AAF01499.1|ARO:3000193|tet(T)	4	2	2	86.3250	49	2.89e-26	95.9000
gb|AAG05913.1|ARO:3004072|OpmB	4	2	2	83.7250	47	1.68e-19	76.6000
gb|AAK11270.1|ARO:3003385|Kaer_Omp36	4	0	4	84.2250	50	4.46e-25	91.7000
gb|AAK38324.1|ARO:3000840|JOHN-1	4	2	2	82.6500	50	2.66e-27	95.5000
gb|AAK97755.1|ARO:3000167|tet(C)	4	3	1	99.5000	50	2.83e-27	97.8000
gb|AAL20862.1|ARO:3000826|sdiA	4	4	0	93.9000	50	6.97e-26	91.7000
gb|AAN41439.1|ARO:3002608|aadA8	4	0	4	97.5000	50	2.23e-32	108.0000
gb|AAO49597.1|ARO:3002601|aadA	4	1	3	99.4500	50	5.87e-29	100.0000
gb|AAP82271.1|ARO:3004123|Bpse_Omp38	4	0	4	84.1500	26	3.7e-09	47.4000
gb|ACF17980.1|ARO:3002616|aadA16	4	4	0	85.0000	20	3.7e-06	38.9000
gb|ACH50230.1|ARO:3003379|Sent_ramR	4	2	2	83.4250	50	8.82e-24	85.1000
gb|ADM47435.1|ARO:3001695|OXA-134	4	3	1	94.4250	50	1.18e-30	104.0000
gb|AEA93051.1|ARO:3003760|Efae_cls_DAP	4	4	0	80.8000	49	8.6e-26	94.4000
gb|AEM66528.1|ARO:3001809|OXA-209	4	2	2	87.3250	50	6.92e-25	89.7000
gb|BAE77778.1|ARO:3000508|gadX	4	1	3	93.9250	50	1.6e-26	94.0000
gb|BAE85478.1|ARO:3003728|vanR_in_vanI_cl	4	2	2	83.2750	50	3.01e-26	92.4000
gb|CAB61637.1|ARO:3004789|FONA-2	4	0	4	98.4750	49	5.45e-28	98.2000
gb|CAJ32504.1|ARO:3002606|aadA6	4	1	3	98.8500	50	3.98e-29	100.0000
gb|CAK95249.1|ARO:3003856|ADC-12	4	2	2	82.9750	45	2.93e-21	81.3000
gb|CAQ53840.1|ARO:3000853|AIM-1	4	2	2	97.9250	50	1.67e-28	99.8000
gb|QGF22214.1|ARO:3008177|FONA-7	4	4	0	97.5750	50	1.05e-28	100.0000
gb|QXM27670.1|ARO:3007438|LAQ-1	4	2	2	83.6000	50	6.52e-27	96.7000
gb|UXD71803.1|ARO:3007459|EstT	4	2	2	98.5000	50	2.9e-30	104.0000
gb|AAA65953.1|ARO:3002919|vanR_in_vanA_cl	3	1	2	86.5000	36	1.08e-17	70.1000
gb|AAC22787.1|ARO:3004446|Hinf_PBP3_BLA	3	0	3	96.0000	50	2.45e-27	99.0000
gb|AAC44316.1|ARO:3005010|qacEdelta1	3	1	2	96.5667	50	1.04e-28	95.5000
gb|AAC77032.1|ARO:3003511|Ecol_soxS_MULT	3	1	2	93.3333	50	7.09e-28	93.2000
gb|AAF63432.1|ARO:3003744|vatF	3	1	2	86.7667	49	7.38e-28	96.3000
gb|AAG33665.1|ARO:3001431|OXA-37	3	1	2	93.4000	49	6.99e-31	105.0000
gb|AAK14791.1|ARO:3004239|NPS-1	3	1	2	94.6667	50	4.5e-27	95.1000
gb|AAL09826.1|ARO:3007124|tet(W/32/O)	3	1	2	98.6333	50	2.56e-30	107.0000
gb|AAL97684.1|ARO:3003387|Spyo_folP_SLF	3	1	2	85.4667	48	1.61e-24	88.6000
gb|AAM09851.1|ARO:3002923|vanR_in_vanD_cl	3	1	2	84.8000	37	3.62e-19	73.9000
gb|AAM92464.1|ARO:3002594|AAC(6')-IIa	3	2	1	93.3333	49	1.52e-31	104.0000
gb|ABF47470.1|ARO:3002791|QnrS2	3	1	2	94.5333	50	9.11e-32	106.0000
gb|ACM47284.1|ARO:3002934|vanS_in_vanD_cl	3	0	3	85.7000	50	2.03e-23	85.1000
gb|AEP40503.1|ARO:3002929|vanR_in_vanN_cl	3	3	0	81.8000	33	2.25e-14	61.2000
gb|AGQ48857.1|ARO:3003761|eatAv	3	2	1	84.4333	50	1.04e-23	88.6000
gb|AHA11126.1|ARO:3001550|OXA-363	3	2	1	89.8333	50	1.6e-27	96.7000
gb|AHE40557.1|ARO:3002626|ANT(6)-Ia	3	2	1	98.3000	50	1.41e-31	107.0000
gb|ALG03771.1|ARO:3004463|EBR-2	3	1	2	97.3333	50	1.9e-31	105.0000
gb|ALH22601.1|ARO:3000620|adeL	3	1	2	87.5667	50	8.38e-24	87.8000
gb|BAA07072.1|ARO:3002812|pp-flo	3	3	0	97.3000	50	3.19e-26	94.7000
gb|BEK62627.1|ARO:3008620|OXA-1208	3	0	3	89.8333	49	2.7e-28	98.6000
gb|CAA38525.1|ARO:3002535|AAC(3)-IIc	3	1	2	96.0000	50	3.23e-29	101.0000
gb|CAA41211.1|ARO:3001400|OXA-5	3	1	2	89.2000	50	2.08e-26	93.6000
gb|CAC29513.1|ARO:3003304|Mlep_gyrB_FLO	3	3	0	82.6333	50	9.98e-23	85.9000
gb|CAC41371.2|ARO:3007119|tet(O/32/O)	3	1	2	100.0000	50	1.09e-28	102.0000
gb|CAG40364.1|ARO:3003315|Saur_parE_FLO	3	1	2	82.7000	50	2.37e-24	90.5000
gb|CAH14033.1|ARO:3004100|LpeB	3	3	0	81.3000	35	2.96e-13	58.9000
gb|CAK55557.1|ARO:3002585|AAC(6')-31	3	1	2	90.4333	49	1.07e-29	99.8000
gb|ENV82218.1|ARO:3001754|OXA-299	3	2	1	88.5667	50	4.18e-28	98.2000
gb|EOU56998.1|ARO:3004597|Kpne_KpnH	3	2	1	83.6333	47	8.61e-22	83.2000
gb|KSC15183.1|ARO:3002537|AAC(3)-IIIb	3	3	0	91.8667	50	1.26e-29	102.0000
gb|MBS2780954.1|ARO:3008733|OXA-956	3	2	1	99.3333	50	7.32e-34	112.0000
gb|NP_217599.1|ARO:3004928|Mtub_mymA_INH	3	1	2	81.0000	34	1.77e-14	62.4000
gb|NP_253005.1|ARO:3004069|MvaT	3	2	1	85.8000	46	5.31e-26	89.0000
gb|QEI22965.1|ARO:3007371|FosA8	3	3	0	87.5000	40	9.68e-22	78.6000
gb|QIQ10744.1|ARO:3007492|tet(62)	3	2	1	86.3667	50	1.98e-23	87.4000
gb|QTG68656.1|ARO:3008730|OXA-953	3	3	0	80.5333	49	4.3e-22	82.4000
gb|QWA20189.1|ARO:3008767|OXA-990	3	0	3	80.6000	31	5.93e-12	55.1000
gb|WP_068981611.1|ARO:3006284|ADC-104	3	0	3	83.2667	48	2.21e-21	81.6000
gb|WP_070064536.1|ARO:3005766|OXA-537	3	1	2	81.2000	50	5.42e-24	87.4000
gb|WP_101244937.1|ARO:3006338|ADC-166	3	2	1	82.3333	47	5.82e-21	80.5000
gb|AAA21532.1|ARO:3003559|cepA	2	1	1	88.0000	50	8.65e-28	97.8000
gb|AAA22081.1|ARO:3004451|Afab_ACT_CHL	2	2	0	80.6000	31	3.6e-14	60.5000
gb|AAA25293.1|ARO:3000192|tet(S)	2	1	1	99.0000	50	2.04e-28	102.0000
gb|AAA25550.1|ARO:3003105|dfrA3	2	0	2	81.0000	49	2.08e-27	93.6000
gb|AAA26412.1|ARO:3002642|APH(3')-Ib	2	1	1	95.9000	50	1.6e-30	104.0000
gb|AAB41958.1|ARO:3000802|OprJ	2	1	1	85.8500	50	2.93e-21	81.6000
gb|AAB49832.1|ARO:3002636|APH(2'')-IIIa	2	1	1	100.0000	50	2.81e-31	107.0000
gb|AAB51421.1|ARO:3002686|catP	2	2	0	91.2500	49	1.34e-31	105.0000
gb|AAB60941.1|ARO:3005099|Spyo_ErmA_MLSb	2	1	1	95.8500	50	1.22e-27	96.3000
gb|AAC09012.1|ARO:3002243|CARB-4	2	1	1	100.0000	49	2.96e-30	103.0000
gb|AAC09015.1|ARO:3002481|AER-1	2	1	1	96.0000	50	4.97e-27	95.9000
gb|AAD19217.1|ARO:3002245|CARB-6	2	0	2	99.0000	50	6.12e-30	103.0000
gb|AAF27727.1|ARO:3002602|aadA2	2	1	1	100.0000	50	2.33e-27	95.9000
gb|AAF67494.2|ARO:3002522|novA	2	2	0	80.0000	50	1.46e-20	79.7000
gb|AAF86641.1|ARO:3002922|vanR_in_vanC_cl	2	1	1	85.7500	34	8.14e-17	67.8000
gb|AAF86642.1|ARO:3002933|vanS_in_vanC_cl	2	0	2	80.9000	47	5.15e-21	80.5000
gb|AAG03380.1|ARO:3002703|cmx	2	1	1	95.9500	49	4.87e-25	91.7000
gb|AAG03547.1|ARO:3003680|TriB	2	1	1	80.9000	50	1.76e-19	76.3000
gb|AAG05916.1|ARO:3004073|MuxA	2	2	0	80.5500	50	2.63e-21	81.6000
gb|AAK07612.2|ARO:3000604|Erm(35)	2	1	1	83.1500	37	2.33e-15	64.3000
gb|AAK37619.1|ARO:3000481|tet(35)	2	1	1	82.6500	50	1.12e-23	87.8000
gb|AAK52604.1|ARO:3001425|OXA-31	2	0	2	100.0000	32	3.3e-13	58.5000
gb|AAK96394.1|ARO:3002240|CARB-1	2	2	0	98.0000	50	1.4e-27	97.1000
gb|AAL19306.1|ARO:3000789|mdsA	2	2	0	85.0500	49	1.72e-21	82.0000
gb|AAL51021.2|ARO:3002598|ANT3II_ANT6II	2	2	0	80.0000	25	9.65e-06	37.7000
gb|AAN32638.1|ARO:3000842|EBR-1	2	1	1	90.7500	49	1.26e-28	98.6000
gb|AAN33774.1|ARO:3003772|Bsui_mprF	2	2	0	89.0000	49	1.13e-23	88.6000
gb|AAN34365.1|ARO:3002604|aadA4	2	1	1	100.0000	34	2.15e-16	67.0000
gb|ABA71726.1|ARO:3004253|vanU_in_vanG_cl	2	0	2	81.8000	33	8.9e-16	61.6000
gb|ABA81355.1|ARO:3004291|Rsph_ampC_BLA	2	0	2	80.0000	30	4.39e-11	52.8000
gb|ABB59946.1|ARO:3001943|CTX-M-82	2	0	2	82.0000	50	9.41e-24	87.0000
gb|ABG49324.1|ARO:3002609|aadA9	2	1	1	95.4500	22	1.28e-08	45.8000
gb|ABR75897.1|ARO:3003373|Kpne_acrR_MULT	2	1	1	90.8500	50	1.21e-25	90.5000
gb|ABX54691.1|ARO:3002927|vanR_in_vanL_cl	2	0	2	83.9000	49	1.08e-22	83.2000
gb|ADM92606.1|ARO:3000549|adeS	2	2	0	89.0000	50	1.74e-30	105.0000
gb|ADT70779.1|ARO:3001805|OXA-198	2	0	2	100.0000	33	3.07e-17	69.3000
gb|AET35493.1|ARO:3001777|OXA-347	2	2	0	100.0000	50	5.54e-32	108.0000
gb|AEZ36150.1|ARO:3000448|QepA1	2	2	0	92.2000	50	1.51e-27	99.4000
gb|AFN65709.1|ARO:3001498|OXA-239	2	2	0	80.0000	50	5.48e-23	84.7000
gb|AFP97030.1|ARO:3001797|OXA-46	2	0	2	100.0000	42	1.12e-25	91.7000
gb|AGH88989.1|ARO:3001205|BRP(MBL)	2	2	0	81.1000	45	6.54e-24	83.6000
gb|AGW83453.1|ARO:3001542|OXA-355	2	2	0	87.5000	24	1.37e-09	48.5000
gb|AMQ12811.1|ARO:3004111|FosA6	2	0	2	100.0000	50	1.1e-30	101.0000
gb|ANW35663.1|ARO:3003620|OXA-464	2	1	1	82.3000	49	1.29e-28	99.0000
gb|APB03216.1|ARO:3003982|LlmA_23S_CLI	2	0	2	80.8000	50	2.32e-24	88.6000
gb|APE19944.1|ARO:3007209|Sven_rox	2	0	2	82.9000	35	1.06e-15	65.9000
gb|BAA03776.1|ARO:3000316|mphA	2	0	2	95.0000	50	1.18e-27	97.4000
gb|BAA28282.1|ARO:3001907|CTX-M-45	2	2	0	86.4000	22	1.97e-06	39.7000
gb|BAE77781.1|ARO:3000795|mdtE	2	1	1	94.0000	50	5.21e-19	75.1000
gb|BAJ09383.1|ARO:3003046|qacA	2	1	1	97.0000	50	2.65e-26	95.9000
gb|BCG06510.1|ARO:3007266|MCR-3.20	2	2	0	90.4000	50	2.35e-30	106.0000
gb|CAA30246.1|ARO:3001397|OXA-2	2	1	1	97.9500	50	7.95e-32	107.0000
gb|CAC33832.1|ARO:3000851|THIN-B	2	1	1	88.9500	50	8.6e-25	90.1000
gb|CAD91341.1|ARO:3004675|aphA15	2	1	1	98.0000	50	1.24e-27	96.7000
gb|CAE18141.1|ARO:3003111|lsaB	2	0	2	81.6500	50	1.35e-23	88.2000
gb|CAG39357.1|ARO:3003901|Saur_GlpT_FOF	2	1	1	84.9500	42	5.99e-23	86.3000
gb|CAK95243.1|ARO:3003862|ADC-18	2	1	1	100.0000	50	8.47e-31	107.0000
gb|CAK95246.1|ARO:3003859|ADC-15	2	1	1	88.7500	43	5.57e-21	80.5000
gb|CAL84423.1|ARO:3004146|cfrC	2	1	1	96.9500	49	9.79e-31	106.0000
gb|CAL85435.1|ARO:3001439|OXA-101	2	1	1	100.0000	50	5.23e-27	95.1000
gb|CCA59315.1|ARO:3007208|HelR	2	2	0	85.2500	49	3.92e-23	87.0000
gb|CCP45647.1|ARO:3003955|efpA	2	2	0	98.0000	50	2.75e-26	95.9000
gb|CCQ22388.1|ARO:3000421|norB	2	2	0	83.8000	37	3.03e-16	67.4000
gb|ENV74419.1|ARO:3001735|OXA-280	2	0	2	98.1000	26	3.82e-10	50.1000
gb|ENW16915.1|ARO:3001728|OXA-272	2	0	2	83.0000	50	5.92e-27	95.1000
gb|KEC85091.1|ARO:3005158|OXA-668	2	0	2	89.9000	50	6.78e-27	95.1000
gb|MBJ8450702.1|ARO:3008609|OXA-1194	2	0	2	80.2000	46	1.71e-20	78.2000
gb|MDY6468282.1|ARO:3008673|OXA-1263	2	0	2	89.7000	29	8.45e-13	57.4000
gb|NP_215831.1|ARO:3003784|Mtub_murA_FOF	2	1	1	93.0000	50	9.19e-28	99.4000
gb|NP_216646.1|ARO:3004927|Mtub_mshC_INH	2	0	2	90.0000	50	3.21e-26	95.1000
gb|NP_216944.1|ARO:3004921|Mtub_ahpC_INH	2	2	0	81.4000	33	3.79e-15	62.8000
gb|NP_216963.1|ARO:3004157|Mtub_folC_PAS	2	1	1	84.8000	50	9.28e-23	85.9000
gb|NP_217296.1|ARO:3004945|Mtub_ald_DCS	2	1	1	80.5000	50	9.94e-20	77.0000
gb|NP_862226.1|ARO:3004639|Cstr_tetA	2	0	2	81.5000	27	1.39e-09	48.5000
gb|QIU91361.1|ARO:3009096|YOC-1	2	0	2	81.0000	49	4.64e-25	91.7000
gb|ULU82660.1|ARO:3008503|OXA-1085	2	2	0	100.0000	27	5.57e-11	52.4000
gb|WP_004707701.1|ARO:3006306|ADC-131	2	1	1	84.9000	27	1.98e-09	48.1000
gb|WP_072678505.1|ARO:3005937|OXA-732	2	1	1	97.0000	50	1.95e-30	103.0000
gb|WP_114699274.1|ARO:3005877|OXA-662	2	1	1	92.8500	47	6.92e-25	89.7000
gb|WP_116786835.1|ARO:3005933|OXA-728	2	1	1	89.6500	43	1.8e-21	80.9000
gb|WP_213603971.1|ARO:3007374|PJM-1	2	1	1	82.8000	50	8.24e-29	100.0000
gb|XAM74258.1|ARO:3008343|KPC-225	2	2	0	80.0000	30	9.71e-10	48.9000
gb|AAA23215.1|ARO:3002687|catQ	1	1	0	82.0000	50	1.57e-23	85.1000
gb|AAA86871.1|ARO:3002841|vatB	1	0	1	82.0000	50	7.97e-29	98.6000
gb|AAB64408.1|ARO:3007050|mreA	1	1	0	80.0000	50	2.37e-23	86.3000
gb|AAC71220.1|ARO:3004631|Mgen_gyrA_FLO	1	0	1	80.4000	46	1.46e-20	79.7000
gb|AAF04388.1|ARO:3001871|CTX-M-8	1	1	0	80.0000	50	4.81e-24	87.8000
gb|AAF89147.1|ARO:3004810|GOB-3	1	1	0	80.6000	36	2.64e-17	69.3000
gb|AAG03546.1|ARO:3003679|TriA	1	0	1	82.0000	50	5.51e-20	77.8000
gb|AAG04347.1|ARO:3003686|Paer_oprD_IPM	1	1	0	80.5000	41	8.08e-19	74.7000
gb|AAG07593.1|ARO:3000807|MexH	1	1	0	81.0000	21	3.73e-06	38.9000
gb|AAG07595.1|ARO:3000809|OpmD	1	0	1	84.0000	50	3.27e-22	84.3000
gb|AAG07762.1|ARO:3003030|MexV	1	1	0	85.0000	20	3.73e-06	38.9000
gb|AAG07988.1|ARO:3004059|Type_A_NfxB	1	1	0	82.6000	46	5.07e-22	80.5000
gb|AAG23871.1|ARO:3001427|OXA-33	1	0	1	100.0000	50	4.66e-30	102.0000
gb|AAK15582.1|ARO:3001428|OXA-34	1	1	0	100.0000	39	3.46e-21	79.7000
gb|AAK17126.1|ARO:3007060|Hpyl_pbp1_AMX	1	1	0	81.3000	48	3.32e-22	84.3000
gb|AAK37618.1|ARO:3005008|TxR	1	1	0	80.6000	31	3.54e-12	55.8000
gb|AAK80188.1|ARO:3004561|Cdif_murG_VAN	1	1	0	84.4000	45	6.47e-19	74.7000
gb|AAL27443.1|ARO:3002967|vanXY_in_vanE	1	1	0	82.1000	28	1.18e-12	56.2000
gb|AAL36430.1|ARO:3004692|aadA10	1	1	0	100.0000	49	7.31e-29	100.0000
gb|AAL55262.1|ARO:3004766|CGA-1	1	1	0	87.2000	47	1.28e-23	86.7000
gb|AAL75563.1|ARO:3000168|tet(D)	1	0	1	100.0000	50	3.8e-30	105.0000
gb|AAP69915.1|ARO:3003103|cphA7	1	0	1	98.0000	49	6.94e-29	99.8000
gb|AAP93922.1|ARO:3000569|tet(41)	1	0	1	81.3000	48	3.02e-20	78.6000
gb|AAS81670.1|ARO:3005081|Tthe_uL3_PLM	1	1	0	82.6000	23	3.61e-07	41.6000
gb|AAT01223.1|ARO:3001110|SHV-53	1	0	1	98.0000	50	3.86e-29	100.0000
gb|AAT74613.1|ARO:3003676|AAC(6')-Ib'	1	1	0	100.0000	48	8.62e-31	102.0000
gb|ABA71728.1|ARO:3002937|vanS_in_vanG_cl	1	1	0	82.0000	50	5.55e-22	83.2000
gb|ABA71729.1|ARO:3002959|vanY_in_vanG_cl	1	0	1	90.0000	50	5.63e-29	100.0000
gb|ABA71731.1|ARO:3002909|vanG	1	0	1	81.8000	44	1.23e-21	82.0000
gb|ABG72894.1|ARO:3002621|aadA24	1	0	1	98.0000	49	9.46e-26	91.7000
gb|ABO40886.1|ARO:3004645|dfrI	1	0	1	81.8000	22	4.76e-08	43.9000
gb|ABS70977.1|ARO:3004623|AAC(3)-IId	1	0	1	96.0000	50	3.23e-29	101.0000
gb|ABX54692.1|ARO:3002938|vanS_in_vanL_cl	1	0	1	81.8000	44	1.83e-19	76.3000
gb|ACA30419.1|ARO:3002186|MOX-3	1	1	0	100.0000	49	1.69e-28	100.0000
gb|ACJ63454.1|ARO:3009023|PEN-B1	1	0	1	83.7000	49	4.53e-24	88.2000
gb|ACS83748.1|ARO:3000573|tet(43)	1	0	1	87.5000	32	7.54e-13	57.8000
gb|AEG74318.1|ARO:3002795|QnrS6	1	0	1	100.0000	49	1.09e-32	108.0000
gb|AEG74319.1|ARO:3002794|QnrS5	1	1	0	86.0000	50	3.26e-18	71.2000
gb|AET10445.1|ARO:3004033|tetB(46)	1	0	1	81.4000	43	2.94e-18	73.2000
gb|AFC91898.1|ARO:3003043|Spne_PBP2x_AMX	1	1	0	90.0000	50	2.68e-25	93.2000
gb|AFI72872.1|ARO:3002252|CARB-14	1	0	1	100.0000	43	1.07e-22	84.3000
gb|AFK80745.1|ARO:3002350|GES-21	1	1	0	100.0000	50	6.54e-33	110.0000
gb|AFN69127.1|ARO:3001058|TEM-199	1	1	0	100.0000	30	1.91e-15	64.7000
gb|AFU25650.1|ARO:3001834|ACT-12	1	1	0	90.0000	50	1.76e-27	98.2000
gb|AFU25658.1|ARO:3002762|QnrB47	1	1	0	96.0000	50	5.86e-32	106.0000
gb|AGV10830.1|ARO:3002647|APH(3')-IIIa	1	0	1	98.0000	49	1.33e-30	104.0000
gb|AHA41504.1|ARO:3002941|vanS_in_vanO_cl	1	1	0	86.0000	50	1.23e-20	79.3000
gb|AHE41345.1|ARO:3002797|QnrS8	1	0	1	80.0000	50	5.49e-24	86.3000
gb|AHH83938.1|ARO:3000013|vanB	1	1	0	80.0000	25	1.06e-06	40.4000
gb|AHV80711.1|ARO:3002863|dfrA8	1	0	1	94.1000	34	2.59e-18	70.5000
gb|AID93387.1|ARO:3004660|catB11	1	1	0	88.9000	45	7.55e-26	90.9000
gb|AIN56719.1|ARO:3002496|OXA-418	1	1	0	82.0000	50	2.42e-26	93.6000
gb|AIT76092.1|ARO:3002126|CMY-115	1	1	0	81.6000	49	4.42e-24	89.0000
gb|AIU22003.1|ARO:3003778|Msme_ndh_INH	1	1	0	84.0000	50	6.35e-23	86.3000
gb|AIU44173.1|ARO:3001608|OXA-417	1	1	0	85.7000	49	1.34e-24	89.0000
gb|AKD43328.1|ARO:3004757|BKC-1	1	0	1	87.8000	49	1.19e-23	87.0000
gb|ANQ03635.1|ARO:3005162|FosA7.5	1	0	1	80.5000	41	5.61e-21	76.6000
gb|APC93960.1|ARO:3004636|qnrE1	1	0	1	80.4000	46	2e-23	84.7000
gb|AWB15813.1|ARO:3005096|GPC-1	1	1	0	96.0000	50	6.26e-27	95.5000
gb|BAA23130.1|ARO:3002493|SRT-1	1	1	0	88.0000	50	1.72e-26	95.5000
gb|BAC76072.1|ARO:3001856|CFE-1	1	1	0	81.6000	49	5.76e-22	83.2000
gb|BAO21229.1|ARO:3003199|AAC(6')-Iak	1	0	1	80.0000	50	1.13e-25	89.0000
gb|CAA25854.1|ARO:3002659|APH(6)-Ic	1	0	1	84.4000	45	2.96e-25	90.5000
gb|CAA56561.1|ARO:3003553|CepS	1	1	0	92.7000	41	5.26e-20	77.8000
gb|CAA63264.1|ARO:3002012|CMY-1	1	0	1	100.0000	17	1.99e-06	39.7000
gb|CAA77936.1|ARO:3004039|Ecol_emrE	1	0	1	88.5000	26	3.94e-10	48.1000
gb|CAB13167.1|ARO:3003064|ykkD	1	1	0	80.8000	26	5.26e-10	47.8000
gb|CAB51471.1|ARO:3004359|ACI-1	1	1	0	100.0000	49	3.87e-30	103.0000
gb|CAB89086.1|ARO:3002158|FOX-4	1	0	1	95.9000	49	2.37e-27	97.8000
gb|CAD55718.1|ARO:3000197|tet(36)	1	1	0	91.3000	23	2.45e-08	45.1000
gb|CAG41169.1|ARO:3003776|Saur_murA_FOF	1	0	1	80.0000	50	5.92e-24	89.0000
gb|CWV56762.1|ARO:3000198|FosX	1	1	0	80.9000	47	1.27e-23	83.2000
gb|EGE18576.1|ARO:3004466|ICR-Mc	1	0	1	85.7000	21	3.36e-08	44.7000
gb|EKE23052.1|ARO:3001737|OXA-282	1	0	1	96.0000	50	1.92e-29	101.0000
gb|EKU39511.1|ARO:3008605|OXA-1189	1	0	1	80.0000	50	1.07e-22	84.0000
gb|MBY8651251.1|ARO:3007191|vanR_in_vanP_cl	1	1	0	81.8000	44	1.54e-23	85.5000
gb|NP_214857.1|ARO:3003451|Mtub_iniC_EMB	1	0	1	83.0000	47	1.95e-20	79.3000
gb|NP_214921.1|ARO:3007849|Mtub_fgd1_DLM	1	0	1	90.9000	22	8.54e-08	43.5000
gb|NP_217051.1|ARO:3007692|Mtub_Rv2535_BDQ	1	1	0	82.6000	23	1.7e-08	45.4000
gb|NP_217450.1|ARO:3004976|Mtub_ppsD_PZA	1	1	0	86.0000	50	7.31e-23	86.3000
gb|NP_218311.1|ARO:3003453|Mtub_embA_EMB	1	1	0	83.7000	49	5e-25	92.4000
gb|QBQ85438.1|ARO:3004719|tet(X3)	1	0	1	92.0000	50	1.89e-27	98.2000
gb|QHR93773.1|ARO:3005024|FosL1	1	0	1	80.9000	47	6.98e-26	89.0000
gb|QIF88262.1|ARO:3007229|MCR-8.2	1	1	0	81.3000	32	3.31e-14	61.6000
gb|QNR09091.1|ARO:3007044|mef(F)	1	0	1	86.0000	50	1.31e-23	87.8000
gb|UBK05373.1|ARO:3008073|AIM-2	1	1	0	92.0000	50	1.01e-25	92.4000
gb|UBX54502.1|ARO:3009065|SRT-4	1	0	1	83.7000	49	8.09e-23	85.5000
gb|ULU82664.1|ARO:3008504|OXA-1086	1	1	0	82.4000	34	1.51e-11	53.9000
gb|UTS94222.1|ARO:3007993|ADC-277	1	1	0	85.0000	40	2.59e-18	73.2000
gb|UZX27393.1|ARO:3008081|BMHC-1	1	0	1	81.3000	48	1.68e-25	90.9000
gb|WEY36196.1|ARO:3007900|ACT-118	1	0	1	91.8000	49	4.51e-28	99.8000
gb|WFP96649.1|ARO:3008668|OXA-1258	1	0	1	87.5000	24	3.56e-09	47.4000
gb|WFS34552.1|ARO:3007801|RATA-1	1	1	0	88.0000	50	1.07e-24	89.7000
gb|WP_004207704.1|ARO:3006992|SGM-6	1	0	1	95.9000	49	4.24e-29	101.0000
gb|WP_007879679.1|ARO:3006105|OXA-919	1	0	1	98.0000	50	2.59e-33	111.0000
gb|WP_009821475.1|ARO:3006987|SGM-1	1	1	0	87.8000	49	3.37e-25	91.3000
gb|WP_012145975.1|ARO:3006996|SPR-1	1	0	1	83.7000	49	9.9e-24	87.0000
gb|WP_016137488.1|ARO:3006311|ADC-136	1	1	0	82.4000	34	4.61e-14	61.2000
gb|WP_032644152.1|ARO:3006248|ACT-53	1	0	1	91.7000	36	1.57e-16	68.2000
gb|WP_032699754.1|ARO:3006968|PLA-1	1	1	0	100.0000	49	1.22e-29	102.0000
gb|WP_032865068.1|ARO:3001742|OXA-287	1	1	0	80.0000	50	2.68e-25	90.9000
gb|WP_058951457.1|ARO:3005868|OXA-652	1	0	1	96.0000	50	1.43e-28	99.4000
gb|WP_063860263.1|ARO:3006879|EC-19	1	0	1	80.0000	30	5.1e-12	55.5000
gb|WP_063860495.1|ARO:3002165|FOX-12	1	1	0	91.8000	49	3.33e-25	92.0000
gb|WP_063860521.1|ARO:3006888|GIL-1	1	0	1	100.0000	27	6.89e-14	60.5000
gb|WP_063864184.1|ARO:3005742|OXA-512	1	1	0	94.0000	50	2.41e-27	96.3000
gb|WP_063865145.1|ARO:3007001|TER-1	1	1	0	100.0000	50	6.64e-28	97.8000
gb|WP_063865146.1|ARO:3007007|TER-2	1	0	1	100.0000	49	1.51e-29	102.0000
gb|WP_080897395.1|ARO:3006153|OKP-D-1	1	1	0	80.0000	50	7.07e-21	79.3000
gb|WP_088245227.1|ARO:3006331|ADC-157	1	0	1	80.0000	45	2.9e-20	78.6000
gb|WP_102607457.1|ARO:3004361|sul4	1	0	1	89.5000	19	6.67e-06	38.1000
gb|WP_109545048.1|ARO:3005768|OXA-542	1	1	0	94.0000	50	4.81e-30	103.0000
gb|WP_111273846.1|ARO:3007278|MCR-3.17	1	0	1	100.0000	50	3.08e-27	98.6000
gb|WP_111273850.1|ARO:3006166|GES-37	1	0	1	100.0000	49	1.6e-29	102.0000
gb|WP_128268285.1|ARO:3006983|RSD2-2	1	0	1	81.4000	43	2.3e-21	80.1000
gb|WP_148044424.1|ARO:3006964|PAU-1	1	0	1	84.0000	50	3.94e-21	80.1000
gb|WP_150823461.1|ARO:3006378|ADC-209	1	1	0	80.8000	26	4.12e-10	50.1000
gb|WP_156404647.1|ARO:3006461|CMY-169	1	0	1	84.0000	50	8.73e-26	93.6000
