sample_id	stage	relative_path	file_name	bytes	sha256	status
E_1-2	FASTP	FASTP/E_1-2/E_1-2.fastp.json	E_1-2.fastp.json	137901	f95a2ded029d52f364928bb296acd123b97583e6b1f32500f71b3daba4f82ea3	PASS
E_11-12	FASTP	FASTP/E_11-12/E_11-12.fastp.json	E_11-12.fastp.json	137960	8a0be04bef9e3f5decc4ff4fe3832f04520a51955d7adad0de88493736b8b1aa	PASS
E_3-4	FASTP	FASTP/E_3-4/E_3-4.fastp.json	E_3-4.fastp.json	143021	b59595ca47b275a1980e2e2233dcdd732bc8ae7154d47d1ae6bac9f938e9ed12	PASS
E_5-6	FASTP	FASTP/E_5-6/E_5-6.fastp.json	E_5-6.fastp.json	141870	f46e5d68f02ba061a13d8def36df0764e826cd6519d7aadc77481b1a72f2e60f	PASS
E_7-8	FASTP	FASTP/E_7-8/E_7-8.fastp.json	E_7-8.fastp.json	137801	883e0abefbeba2b333e41c0d5e01e3c305c2ba2039391cebe31987f71d74290e	PASS
E_9-10	FASTP	FASTP/E_9-10/E_9-10.fastp.json	E_9-10.fastp.json	137655	5da26e13de3b56ee8c95c79ea6ad9e85bafebc70771523c58dc55b3fe5831a93	PASS
I_1-2	FASTP	FASTP/I_1-2/I_1-2.fastp.json	I_1-2.fastp.json	137829	2fff1da6bdd6a497738a99c9aa132bc3f493528ed585db1509fe5ed805c58695	PASS
I_11-12	FASTP	FASTP/I_11-12/I_11-12.fastp.json	I_11-12.fastp.json	137982	4826d83a8412dd8bd1362ec2278f3ee27b28dc89b58263a5d0ab08e8bcbca1a4	PASS
I_3-4	FASTP	FASTP/I_3-4/I_3-4.fastp.json	I_3-4.fastp.json	142182	d5598f73fb2affe974a691edbc9ee419a98a4361deaa93eb41292ca43d14d51b	PASS
I_5-6	FASTP	FASTP/I_5-6/I_5-6.fastp.json	I_5-6.fastp.json	137385	fd7fb7f7b7078aa85147f9b32bd96a02dc832e467494228cc61e5859f6ff47f5	PASS
I_7-8	FASTP	FASTP/I_7-8/I_7-8.fastp.json	I_7-8.fastp.json	142010	ce04a43bb0aefa73c4f419f8fc49a54213c0c9624c7be06c1a1242dd19a07392	PASS
I_9-10	FASTP	FASTP/I_9-10/I_9-10.fastp.json	I_9-10.fastp.json	142429	8833d26a06acc8b9cd65d09796074aaa01f2e8051af38b632447ecc79b5feb0b	PASS
RW_1	FASTP	FASTP/RW_1/RW_1.fastp.json	RW_1.fastp.json	138900	a1e9011cddf562a3767cca10c04bd784650f06b9d1167be7144f8859144898d6	PASS
RW_2	FASTP	FASTP/RW_2/RW_2.fastp.json	RW_2.fastp.json	142006	23264f8d9fea2b8a044ca5816ac4bf684caecb2b34f714227fc75aa74f37bece	PASS
RW_3	FASTP	FASTP/RW_3/RW_3.fastp.json	RW_3.fastp.json	137722	41fa840bec4d51cdc9b0cac31fb1db4dd524b7560a452984f38953c4875961a6	PASS
RW_4	FASTP	FASTP/RW_4/RW_4.fastp.json	RW_4.fastp.json	137615	d29b642850b891946104428f128bb2b252cb5a0c139916f27d91b5fc4da33a23	PASS
RW_5	FASTP	FASTP/RW_5/RW_5.fastp.json	RW_5.fastp.json	141978	b98ddec10b923b53decd65c01aa37dac50ca8654330416392cc9e24640019ca8	PASS
RW_6	FASTP	FASTP/RW_6/RW_6.fastp.json	RW_6.fastp.json	142284	dc638220cb66b9923d52426b8800514451ce0a7f31700e15ae9d798fea6c738f	PASS
E_1-2	Bowtie2	Bowtie2/E_1-2/E_1-2.bowtie2.summary.txt	E_1-2.bowtie2.summary.txt	633	8ce6e5893513b81277e082d6489f22ad7300c317bf6d3db783e6412ec8d10d7b	PASS
E_11-12	Bowtie2	Bowtie2/E_11-12/E_11-12.bowtie2.summary.txt	E_11-12.bowtie2.summary.txt	636	ee37fb3421fae5b2f0075f6d821d97abf7d8b5cab68242cfaf7e5abb4b4e51d0	PASS
E_3-4	Bowtie2	Bowtie2/E_3-4/E_3-4.bowtie2.summary.txt	E_3-4.bowtie2.summary.txt	631	d266dbaf824574b90ea85289e0e7e24976def7dcb0e2f450e0a11ce2952378b2	PASS
E_5-6	Bowtie2	Bowtie2/E_5-6/E_5-6.bowtie2.summary.txt	E_5-6.bowtie2.summary.txt	630	755dee12dc75b01b2768956d7b2de78aa5766d4e0cdaf04bd60079e112da9afe	PASS
E_7-8	Bowtie2	Bowtie2/E_7-8/E_7-8.bowtie2.summary.txt	E_7-8.bowtie2.summary.txt	633	4967fbd9ef60079b2727fb1c294730c229b9aab9c87bdf0ae4fab7e2e0f1ca6d	PASS
E_9-10	Bowtie2	Bowtie2/E_9-10/E_9-10.bowtie2.summary.txt	E_9-10.bowtie2.summary.txt	627	666a52a5d94506b184458283dd0fc85df8abd5146412bea1b30f1cb9e8474306	PASS
I_1-2	Bowtie2	Bowtie2/I_1-2/I_1-2.bowtie2.summary.txt	I_1-2.bowtie2.summary.txt	637	149f126c8e4d5b96a534c87aca2717d87ac4e02a434acaedc557b12cebf66986	PASS
I_11-12	Bowtie2	Bowtie2/I_11-12/I_11-12.bowtie2.summary.txt	I_11-12.bowtie2.summary.txt	637	b5871660de4eaa755a9f7596b71bbd09dc54fa9f127b67bcdabc770ddb418541	PASS
I_3-4	Bowtie2	Bowtie2/I_3-4/I_3-4.bowtie2.summary.txt	I_3-4.bowtie2.summary.txt	630	f1a79dbc3da21ba5dea85d40a6294e0c7a31f38cc07a56ce045c03e45ae0d578	PASS
I_5-6	Bowtie2	Bowtie2/I_5-6/I_5-6.bowtie2.summary.txt	I_5-6.bowtie2.summary.txt	629	7076f5a2c57ba37d7d4024a222d80ab9f4573a49cb20552f15bb15645d767994	PASS
I_7-8	Bowtie2	Bowtie2/I_7-8/I_7-8.bowtie2.summary.txt	I_7-8.bowtie2.summary.txt	630	4d2373366ca75d9a9652d2e2ec2e50a6d154e2c3e7305c8b86de06f35988d53a	PASS
I_9-10	Bowtie2	Bowtie2/I_9-10/I_9-10.bowtie2.summary.txt	I_9-10.bowtie2.summary.txt	631	fde6028d157ae6aad1c01aa62d5ef3bfa5f936518d2b7712291d6b167bb89b33	PASS
RW_1	Bowtie2	Bowtie2/RW_1/RW_1.bowtie2.summary.txt	RW_1.bowtie2.summary.txt	636	e9933b2616507e55b2da2494200a3daa61f3bbf272c8c72cbd8357b94dfaaedd	PASS
RW_2	Bowtie2	Bowtie2/RW_2/RW_2.bowtie2.summary.txt	RW_2.bowtie2.summary.txt	629	86cdea304ab188dfe9982928b1ed946eb36c2f6736e7cbee60a4ad213377cd6d	PASS
RW_3	Bowtie2	Bowtie2/RW_3/RW_3.bowtie2.summary.txt	RW_3.bowtie2.summary.txt	634	a41bd07525392b390dd07143836344dd85bde8f116c1b6a1400cdbf76cab8a1a	PASS
RW_4	Bowtie2	Bowtie2/RW_4/RW_4.bowtie2.summary.txt	RW_4.bowtie2.summary.txt	631	737bc00f90441a460bca3b5b88af39cdbd9b9cdf14775fc88403aa9a68f4a7f9	PASS
RW_5	Bowtie2	Bowtie2/RW_5/RW_5.bowtie2.summary.txt	RW_5.bowtie2.summary.txt	630	921996313d81387b46eadfaf1f0a712ee60f70e0622829c9821825716d0d05fd	PASS
RW_6	Bowtie2	Bowtie2/RW_6/RW_6.bowtie2.summary.txt	RW_6.bowtie2.summary.txt	631	d0b95249cabd756d4fd1d8b7ea8433f3b9251f838dbb0d1b8e32ef034893a2e6	PASS
E_1-2	CARD_RGI_BWT	CARD_RGI_BWT/E_1-2/E_1-2_rgi_bwt.gene_mapping_data.txt	E_1-2_rgi_bwt.gene_mapping_data.txt	243606	3aab3a1c87025b7b333ca7bd466704ea8b313905fa1e46b98cb275336efdba90	PASS
E_1-2	CARD_RGI_BWT	CARD_RGI_BWT/E_1-2/E_1-2_rgi_bwt.overall_mapping_stats.txt	E_1-2_rgi_bwt.overall_mapping_stats.txt	527	50d0457b533a87660ae4aad2fe0536c2143c8316cb23a66fe0794e2fe9adf196	PASS
E_11-12	CARD_RGI_BWT	CARD_RGI_BWT/E_11-12/E_11-12_rgi_bwt.gene_mapping_data.txt	E_11-12_rgi_bwt.gene_mapping_data.txt	301958	4cc8e82350863cf7344fa8f87db88a748c2a44de92784c09807834f5067246fa	PASS
E_11-12	CARD_RGI_BWT	CARD_RGI_BWT/E_11-12/E_11-12_rgi_bwt.overall_mapping_stats.txt	E_11-12_rgi_bwt.overall_mapping_stats.txt	529	0181e8ab990a08fa9ed17037ccf0185431727ab888d0302fac0eb982cf47245d	PASS
E_3-4	CARD_RGI_BWT	CARD_RGI_BWT/E_3-4/E_3-4_rgi_bwt.gene_mapping_data.txt	E_3-4_rgi_bwt.gene_mapping_data.txt	254338	722ac88fc26b1d9cc97a337eaa8273b4de6d4d760ec801a44dd196a8cf49b356	PASS
E_3-4	CARD_RGI_BWT	CARD_RGI_BWT/E_3-4/E_3-4_rgi_bwt.overall_mapping_stats.txt	E_3-4_rgi_bwt.overall_mapping_stats.txt	526	fe6b2160285df6b34eb7a9cd323cdfc393bbe56ac60fbbc3d2367deca8f3d290	PASS
E_5-6	CARD_RGI_BWT	CARD_RGI_BWT/E_5-6/E_5-6_rgi_bwt.gene_mapping_data.txt	E_5-6_rgi_bwt.gene_mapping_data.txt	349557	fbb9656f4b629d9c8711db18e7627aff8f0900eb024f4af30fe574132ca2498c	PASS
E_5-6	CARD_RGI_BWT	CARD_RGI_BWT/E_5-6/E_5-6_rgi_bwt.overall_mapping_stats.txt	E_5-6_rgi_bwt.overall_mapping_stats.txt	523	bc95857ada914a874915f4c155ad6f6117459e930c8e72ba603e4fd95dad9e6e	PASS
E_7-8	CARD_RGI_BWT	CARD_RGI_BWT/E_7-8/E_7-8_rgi_bwt.gene_mapping_data.txt	E_7-8_rgi_bwt.gene_mapping_data.txt	274166	4c4ef05d18c47b304fcff094a58bc85909645e7f6286b816a4dee9b66cc3a03e	PASS
E_7-8	CARD_RGI_BWT	CARD_RGI_BWT/E_7-8/E_7-8_rgi_bwt.overall_mapping_stats.txt	E_7-8_rgi_bwt.overall_mapping_stats.txt	525	7e292edfed6e6ff769e4a178f1979b02c3f6e8f0aa3fb8a69087e31bcceb3fea	PASS
E_9-10	CARD_RGI_BWT	CARD_RGI_BWT/E_9-10/E_9-10_rgi_bwt.gene_mapping_data.txt	E_9-10_rgi_bwt.gene_mapping_data.txt	242398	f9c661ec8f939b0bc3efc9d7a7a43cf63128ee9ad2fa9eb725c700a5a319fd67	PASS
E_9-10	CARD_RGI_BWT	CARD_RGI_BWT/E_9-10/E_9-10_rgi_bwt.overall_mapping_stats.txt	E_9-10_rgi_bwt.overall_mapping_stats.txt	524	e209855cc7b874be498eb541d80e71848da3b401eb046728ee9d31c7d53443ae	PASS
I_1-2	CARD_RGI_BWT	CARD_RGI_BWT/I_1-2/I_1-2_rgi_bwt.gene_mapping_data.txt	I_1-2_rgi_bwt.gene_mapping_data.txt	340479	c612357f37e2f3967fded77290adc0dd6f40775cf1987d09bb7ca82525867156	PASS
I_1-2	CARD_RGI_BWT	CARD_RGI_BWT/I_1-2/I_1-2_rgi_bwt.overall_mapping_stats.txt	I_1-2_rgi_bwt.overall_mapping_stats.txt	526	218134ab2f01fc3402398be546245c6f6f3e4b5b4aafb7e316ad668572106663	PASS
I_11-12	CARD_RGI_BWT	CARD_RGI_BWT/I_11-12/I_11-12_rgi_bwt.gene_mapping_data.txt	I_11-12_rgi_bwt.gene_mapping_data.txt	333230	979cefefd3bb16e9c3e8bfefb34e3665309433115564b0e0cb98d70ca82e32eb	PASS
I_11-12	CARD_RGI_BWT	CARD_RGI_BWT/I_11-12/I_11-12_rgi_bwt.overall_mapping_stats.txt	I_11-12_rgi_bwt.overall_mapping_stats.txt	527	051c623cd2694f0be99190c7b70028fc1b9231d8ae3d60c7d6d1071a6165a4fb	PASS
I_3-4	CARD_RGI_BWT	CARD_RGI_BWT/I_3-4/I_3-4_rgi_bwt.gene_mapping_data.txt	I_3-4_rgi_bwt.gene_mapping_data.txt	336133	2875b6016132ff163ba4d5e5de3d37b087d7fe77fef2f64fd71edc883abfc645	PASS
I_3-4	CARD_RGI_BWT	CARD_RGI_BWT/I_3-4/I_3-4_rgi_bwt.overall_mapping_stats.txt	I_3-4_rgi_bwt.overall_mapping_stats.txt	525	833510129b7bfc5d8fde109b19033d19769a436e452a44c8e3a8f5d6d8d22b08	PASS
I_5-6	CARD_RGI_BWT	CARD_RGI_BWT/I_5-6/I_5-6_rgi_bwt.gene_mapping_data.txt	I_5-6_rgi_bwt.gene_mapping_data.txt	257799	12aa2e253776b899525a3b39f4225c2e5257c26a57c81d634ad60928eb78742a	PASS
I_5-6	CARD_RGI_BWT	CARD_RGI_BWT/I_5-6/I_5-6_rgi_bwt.overall_mapping_stats.txt	I_5-6_rgi_bwt.overall_mapping_stats.txt	525	0697f19c2d35dc1175de489487c0531a641d873aa0395c2f783a88e8310a40dc	PASS
I_7-8	CARD_RGI_BWT	CARD_RGI_BWT/I_7-8/I_7-8_rgi_bwt.gene_mapping_data.txt	I_7-8_rgi_bwt.gene_mapping_data.txt	348542	555b4e0ba3902bfa8026f8321f4079566d6f2c38370fecab69251d638ab71230	PASS
I_7-8	CARD_RGI_BWT	CARD_RGI_BWT/I_7-8/I_7-8_rgi_bwt.overall_mapping_stats.txt	I_7-8_rgi_bwt.overall_mapping_stats.txt	524	7ba43f12960b62c728c06d70df753a134e71019e725b0edc0a7ef62470fd42ba	PASS
I_9-10	CARD_RGI_BWT	CARD_RGI_BWT/I_9-10/I_9-10_rgi_bwt.gene_mapping_data.txt	I_9-10_rgi_bwt.gene_mapping_data.txt	374849	f02dd4c13c1426cf431f9d22887110a8dfed57f1cec706ec02db151d74118ae4	PASS
I_9-10	CARD_RGI_BWT	CARD_RGI_BWT/I_9-10/I_9-10_rgi_bwt.overall_mapping_stats.txt	I_9-10_rgi_bwt.overall_mapping_stats.txt	525	ff2a96be83c5c2b9ee4f6ba166b1e1f4a92e88d88d50982a83a26acf38e89f27	PASS
RW_1	CARD_RGI_BWT	CARD_RGI_BWT/RW_1/RW_1_rgi_bwt.gene_mapping_data.txt	RW_1_rgi_bwt.gene_mapping_data.txt	314891	52803d9c7046d5d5fc20c6bee029910b88726985e4a6c5906bb89217e9ba339a	PASS
RW_1	CARD_RGI_BWT	CARD_RGI_BWT/RW_1/RW_1_rgi_bwt.overall_mapping_stats.txt	RW_1_rgi_bwt.overall_mapping_stats.txt	528	28e9ebc67c2986ae4b358d71a279236fae77bd73871801d21a3bfb4e4673e532	PASS
RW_2	CARD_RGI_BWT	CARD_RGI_BWT/RW_2/RW_2_rgi_bwt.gene_mapping_data.txt	RW_2_rgi_bwt.gene_mapping_data.txt	324744	93b854046b3d2b05f9c59f3fb4b9b002c0ad64ae14c1d671029ab3235743f068	PASS
RW_2	CARD_RGI_BWT	CARD_RGI_BWT/RW_2/RW_2_rgi_bwt.overall_mapping_stats.txt	RW_2_rgi_bwt.overall_mapping_stats.txt	526	289d42806fb6e69bbc031de9911b2ad7fddf3180c2b045752130cd2b94dc99a3	PASS
RW_3	CARD_RGI_BWT	CARD_RGI_BWT/RW_3/RW_3_rgi_bwt.gene_mapping_data.txt	RW_3_rgi_bwt.gene_mapping_data.txt	301587	d91fb2abdc5811ab582c54dc7c551a5772df161228460bd64296f8813d757798	PASS
RW_3	CARD_RGI_BWT	CARD_RGI_BWT/RW_3/RW_3_rgi_bwt.overall_mapping_stats.txt	RW_3_rgi_bwt.overall_mapping_stats.txt	526	bd0536392fd9d38600ce762f97c951adf1536a50aa6e63b204ee85f51ce89e0c	PASS
RW_4	CARD_RGI_BWT	CARD_RGI_BWT/RW_4/RW_4_rgi_bwt.gene_mapping_data.txt	RW_4_rgi_bwt.gene_mapping_data.txt	345697	fc5265ed65650ee3e35f745948c6b1c4af7944dcb2271396c456d1b06ddee169	PASS
RW_4	CARD_RGI_BWT	CARD_RGI_BWT/RW_4/RW_4_rgi_bwt.overall_mapping_stats.txt	RW_4_rgi_bwt.overall_mapping_stats.txt	525	a660bae3bfb413a7616661be4250b8c8021a6f86822d656c1ff752821478b696	PASS
RW_5	CARD_RGI_BWT	CARD_RGI_BWT/RW_5/RW_5_rgi_bwt.gene_mapping_data.txt	RW_5_rgi_bwt.gene_mapping_data.txt	352498	8ddd18cfb72ec0c8aae05aaccec04831360fee2e47c7c438837e3257f10a16c9	PASS
RW_5	CARD_RGI_BWT	CARD_RGI_BWT/RW_5/RW_5_rgi_bwt.overall_mapping_stats.txt	RW_5_rgi_bwt.overall_mapping_stats.txt	526	a23b4364ad81e73c6abb1a34cd887c6bcd6e39e0ff73c1cdb1eadf640c09bf06	PASS
RW_6	CARD_RGI_BWT	CARD_RGI_BWT/RW_6/RW_6_rgi_bwt.gene_mapping_data.txt	RW_6_rgi_bwt.gene_mapping_data.txt	312251	112746636d745c14f4c53501e1db65e9ef55f5df9a4882e283b6998b7846df91	PASS
RW_6	CARD_RGI_BWT	CARD_RGI_BWT/RW_6/RW_6_rgi_bwt.overall_mapping_stats.txt	RW_6_rgi_bwt.overall_mapping_stats.txt	529	de57c86f75757194780be62ba5c5bef514e7f94f21999adfc39358254feb2447	PASS
E_1-2	DIAMOND_CARD	DIAMOND_CARD/E_1-2/E_1-2_diamond_card_hit_summary.tsv	E_1-2_diamond_card_hit_summary.tsv	285823	6d5fb43738e8220f0445d7b5f6f14caab6e66889d4a7d759383f71566dc8dcda	PASS
E_1-2	DIAMOND_CARD	DIAMOND_CARD/E_1-2/E_1-2_diamond_card_sample_summary.tsv	E_1-2_diamond_card_sample_summary.tsv	152	1bc30015454972ff26a57b476214ad76d6593e15f2599ba79ca50fc72c69cf6d	PASS
E_11-12	DIAMOND_CARD	DIAMOND_CARD/E_11-12/E_11-12_diamond_card_hit_summary.tsv	E_11-12_diamond_card_hit_summary.tsv	314835	bcb9b9030976284e3fcd67b2f936fc328f12f2a273a3f18918283d7ff47fbf4b	PASS
E_11-12	DIAMOND_CARD	DIAMOND_CARD/E_11-12/E_11-12_diamond_card_sample_summary.tsv	E_11-12_diamond_card_sample_summary.tsv	154	a64499271e70e688e60f7689b7f497cc7b322905cecaac42ef546ccd9464a01e	PASS
E_3-4	DIAMOND_CARD	DIAMOND_CARD/E_3-4/E_3-4_diamond_card_hit_summary.tsv	E_3-4_diamond_card_hit_summary.tsv	288909	26b2c8784fbdcde2943f562a78db990cbb7208d836fb8d9822109192cbae7da7	PASS
E_3-4	DIAMOND_CARD	DIAMOND_CARD/E_3-4/E_3-4_diamond_card_sample_summary.tsv	E_3-4_diamond_card_sample_summary.tsv	152	03ad5b9bd8cf986f6c8920bcd47b468d826fef2868e9e383cb92fb0be33e0c9f	PASS
E_5-6	DIAMOND_CARD	DIAMOND_CARD/E_5-6/E_5-6_diamond_card_hit_summary.tsv	E_5-6_diamond_card_hit_summary.tsv	313895	bfb639f051e5592359ca72e6cc0f85800b4f1eb1689c87b41f71e1154909d9f6	PASS
E_5-6	DIAMOND_CARD	DIAMOND_CARD/E_5-6/E_5-6_diamond_card_sample_summary.tsv	E_5-6_diamond_card_sample_summary.tsv	152	d9772512ed3b5bd67541b9dc3cf316ed6dd09d727ec8f39f8f73472cf5b15daa	PASS
E_7-8	DIAMOND_CARD	DIAMOND_CARD/E_7-8/E_7-8_diamond_card_hit_summary.tsv	E_7-8_diamond_card_hit_summary.tsv	296285	7fc72785aec3ab852d2137ac91382a797e57e8ea00ee759e3c39a268262ca714	PASS
E_7-8	DIAMOND_CARD	DIAMOND_CARD/E_7-8/E_7-8_diamond_card_sample_summary.tsv	E_7-8_diamond_card_sample_summary.tsv	152	336273f0cd915b15e4b68b5ebff790e04f1b206d37c9f860be0fd951ffe815ae	PASS
E_9-10	DIAMOND_CARD	DIAMOND_CARD/E_9-10/E_9-10_diamond_card_hit_summary.tsv	E_9-10_diamond_card_hit_summary.tsv	292331	5a41bb86b0982d22f6fe925dfe68e853c07d30ed5fb6b80109cf41f73f1a0151	PASS
E_9-10	DIAMOND_CARD	DIAMOND_CARD/E_9-10/E_9-10_diamond_card_sample_summary.tsv	E_9-10_diamond_card_sample_summary.tsv	153	cf2f55a4d3fdb06a4a6821567340472870c71f37fab836cec209ad9a71d7a061	PASS
I_1-2	DIAMOND_CARD	DIAMOND_CARD/I_1-2/I_1-2_diamond_card_hit_summary.tsv	I_1-2_diamond_card_hit_summary.tsv	307601	714cbb3ace21c4a82df7ff861a6c00eecda4c632f72525c0b306a7163d0a6337	PASS
I_1-2	DIAMOND_CARD	DIAMOND_CARD/I_1-2/I_1-2_diamond_card_sample_summary.tsv	I_1-2_diamond_card_sample_summary.tsv	152	f4ca1607ca2c8c4e44cab4d099e477dc7979b099c934a50fb196c5613ee00e89	PASS
I_11-12	DIAMOND_CARD	DIAMOND_CARD/I_11-12/I_11-12_diamond_card_hit_summary.tsv	I_11-12_diamond_card_hit_summary.tsv	320520	287cb8b82abb76903ec40a871477e21c7372be8c24365f595b97143a6c600409	PASS
I_11-12	DIAMOND_CARD	DIAMOND_CARD/I_11-12/I_11-12_diamond_card_sample_summary.tsv	I_11-12_diamond_card_sample_summary.tsv	154	d1c9a3dae55b4bd1acd0d5f43392af0152ca5069dfbd36c923938d7538fa8477	PASS
I_3-4	DIAMOND_CARD	DIAMOND_CARD/I_3-4/I_3-4_diamond_card_hit_summary.tsv	I_3-4_diamond_card_hit_summary.tsv	309525	9bb4a647de56a2956d3356471c99e5a32973e223b81ae56162148934945fffa0	PASS
I_3-4	DIAMOND_CARD	DIAMOND_CARD/I_3-4/I_3-4_diamond_card_sample_summary.tsv	I_3-4_diamond_card_sample_summary.tsv	152	f8525a1d7501be4606a2fb6d9089128c5d6a6c2496e73c0c5f0c0cee2a987ad2	PASS
I_5-6	DIAMOND_CARD	DIAMOND_CARD/I_5-6/I_5-6_diamond_card_hit_summary.tsv	I_5-6_diamond_card_hit_summary.tsv	291584	d7624ccbf72b955be761ebda26107160a625358da92388a6535fb384825cbcd2	PASS
I_5-6	DIAMOND_CARD	DIAMOND_CARD/I_5-6/I_5-6_diamond_card_sample_summary.tsv	I_5-6_diamond_card_sample_summary.tsv	152	1fc5bbb242a9c97acc823c04aeb3831352702d2ca6450d86a232c95fd07397c2	PASS
I_7-8	DIAMOND_CARD	DIAMOND_CARD/I_7-8/I_7-8_diamond_card_hit_summary.tsv	I_7-8_diamond_card_hit_summary.tsv	312021	027f15400367f6ecd45774ea40525960572e2cd94a941edf6fabb1f5159da005	PASS
I_7-8	DIAMOND_CARD	DIAMOND_CARD/I_7-8/I_7-8_diamond_card_sample_summary.tsv	I_7-8_diamond_card_sample_summary.tsv	152	b64087aa8b6d65f75d55e8436dcc6540944e0cf7891e9c60d5409b7ce0d35413	PASS
I_9-10	DIAMOND_CARD	DIAMOND_CARD/I_9-10/I_9-10_diamond_card_hit_summary.tsv	I_9-10_diamond_card_hit_summary.tsv	320436	45798758f2591a7a434ef7e30a4fada6e56d41edf2eac27ee682aba2f0e6b752	PASS
I_9-10	DIAMOND_CARD	DIAMOND_CARD/I_9-10/I_9-10_diamond_card_sample_summary.tsv	I_9-10_diamond_card_sample_summary.tsv	153	b2ac007dfc73093e0f9ca6886e7659bd4f0e321aa5e26f41463d2b9ba1a12d9a	PASS
RW_1	DIAMOND_CARD	DIAMOND_CARD/RW_1/RW_1_diamond_card_hit_summary.tsv	RW_1_diamond_card_hit_summary.tsv	303096	e036f41244a4a981849c7d64b52a9a6e866b8c0ea1b018d17775120838377dfe	PASS
RW_1	DIAMOND_CARD	DIAMOND_CARD/RW_1/RW_1_diamond_card_sample_summary.tsv	RW_1_diamond_card_sample_summary.tsv	151	3ce4d3efca2e5d6fba93571506817b43fa99270aa1c7abd64296816cc5445905	PASS
RW_2	DIAMOND_CARD	DIAMOND_CARD/RW_2/RW_2_diamond_card_hit_summary.tsv	RW_2_diamond_card_hit_summary.tsv	311808	0f81a1c7082de0085d52551383b71b86edf26345edcb7501c35201007bd62b13	PASS
RW_2	DIAMOND_CARD	DIAMOND_CARD/RW_2/RW_2_diamond_card_sample_summary.tsv	RW_2_diamond_card_sample_summary.tsv	151	1c96527a74fd78c4e087f5ada47328f8d3f11ad805ac32ca2c41abc8ddd4fdca	PASS
RW_3	DIAMOND_CARD	DIAMOND_CARD/RW_3/RW_3_diamond_card_hit_summary.tsv	RW_3_diamond_card_hit_summary.tsv	299152	7e542076cb4571f8317b3584badc40448853f4b4feb2a261b4702449e2baeb76	PASS
RW_3	DIAMOND_CARD	DIAMOND_CARD/RW_3/RW_3_diamond_card_sample_summary.tsv	RW_3_diamond_card_sample_summary.tsv	151	6dcd56eb1c952fb0fce8da112896a42429403d3b40aefd4ffff63f8579585b42	PASS
RW_4	DIAMOND_CARD	DIAMOND_CARD/RW_4/RW_4_diamond_card_hit_summary.tsv	RW_4_diamond_card_hit_summary.tsv	311026	954f9c1832ff8f60478781a6bfb35293ded7d456eab7d2365b4fd3862af9f3df	PASS
RW_4	DIAMOND_CARD	DIAMOND_CARD/RW_4/RW_4_diamond_card_sample_summary.tsv	RW_4_diamond_card_sample_summary.tsv	151	3eecc38e5c141c1a94e2e64de1968c76879233b245cfbde3683d2608590403fe	PASS
RW_5	DIAMOND_CARD	DIAMOND_CARD/RW_5/RW_5_diamond_card_hit_summary.tsv	RW_5_diamond_card_hit_summary.tsv	313419	028714e095803cec5f3ead598197ffeee8cf288e6b490a9cee184961d11915a4	PASS
RW_5	DIAMOND_CARD	DIAMOND_CARD/RW_5/RW_5_diamond_card_sample_summary.tsv	RW_5_diamond_card_sample_summary.tsv	151	94725264fbc59a42493ff7467d2337e2f9c9ca906000d1243c107c88fb86001a	PASS
RW_6	DIAMOND_CARD	DIAMOND_CARD/RW_6/RW_6_diamond_card_hit_summary.tsv	RW_6_diamond_card_hit_summary.tsv	299981	540acea5d229f36386763c0d5778169a73ea7cd5cc7381f160893ab08517fee9	PASS
RW_6	DIAMOND_CARD	DIAMOND_CARD/RW_6/RW_6_diamond_card_sample_summary.tsv	RW_6_diamond_card_sample_summary.tsv	151	cc3a7f80b15c72c57fe0949c4186cf59128756f830e3515b3524f96a0216060d	PASS
E_1-2	Assembly	Assembly/E_1-2/E_1-2_assembly_metrics.tsv	E_1-2_assembly_metrics.tsv	472	f726cae6f61b8c0450db773a72f832c46d2db9d4d7ae347916ca6e3e8c8182f3	PASS
E_11-12	Assembly	Assembly/E_11-12/E_11-12_assembly_metrics.tsv	E_11-12_assembly_metrics.tsv	475	11c6e9cd0ee4e8d44e65979a5f8fb6862a001dfa5c197b156414105d8dda4e50	PASS
E_3-4	Assembly	Assembly/E_3-4/E_3-4_assembly_metrics.tsv	E_3-4_assembly_metrics.tsv	471	e4982bf9784c56be9aa40002db4fab37e27d3e729375df9adeac361aeef0e2b3	PASS
E_5-6	Assembly	Assembly/E_5-6/E_5-6_assembly_metrics.tsv	E_5-6_assembly_metrics.tsv	467	1707ae19184ba9057d3181bdcd7e6ee6673ccfd71d60790e69c4662bdc09e8ae	PASS
E_7-8	Assembly	Assembly/E_7-8/E_7-8_assembly_metrics.tsv	E_7-8_assembly_metrics.tsv	472	597adf2de11c40348e0acd21bcaa8cec7a2a0e4a1e08dd8469b87db7f0477ed3	PASS
E_9-10	Assembly	Assembly/E_9-10/E_9-10_assembly_metrics.tsv	E_9-10_assembly_metrics.tsv	473	f2ad935ba1bdb3d83b2846bd8f1b39b112a840130c3bb089523219c0309c998c	PASS
I_1-2	Assembly	Assembly/I_1-2/I_1-2_assembly_metrics.tsv	I_1-2_assembly_metrics.tsv	469	e18d1cb52e08aa2e05ca590fd6d2774936f5fea4110375eebe8b93ec2c4f16f1	PASS
I_11-12	Assembly	Assembly/I_11-12/I_11-12_assembly_metrics.tsv	I_11-12_assembly_metrics.tsv	478	da6086f718804204836a92361b3475c6dd299fb4aad700af5b31ce4873e815b8	PASS
I_3-4	Assembly	Assembly/I_3-4/I_3-4_assembly_metrics.tsv	I_3-4_assembly_metrics.tsv	440	368d6e958e54e50a3b85c88886dabfa74d158b08f472c4dee867917e5e6c7861	PASS
I_5-6	Assembly	Assembly/I_5-6/I_5-6_assembly_metrics.tsv	I_5-6_assembly_metrics.tsv	470	31e7b54e3921f24d8e207e036205372ec9e47ace3cd83c39cc91bf9f6cdcf2d8	PASS
I_7-8	Assembly	Assembly/I_7-8/I_7-8_assembly_metrics.tsv	I_7-8_assembly_metrics.tsv	468	2e0f4ca7d720e06915e1757e8b63ef8719f89b1df1cfb3c22eca58fe3180e7ff	PASS
I_9-10	Assembly	Assembly/I_9-10/I_9-10_assembly_metrics.tsv	I_9-10_assembly_metrics.tsv	472	2be8f54ea264773c9c697db4f3a0fdb65718bc7c393e404ed0800dc5db1b9f58	PASS
RW_1	Assembly	Assembly/RW_1/RW_1_assembly_metrics.tsv	RW_1_assembly_metrics.tsv	469	4c5eef0b4e3dcd015f23122bec5a4727895f524ae175e595c044a08930c05ead	PASS
RW_2	Assembly	Assembly/RW_2/RW_2_assembly_metrics.tsv	RW_2_assembly_metrics.tsv	466	b4613a057e5ca71ee5cdb2992bf7c0978ef77d6e1585c2abe44300e341660142	PASS
RW_3	Assembly	Assembly/RW_3/RW_3_assembly_metrics.tsv	RW_3_assembly_metrics.tsv	468	d92b341de5633032222f97eac10df7f4e3a5932b0e6e5f97bf292bb8dc588b7f	PASS
RW_4	Assembly	Assembly/RW_4/RW_4_assembly_metrics.tsv	RW_4_assembly_metrics.tsv	465	d707d7129edaceee2376b5a2995ecef3684f57e187c5da6eca70ab12cad49e24	PASS
RW_5	Assembly	Assembly/RW_5/RW_5_assembly_metrics.tsv	RW_5_assembly_metrics.tsv	466	b502274a00008301b7435f6b5e31fc046eb3e06b560c404a3d70a0dd9f0ea1ce	PASS
RW_6	Assembly	Assembly/RW_6/RW_6_assembly_metrics.tsv	RW_6_assembly_metrics.tsv	466	9acd2f697852394789776775fc9a8aba138b473155284baf361ff8de46264c5b	PASS
E_1-2	geNomAD	geNomAD/E_1-2/E_1-2.contigs_plasmid_summary.tsv	E_1-2.contigs_plasmid_summary.tsv	147754	a5f2985eb1ba7d9ff35179b6e30a5526f7df21ce9b9e59c04385f313cc06aa02	PASS
E_1-2	geNomAD	geNomAD/E_1-2/E_1-2.contigs_virus_summary.tsv	E_1-2.contigs_virus_summary.tsv	1770725	69d6e043f3a433692374750785a0e58556f5e7802ca34f44852f8f637ae23785	PASS
E_11-12	geNomAD	geNomAD/E_11-12/E_11-12.contigs_plasmid_summary.tsv	E_11-12.contigs_plasmid_summary.tsv	313990	a0885adb13aebcff248e850933e155c20e4e5955b38b17c585240f35ce95664e	PASS
E_11-12	geNomAD	geNomAD/E_11-12/E_11-12.contigs_virus_summary.tsv	E_11-12.contigs_virus_summary.tsv	1892190	289e6836098f48b18311bbe0dd7daf72c82482c2af0dd35cb84d28ed63d9e197	PASS
E_3-4	geNomAD	geNomAD/E_3-4/E_3-4.contigs_plasmid_summary.tsv	E_3-4.contigs_plasmid_summary.tsv	228058	f394c86765ca7b864cf88b6017ce8d7d9ea1907f135c3de3633df08e426160e6	PASS
E_3-4	geNomAD	geNomAD/E_3-4/E_3-4.contigs_virus_summary.tsv	E_3-4.contigs_virus_summary.tsv	1208934	28bcc2990e98148c202705b71e8f524376f47ede5cf64f46f463647d13496ec2	PASS
E_5-6	geNomAD	geNomAD/E_5-6/E_5-6.contigs_plasmid_summary.tsv	E_5-6.contigs_plasmid_summary.tsv	532094	cabeb9ec60f74cbdbbfd9f726cf6846a34e8ea33b9be775a58f02c97c59cb7c5	PASS
E_5-6	geNomAD	geNomAD/E_5-6/E_5-6.contigs_virus_summary.tsv	E_5-6.contigs_virus_summary.tsv	1173058	5b8ca33da44aa02ae4843b3610108ba3c6ef4dd427f4f9e1f644955cdfb624c2	PASS
E_7-8	geNomAD	geNomAD/E_7-8/E_7-8.contigs_plasmid_summary.tsv	E_7-8.contigs_plasmid_summary.tsv	217200	76545959a066d5ba3df626ee118bc47748552b1fe584032031f6b72358010aa3	PASS
E_7-8	geNomAD	geNomAD/E_7-8/E_7-8.contigs_virus_summary.tsv	E_7-8.contigs_virus_summary.tsv	1349918	5e59b2305da2d7475ecec71cacb2d0a0c65c4debf0e05fd3677086cf7467d686	PASS
E_9-10	geNomAD	geNomAD/E_9-10/E_9-10.contigs_plasmid_summary.tsv	E_9-10.contigs_plasmid_summary.tsv	197130	70f45bc0fa12b5bed83870fd9770a1418b0c57b5544376795c1c1ba4bfee81e0	PASS
E_9-10	geNomAD	geNomAD/E_9-10/E_9-10.contigs_virus_summary.tsv	E_9-10.contigs_virus_summary.tsv	2377249	2cd00fb7f9597015fe76eb826bcedb88f4d2a4e8d3a8fd77c7f81d8259f86f52	PASS
I_1-2	geNomAD	geNomAD/I_1-2/I_1-2.contigs_plasmid_summary.tsv	I_1-2.contigs_plasmid_summary.tsv	543131	dafe2084bc53a623bb950a44edbfa0ff2f73fe1cb6fdc81682390c7d8bea9cfd	PASS
I_1-2	geNomAD	geNomAD/I_1-2/I_1-2.contigs_virus_summary.tsv	I_1-2.contigs_virus_summary.tsv	1414982	26eb666041199ffa782252bfef793f10b737b3ade0d2abdaee3d214559990e95	PASS
I_11-12	geNomAD	geNomAD/I_11-12/I_11-12.contigs_plasmid_summary.tsv	I_11-12.contigs_plasmid_summary.tsv	522812	734ef7cb39af93e8546c313e7b44537e2e94b3a51be9469c3123448d05f005f6	PASS
I_11-12	geNomAD	geNomAD/I_11-12/I_11-12.contigs_virus_summary.tsv	I_11-12.contigs_virus_summary.tsv	1577452	f2077c0266d96e02ff14fc32d1b3296720cb6ffbf88a858a16800ef9964fe02c	PASS
I_3-4	geNomAD	geNomAD/I_3-4/I_3-4.contigs_plasmid_summary.tsv	I_3-4.contigs_plasmid_summary.tsv	464693	0022406ac699ad17b7f2dedad73ed1887441d61c15da150a7004a677adbc3150	PASS
I_3-4	geNomAD	geNomAD/I_3-4/I_3-4.contigs_virus_summary.tsv	I_3-4.contigs_virus_summary.tsv	895635	91ea03f98fd5375c4e38a3b8dca78cd0f88a687a39650ba0a537b8fcb140ae07	PASS
I_5-6	geNomAD	geNomAD/I_5-6/I_5-6.contigs_plasmid_summary.tsv	I_5-6.contigs_plasmid_summary.tsv	171236	889835c99f235ad8f49381990e2d185735a381111d32d984c5f2bbd2f5fa303f	PASS
I_5-6	geNomAD	geNomAD/I_5-6/I_5-6.contigs_virus_summary.tsv	I_5-6.contigs_virus_summary.tsv	1429667	b057a9269b092287cd5e291fb28cb8614f388e425d50318b614c62c3e7c3b95a	PASS
I_7-8	geNomAD	geNomAD/I_7-8/I_7-8.contigs_plasmid_summary.tsv	I_7-8.contigs_plasmid_summary.tsv	490460	3d4d6623240f71f1b3cb1df2de67832340aeea80b5c418f5e449932d527928fc	PASS
I_7-8	geNomAD	geNomAD/I_7-8/I_7-8.contigs_virus_summary.tsv	I_7-8.contigs_virus_summary.tsv	867340	a8ae292d9c3b051eb039139ead82721f596ad95d2bff63fc70a41b504fa65700	PASS
I_9-10	geNomAD	geNomAD/I_9-10/I_9-10.contigs_plasmid_summary.tsv	I_9-10.contigs_plasmid_summary.tsv	583623	06820b2248c4d86bf237f14fb6d7ae32b4d6959b285992619a7d67846df78eb4	PASS
I_9-10	geNomAD	geNomAD/I_9-10/I_9-10.contigs_virus_summary.tsv	I_9-10.contigs_virus_summary.tsv	999111	6d1d5634925f4c01e52a0570a8b2d7298dcb907023dba3d9539b60b307dd0805	PASS
RW_1	geNomAD	geNomAD/RW_1/RW_1.contigs_plasmid_summary.tsv	RW_1.contigs_plasmid_summary.tsv	374746	05aff9b4504d1cf4916dcdc59c3c0639661100780531244335b7e73218311941	PASS
RW_1	geNomAD	geNomAD/RW_1/RW_1.contigs_virus_summary.tsv	RW_1.contigs_virus_summary.tsv	1295692	c73da56ba6afe16a0998c42e85ce504bf554665849eea7d86eae7f8c2865e36f	PASS
RW_2	geNomAD	geNomAD/RW_2/RW_2.contigs_plasmid_summary.tsv	RW_2.contigs_plasmid_summary.tsv	440055	d201ed2c66286072fffe2c6a7781ba1be5d45f651b9585746a366abd09625239	PASS
RW_2	geNomAD	geNomAD/RW_2/RW_2.contigs_virus_summary.tsv	RW_2.contigs_virus_summary.tsv	751063	8c74ccd853d3423e585a0194df6c69e161c80c6990b92a2ed68c7da45f7fb3ce	PASS
RW_3	geNomAD	geNomAD/RW_3/RW_3.contigs_plasmid_summary.tsv	RW_3.contigs_plasmid_summary.tsv	457127	3e86d1ce9cd3ef7eb5d0ce9676c30540282005bcbdb34412fc4e5a20dc68eefa	PASS
RW_3	geNomAD	geNomAD/RW_3/RW_3.contigs_virus_summary.tsv	RW_3.contigs_virus_summary.tsv	1130886	ef8ab075e0079f47f0c19a860d1bb24142b99d7120a93f085afc1fb7209eb430	PASS
RW_4	geNomAD	geNomAD/RW_4/RW_4.contigs_plasmid_summary.tsv	RW_4.contigs_plasmid_summary.tsv	484447	26a1f51eb9cc45ac284290f86a311fa9630633615597200fd232325d91ee46b2	PASS
RW_4	geNomAD	geNomAD/RW_4/RW_4.contigs_virus_summary.tsv	RW_4.contigs_virus_summary.tsv	715650	01dc9833998dc1cfb94471dee748f829be66b225cf2915f4865d034b82f9f1ae	PASS
RW_5	geNomAD	geNomAD/RW_5/RW_5.contigs_plasmid_summary.tsv	RW_5.contigs_plasmid_summary.tsv	435523	ca045891fe48d5ca8bb47caada4a6a2ae8859d50aa4a4a44ebf94ac5e911440e	PASS
RW_5	geNomAD	geNomAD/RW_5/RW_5.contigs_virus_summary.tsv	RW_5.contigs_virus_summary.tsv	586400	94181388a36b8999eb4c67ee9fffe6c1c61a0fe8e4c0c99b4740ca171d145e81	PASS
RW_6	geNomAD	geNomAD/RW_6/RW_6.contigs_plasmid_summary.tsv	RW_6.contigs_plasmid_summary.tsv	428534	cdf4c5a8da17c40c051fe7654be2b68d152a338ed64130c6f0f23fd6acc190d4	PASS
RW_6	geNomAD	geNomAD/RW_6/RW_6.contigs_virus_summary.tsv	RW_6.contigs_virus_summary.tsv	1402930	7392a1d444125b501f06a68166d1dcf5f46b597fd3d49f7f90c530c76d5337a1	PASS
E_1-2	CARD_RGI_Main	CARD_RGI_Main/E_1-2/E_1-2_rgi_main_compact.tsv	E_1-2_rgi_main_compact.tsv	230251	3745d21771ce9a4fa3d30a5a3bc7bcd857d8f77355c0203fc42d5de5a1bb74bc	PASS
E_11-12	CARD_RGI_Main	CARD_RGI_Main/E_11-12/E_11-12_rgi_main_compact.tsv	E_11-12_rgi_main_compact.tsv	246945	5972a00d09e260decc7c4945ebeb8b6bfa3719ee8f7419e4d09a2ba530cd02e6	PASS
E_3-4	CARD_RGI_Main	CARD_RGI_Main/E_3-4/E_3-4_rgi_main_compact.tsv	E_3-4_rgi_main_compact.tsv	270157	490d748f8a2daeea5a767f84da5e16417cc5afc0e22fa6b4d5ed0a644b7b41e9	PASS
E_5-6	CARD_RGI_Main	CARD_RGI_Main/E_5-6/E_5-6_rgi_main_compact.tsv	E_5-6_rgi_main_compact.tsv	303702	664897d54b938e0bfa32c4b9782542013a82dee8e9b82576221cb1efeb1bf4c7	PASS
E_7-8	CARD_RGI_Main	CARD_RGI_Main/E_7-8/E_7-8_rgi_main_compact.tsv	E_7-8_rgi_main_compact.tsv	270464	7de1b1958bb626dd1aebc06ce71ed636fd3619c8c22a4293c2c31d6e79437f57	PASS
E_9-10	CARD_RGI_Main	CARD_RGI_Main/E_9-10/E_9-10_rgi_main_compact.tsv	E_9-10_rgi_main_compact.tsv	236305	fff1c63f71a5b390686f38f1ce6b0dc97679a39993758131d9504399a1d016c4	PASS
I_1-2	CARD_RGI_Main	CARD_RGI_Main/I_1-2/I_1-2_rgi_main_compact.tsv	I_1-2_rgi_main_compact.tsv	332985	b66d80b4470924d772b0c773de7b130e8954b7984516d0eb2bca281161ead1f4	PASS
I_11-12	CARD_RGI_Main	CARD_RGI_Main/I_11-12/I_11-12_rgi_main_compact.tsv	I_11-12_rgi_main_compact.tsv	303531	8701c198f85a640900dba4da838a8cb1d2e70196ca6062f292fcef644fe12272	PASS
I_3-4	CARD_RGI_Main	CARD_RGI_Main/I_3-4/I_3-4_rgi_main_compact.tsv	I_3-4_rgi_main_compact.tsv	323298	ff96fd4a3370f266ad4bc9aef8c88171ee418922c5af1e2f23bd80f2712871fb	PASS
I_5-6	CARD_RGI_Main	CARD_RGI_Main/I_5-6/I_5-6_rgi_main_compact.tsv	I_5-6_rgi_main_compact.tsv	233217	8e7bc58299fe58b8f7fc24536ac1339d09c179cef45584896ddc860a3aaf23a0	PASS
I_7-8	CARD_RGI_Main	CARD_RGI_Main/I_7-8/I_7-8_rgi_main_compact.tsv	I_7-8_rgi_main_compact.tsv	323337	c320044572fa8cecfc0435c90165019a36f5b21650ec748496b275e67b348150	PASS
I_9-10	CARD_RGI_Main	CARD_RGI_Main/I_9-10/I_9-10_rgi_main_compact.tsv	I_9-10_rgi_main_compact.tsv	359028	f74d3258254b5aab02e995eef02d5fe29cb13094f814b420e50468b76e1a6bb5	PASS
RW_1	CARD_RGI_Main	CARD_RGI_Main/RW_1/RW_1_rgi_main_compact.tsv	RW_1_rgi_main_compact.tsv	255995	a7e5bb6007b38b8c28050262249eb79c8ef9d759708e98b5303a6ae0f3737d61	PASS
RW_2	CARD_RGI_Main	CARD_RGI_Main/RW_2/RW_2_rgi_main_compact.tsv	RW_2_rgi_main_compact.tsv	208619	96af7d1f2ef9d5d4b09f3bf2d5fa0a2f1588bb955ab0d383d614d5da3c47cb80	PASS
RW_3	CARD_RGI_Main	CARD_RGI_Main/RW_3/RW_3_rgi_main_compact.tsv	RW_3_rgi_main_compact.tsv	206420	a550ca2b6327cba701cb9c9a93625e2d6440929c608ea4bcf9346420eed5c123	PASS
RW_4	CARD_RGI_Main	CARD_RGI_Main/RW_4/RW_4_rgi_main_compact.tsv	RW_4_rgi_main_compact.tsv	239286	846516b8ff2e1dad2dec5e20b321a2e3b722e340a41f877c58282d4a9923f78f	PASS
RW_5	CARD_RGI_Main	CARD_RGI_Main/RW_5/RW_5_rgi_main_compact.tsv	RW_5_rgi_main_compact.tsv	251999	89dbb17451a3b204efd0c374124f03804e67a28ee47cdaaa49896e1f57d5ea6c	PASS
RW_6	CARD_RGI_Main	CARD_RGI_Main/RW_6/RW_6_rgi_main_compact.tsv	RW_6_rgi_main_compact.tsv	225710	868d8cdc9344bec376a1cb98002fce11cbdf1948d8893fff1e5de57f92150aff	PASS
E_1-2	ARG_Mobility_Overlap	ARG_Mobility_Overlap/E_1-2/E_1-2_drug_class_summary.tsv	E_1-2_drug_class_summary.tsv	1279	59dbbe187c23e48a218997513cd0d706d47676f564b789525270d03878c1ceac	PASS
E_1-2	ARG_Mobility_Overlap	ARG_Mobility_Overlap/E_1-2/E_1-2_overlap.tsv	E_1-2_overlap.tsv	200465	d9054c49b529cccef2db750637d8c59f1784b5ae3d1af1bf009bc3b75f83c7e8	PASS
E_1-2	ARG_Mobility_Overlap	ARG_Mobility_Overlap/E_1-2/E_1-2_sample_summary.tsv	E_1-2_sample_summary.tsv	356	81531874cab49495dd2b5e3582ecd67500f0764d2e6d311a68e30898f9c8867b	PASS
E_1-2	ARG_Mobility_Overlap	ARG_Mobility_Overlap/E_1-2/E_1-2_strict_perfect_overlap.tsv	E_1-2_strict_perfect_overlap.tsv	200465	d9054c49b529cccef2db750637d8c59f1784b5ae3d1af1bf009bc3b75f83c7e8	PASS
E_1-2	ARG_Mobility_Overlap	ARG_Mobility_Overlap/E_1-2/E_1-2_strict_perfect_sample_summary.tsv	E_1-2_strict_perfect_sample_summary.tsv	326	5a24a48aa41b3c5fe2434460af2f9586391185b353a1cbe9f8a5f7f234e09067	PASS
E_11-12	ARG_Mobility_Overlap	ARG_Mobility_Overlap/E_11-12/E_11-12_drug_class_summary.tsv	E_11-12_drug_class_summary.tsv	1388	3ab355f9fd5e758f47f86c4e7fc5ee124faa98da623a96136866368bb310f915	PASS
E_11-12	ARG_Mobility_Overlap	ARG_Mobility_Overlap/E_11-12/E_11-12_overlap.tsv	E_11-12_overlap.tsv	217123	c9f617cd3e0f8bb97beb6fee3a2dcc4bf499e93b744682c421e3b6ad11a3ec4f	PASS
E_11-12	ARG_Mobility_Overlap	ARG_Mobility_Overlap/E_11-12/E_11-12_sample_summary.tsv	E_11-12_sample_summary.tsv	358	37c2bfa337cb9729c5c555f8612c6ab2417303a346151b2e3a4a0c611bb7e99f	PASS
E_11-12	ARG_Mobility_Overlap	ARG_Mobility_Overlap/E_11-12/E_11-12_strict_perfect_overlap.tsv	E_11-12_strict_perfect_overlap.tsv	217123	c9f617cd3e0f8bb97beb6fee3a2dcc4bf499e93b744682c421e3b6ad11a3ec4f	PASS
E_11-12	ARG_Mobility_Overlap	ARG_Mobility_Overlap/E_11-12/E_11-12_strict_perfect_sample_summary.tsv	E_11-12_strict_perfect_sample_summary.tsv	328	3a34a81e9e239ec1d7576bd27a97b0ca41a552c7b514f239a89ae9f74ad9b8fb	PASS
E_3-4	ARG_Mobility_Overlap	ARG_Mobility_Overlap/E_3-4/E_3-4_drug_class_summary.tsv	E_3-4_drug_class_summary.tsv	1285	ba9351d5a8b2314bfec8cde52d4540340cc420023fdd2115d9ced3ce7af46ee2	PASS
E_3-4	ARG_Mobility_Overlap	ARG_Mobility_Overlap/E_3-4/E_3-4_overlap.tsv	E_3-4_overlap.tsv	235560	cfe75d75acdbb3014c49ed6df4df59b0234d4356b5c80079ad1e0df10a469ff2	PASS
E_3-4	ARG_Mobility_Overlap	ARG_Mobility_Overlap/E_3-4/E_3-4_sample_summary.tsv	E_3-4_sample_summary.tsv	353	0b5d3f98e1ca94d1b73d9771682d24a59148ade1ffe43ace58ba2865eeb68b97	PASS
E_3-4	ARG_Mobility_Overlap	ARG_Mobility_Overlap/E_3-4/E_3-4_strict_perfect_overlap.tsv	E_3-4_strict_perfect_overlap.tsv	235560	cfe75d75acdbb3014c49ed6df4df59b0234d4356b5c80079ad1e0df10a469ff2	PASS
E_3-4	ARG_Mobility_Overlap	ARG_Mobility_Overlap/E_3-4/E_3-4_strict_perfect_sample_summary.tsv	E_3-4_strict_perfect_sample_summary.tsv	323	34523c27c2412c0410e44c6478f7aa656ab0ea3543de1a0560daf2a9b078bcc0	PASS
E_5-6	ARG_Mobility_Overlap	ARG_Mobility_Overlap/E_5-6/E_5-6_drug_class_summary.tsv	E_5-6_drug_class_summary.tsv	1389	d0c144b9274290745b0831d76c87fea1a92737568b42f746f0e36dcadb32fdf4	PASS
E_5-6	ARG_Mobility_Overlap	ARG_Mobility_Overlap/E_5-6/E_5-6_overlap.tsv	E_5-6_overlap.tsv	266773	f2fd8978719df0d37ec0668663eff4907b0ca5908e87663b9ee7ccb4a8fcb09e	PASS
E_5-6	ARG_Mobility_Overlap	ARG_Mobility_Overlap/E_5-6/E_5-6_sample_summary.tsv	E_5-6_sample_summary.tsv	357	14a49f9bd9ff6c132c42bbba9485c4c196c24db6a03cd3054770a712ce1e3775	PASS
E_5-6	ARG_Mobility_Overlap	ARG_Mobility_Overlap/E_5-6/E_5-6_strict_perfect_overlap.tsv	E_5-6_strict_perfect_overlap.tsv	266773	f2fd8978719df0d37ec0668663eff4907b0ca5908e87663b9ee7ccb4a8fcb09e	PASS
E_5-6	ARG_Mobility_Overlap	ARG_Mobility_Overlap/E_5-6/E_5-6_strict_perfect_sample_summary.tsv	E_5-6_strict_perfect_sample_summary.tsv	327	9646d318b0ab838e47e4a5542e79e635d3d398ea57706bd318f61c47e34af2cb	PASS
E_7-8	ARG_Mobility_Overlap	ARG_Mobility_Overlap/E_7-8/E_7-8_drug_class_summary.tsv	E_7-8_drug_class_summary.tsv	1334	cc5070ae993f68efd6f578aa357955d0423c8a0248d1ecf67fff794e6bd09bf1	PASS
E_7-8	ARG_Mobility_Overlap	ARG_Mobility_Overlap/E_7-8/E_7-8_overlap.tsv	E_7-8_overlap.tsv	235999	4bd7022e6ba3d9be29460bcf5faa85a6fadee29d2c74e5a0ee6f10eda0246a3a	PASS
E_7-8	ARG_Mobility_Overlap	ARG_Mobility_Overlap/E_7-8/E_7-8_sample_summary.tsv	E_7-8_sample_summary.tsv	353	72d6695bcee016cef319471a0267701e65c98e86d63ee90ff733bda20844e9ed	PASS
E_7-8	ARG_Mobility_Overlap	ARG_Mobility_Overlap/E_7-8/E_7-8_strict_perfect_overlap.tsv	E_7-8_strict_perfect_overlap.tsv	235999	4bd7022e6ba3d9be29460bcf5faa85a6fadee29d2c74e5a0ee6f10eda0246a3a	PASS
E_7-8	ARG_Mobility_Overlap	ARG_Mobility_Overlap/E_7-8/E_7-8_strict_perfect_sample_summary.tsv	E_7-8_strict_perfect_sample_summary.tsv	323	2081806225c1c71a14b9ae5dd2c49a6cafeba42c221a7a07908bd8bd45cb68ff	PASS
E_9-10	ARG_Mobility_Overlap	ARG_Mobility_Overlap/E_9-10/E_9-10_drug_class_summary.tsv	E_9-10_drug_class_summary.tsv	1356	bfd9a17e229328f56149fa4a30ea139e2510c6c7baf9de7d09e7cbd62ce0aa31	PASS
E_9-10	ARG_Mobility_Overlap	ARG_Mobility_Overlap/E_9-10/E_9-10_overlap.tsv	E_9-10_overlap.tsv	206473	19e42fc19a26d50f10e7134d18d8899c6f69ae5449458ebd184a7a8ec6a83f68	PASS
E_9-10	ARG_Mobility_Overlap	ARG_Mobility_Overlap/E_9-10/E_9-10_sample_summary.tsv	E_9-10_sample_summary.tsv	357	d368d5f67ec26cff11689ca91ef89523e24f261fb72de286efae3da55c2375d3	PASS
E_9-10	ARG_Mobility_Overlap	ARG_Mobility_Overlap/E_9-10/E_9-10_strict_perfect_overlap.tsv	E_9-10_strict_perfect_overlap.tsv	206473	19e42fc19a26d50f10e7134d18d8899c6f69ae5449458ebd184a7a8ec6a83f68	PASS
E_9-10	ARG_Mobility_Overlap	ARG_Mobility_Overlap/E_9-10/E_9-10_strict_perfect_sample_summary.tsv	E_9-10_strict_perfect_sample_summary.tsv	327	986f4a991933fdf98334814babafdc74d45e21d5c74396c0172a3ae0b3e23d7e	PASS
I_1-2	ARG_Mobility_Overlap	ARG_Mobility_Overlap/I_1-2/I_1-2_drug_class_summary.tsv	I_1-2_drug_class_summary.tsv	1395	a05b1c3ba9c727fb925f7805773e71062d62acb9efb4b833c2082e9c226b558f	PASS
I_1-2	ARG_Mobility_Overlap	ARG_Mobility_Overlap/I_1-2/I_1-2_overlap.tsv	I_1-2_overlap.tsv	292370	ad9ecf93abdcbb7bea5cd8b1d485d27321e31856f82703132888eb57a9e778c6	PASS
I_1-2	ARG_Mobility_Overlap	ARG_Mobility_Overlap/I_1-2/I_1-2_sample_summary.tsv	I_1-2_sample_summary.tsv	355	463a2bb08dd313b015f8e343b04f34109dfc9681d528cff9830e4fd3ef7eabc3	PASS
I_1-2	ARG_Mobility_Overlap	ARG_Mobility_Overlap/I_1-2/I_1-2_strict_perfect_overlap.tsv	I_1-2_strict_perfect_overlap.tsv	292370	ad9ecf93abdcbb7bea5cd8b1d485d27321e31856f82703132888eb57a9e778c6	PASS
I_1-2	ARG_Mobility_Overlap	ARG_Mobility_Overlap/I_1-2/I_1-2_strict_perfect_sample_summary.tsv	I_1-2_strict_perfect_sample_summary.tsv	325	741f7108ef3bbac87983e259c683ecb90938a5e988fd802e923a21869fad33b0	PASS
I_11-12	ARG_Mobility_Overlap	ARG_Mobility_Overlap/I_11-12/I_11-12_drug_class_summary.tsv	I_11-12_drug_class_summary.tsv	1450	d912eb838b35ea814c7c24f47c892b8653b2c6d0e81cfa67b59eea696408998c	PASS
I_11-12	ARG_Mobility_Overlap	ARG_Mobility_Overlap/I_11-12/I_11-12_overlap.tsv	I_11-12_overlap.tsv	267628	5978b151aea20dde8b34a572ab7e7508390c7eb69b0a247cc74565741b4e4dce	PASS
I_11-12	ARG_Mobility_Overlap	ARG_Mobility_Overlap/I_11-12/I_11-12_sample_summary.tsv	I_11-12_sample_summary.tsv	357	80d54b5c33b4b7ac033224c49271a53ef17e34320b87b3858dc1b587427c4c44	PASS
I_11-12	ARG_Mobility_Overlap	ARG_Mobility_Overlap/I_11-12/I_11-12_strict_perfect_overlap.tsv	I_11-12_strict_perfect_overlap.tsv	267628	5978b151aea20dde8b34a572ab7e7508390c7eb69b0a247cc74565741b4e4dce	PASS
I_11-12	ARG_Mobility_Overlap	ARG_Mobility_Overlap/I_11-12/I_11-12_strict_perfect_sample_summary.tsv	I_11-12_strict_perfect_sample_summary.tsv	327	fc9ace82c8714a2289fe9c3a546e89f462e53bded8f41ffa85d3fad987919095	PASS
I_3-4	ARG_Mobility_Overlap	ARG_Mobility_Overlap/I_3-4/I_3-4_drug_class_summary.tsv	I_3-4_drug_class_summary.tsv	1301	bddc4e149729e48d234a56b16571c21701c86a0c3d1bebd038de49b5b2226901	PASS
I_3-4	ARG_Mobility_Overlap	ARG_Mobility_Overlap/I_3-4/I_3-4_overlap.tsv	I_3-4_overlap.tsv	284144	cb6c07c165f947aead0e9042bc17acd991689920789781432b8c8fe50cc69d69	PASS
I_3-4	ARG_Mobility_Overlap	ARG_Mobility_Overlap/I_3-4/I_3-4_sample_summary.tsv	I_3-4_sample_summary.tsv	357	26d5ebbf06a7b978371aa7c2aa1d04d4e6e76787ee6ac25cc8df5192f0eb2e9e	PASS
I_3-4	ARG_Mobility_Overlap	ARG_Mobility_Overlap/I_3-4/I_3-4_strict_perfect_overlap.tsv	I_3-4_strict_perfect_overlap.tsv	284144	cb6c07c165f947aead0e9042bc17acd991689920789781432b8c8fe50cc69d69	PASS
I_3-4	ARG_Mobility_Overlap	ARG_Mobility_Overlap/I_3-4/I_3-4_strict_perfect_sample_summary.tsv	I_3-4_strict_perfect_sample_summary.tsv	327	18bcbd11001ae732d3826e180be3813ae784de2ccec538e9bc7f9de9d18f556a	PASS
I_5-6	ARG_Mobility_Overlap	ARG_Mobility_Overlap/I_5-6/I_5-6_drug_class_summary.tsv	I_5-6_drug_class_summary.tsv	1329	ddf80f3a1713f759fd787e581665f70fb324103e89eac52c3924fea8d0cbe3a9	PASS
I_5-6	ARG_Mobility_Overlap	ARG_Mobility_Overlap/I_5-6/I_5-6_overlap.tsv	I_5-6_overlap.tsv	203369	63d0d0edb3e723a6947da817a976c345a7888077b1005d4616f96b6c424aa3b1	PASS
I_5-6	ARG_Mobility_Overlap	ARG_Mobility_Overlap/I_5-6/I_5-6_sample_summary.tsv	I_5-6_sample_summary.tsv	355	2d567896b890b9fd4afdc64c7c988f84a0d4c207d6b483a22a3a04d9fdbb8e2b	PASS
I_5-6	ARG_Mobility_Overlap	ARG_Mobility_Overlap/I_5-6/I_5-6_strict_perfect_overlap.tsv	I_5-6_strict_perfect_overlap.tsv	203369	63d0d0edb3e723a6947da817a976c345a7888077b1005d4616f96b6c424aa3b1	PASS
I_5-6	ARG_Mobility_Overlap	ARG_Mobility_Overlap/I_5-6/I_5-6_strict_perfect_sample_summary.tsv	I_5-6_strict_perfect_sample_summary.tsv	325	486fbfcdb2ee62664588d5b1e3c4f0cdfff6b59841914c82d9b49b0ca2052951	PASS
I_7-8	ARG_Mobility_Overlap	ARG_Mobility_Overlap/I_7-8/I_7-8_drug_class_summary.tsv	I_7-8_drug_class_summary.tsv	1392	f960f351bdefd42aa034cdc396ae6bd620df5a91f93baf34ed2d54f7f2b9abb1	PASS
I_7-8	ARG_Mobility_Overlap	ARG_Mobility_Overlap/I_7-8/I_7-8_overlap.tsv	I_7-8_overlap.tsv	284374	335746cad6d0d7e5ccce6c6718a559718bf9d0a5848220994022e1a805ffd8aa	PASS
I_7-8	ARG_Mobility_Overlap	ARG_Mobility_Overlap/I_7-8/I_7-8_sample_summary.tsv	I_7-8_sample_summary.tsv	357	143c67f1fd061fef30bc8cf5f243fe33dc5b461f1ab37b69584dfd05dbd5658c	PASS
I_7-8	ARG_Mobility_Overlap	ARG_Mobility_Overlap/I_7-8/I_7-8_strict_perfect_overlap.tsv	I_7-8_strict_perfect_overlap.tsv	284374	335746cad6d0d7e5ccce6c6718a559718bf9d0a5848220994022e1a805ffd8aa	PASS
I_7-8	ARG_Mobility_Overlap	ARG_Mobility_Overlap/I_7-8/I_7-8_strict_perfect_sample_summary.tsv	I_7-8_strict_perfect_sample_summary.tsv	327	84a6589c14109c4b6534575b8134dcebd0cf52403b42b1c5b8963782012d02df	PASS
I_9-10	ARG_Mobility_Overlap	ARG_Mobility_Overlap/I_9-10/I_9-10_drug_class_summary.tsv	I_9-10_drug_class_summary.tsv	1375	aed5bc1c5b41f2bb95a69b12147822b838e2167839822f8c2a8645f64204e17e	PASS
I_9-10	ARG_Mobility_Overlap	ARG_Mobility_Overlap/I_9-10/I_9-10_overlap.tsv	I_9-10_overlap.tsv	316362	d511f520a092895863827d1613a1abdf5311237bf44df55639595a0ca3d2df1f	PASS
I_9-10	ARG_Mobility_Overlap	ARG_Mobility_Overlap/I_9-10/I_9-10_sample_summary.tsv	I_9-10_sample_summary.tsv	357	aa1efb5f53865be6a7d03ca5eb7f69a371de514129d817638acbb06237ae27d4	PASS
I_9-10	ARG_Mobility_Overlap	ARG_Mobility_Overlap/I_9-10/I_9-10_strict_perfect_overlap.tsv	I_9-10_strict_perfect_overlap.tsv	316362	d511f520a092895863827d1613a1abdf5311237bf44df55639595a0ca3d2df1f	PASS
I_9-10	ARG_Mobility_Overlap	ARG_Mobility_Overlap/I_9-10/I_9-10_strict_perfect_sample_summary.tsv	I_9-10_strict_perfect_sample_summary.tsv	327	435796e776af68448462d18126ad322a8c95ce55ca15a077d3177ffaf3889beb	PASS
RW_1	ARG_Mobility_Overlap	ARG_Mobility_Overlap/RW_1/RW_1_drug_class_summary.tsv	RW_1_drug_class_summary.tsv	1261	dddd77f9826d760f36b82aa33209d9f53b864547bb0086b3a7d57cf4b07a5d1a	PASS
RW_1	ARG_Mobility_Overlap	ARG_Mobility_Overlap/RW_1/RW_1_overlap.tsv	RW_1_overlap.tsv	223205	8a8be010e4a66a9e8d1476fdbe6688f12bfc3b8a3e4ce043ba56e65e682141f8	PASS
RW_1	ARG_Mobility_Overlap	ARG_Mobility_Overlap/RW_1/RW_1_sample_summary.tsv	RW_1_sample_summary.tsv	356	2099b18f59167f5309169ba78dae6f9e4b747559e20ea9759bd37a26baa426b3	PASS
RW_1	ARG_Mobility_Overlap	ARG_Mobility_Overlap/RW_1/RW_1_strict_perfect_overlap.tsv	RW_1_strict_perfect_overlap.tsv	223205	8a8be010e4a66a9e8d1476fdbe6688f12bfc3b8a3e4ce043ba56e65e682141f8	PASS
RW_1	ARG_Mobility_Overlap	ARG_Mobility_Overlap/RW_1/RW_1_strict_perfect_sample_summary.tsv	RW_1_strict_perfect_sample_summary.tsv	326	6c3ed699b91c595f0b700ee7e9f33d3bdf001415222cb5c3fa34cf4bf825c4d6	PASS
RW_2	ARG_Mobility_Overlap	ARG_Mobility_Overlap/RW_2/RW_2_drug_class_summary.tsv	RW_2_drug_class_summary.tsv	1310	434a58396b33bebe5662106e0dae3dde4eedb5bd2ab49d0d5bfe5f213fa8d191	PASS
RW_2	ARG_Mobility_Overlap	ARG_Mobility_Overlap/RW_2/RW_2_overlap.tsv	RW_2_overlap.tsv	182723	111936b6cf1a670d170cd9c01a671bedd4c678774630cc44dfb5a59e5a3a9fe8	PASS
RW_2	ARG_Mobility_Overlap	ARG_Mobility_Overlap/RW_2/RW_2_sample_summary.tsv	RW_2_sample_summary.tsv	328	669ca8c40393213989b6932076fe0541464907f9d6492c22a9369cc76fcf881f	PASS
RW_2	ARG_Mobility_Overlap	ARG_Mobility_Overlap/RW_2/RW_2_strict_perfect_overlap.tsv	RW_2_strict_perfect_overlap.tsv	182723	111936b6cf1a670d170cd9c01a671bedd4c678774630cc44dfb5a59e5a3a9fe8	PASS
RW_2	ARG_Mobility_Overlap	ARG_Mobility_Overlap/RW_2/RW_2_strict_perfect_sample_summary.tsv	RW_2_strict_perfect_sample_summary.tsv	298	e5ef10904a9a4de061947e6f255ced994a8e8ee19b49caa86334c83cfeeb1878	PASS
RW_3	ARG_Mobility_Overlap	ARG_Mobility_Overlap/RW_3/RW_3_drug_class_summary.tsv	RW_3_drug_class_summary.tsv	1304	7925de17d3edae7e6f8402523cdb8b9f782e78a90ab40ff51dda72c153e70483	PASS
RW_3	ARG_Mobility_Overlap	ARG_Mobility_Overlap/RW_3/RW_3_overlap.tsv	RW_3_overlap.tsv	180518	c21f1f1e957ad38bf841684c769b1a23181cadab33195d23642519de9fb3f760	PASS
RW_3	ARG_Mobility_Overlap	ARG_Mobility_Overlap/RW_3/RW_3_sample_summary.tsv	RW_3_sample_summary.tsv	354	840922560ad9462c814a4dc1fceb102b5d158391cf99d2898b890035613d0a68	PASS
RW_3	ARG_Mobility_Overlap	ARG_Mobility_Overlap/RW_3/RW_3_strict_perfect_overlap.tsv	RW_3_strict_perfect_overlap.tsv	180518	c21f1f1e957ad38bf841684c769b1a23181cadab33195d23642519de9fb3f760	PASS
RW_3	ARG_Mobility_Overlap	ARG_Mobility_Overlap/RW_3/RW_3_strict_perfect_sample_summary.tsv	RW_3_strict_perfect_sample_summary.tsv	324	0fee2be64eac2f176ad98c0f2cf03858d7900268745c54daabb5e9e75d330405	PASS
RW_4	ARG_Mobility_Overlap	ARG_Mobility_Overlap/RW_4/RW_4_drug_class_summary.tsv	RW_4_drug_class_summary.tsv	1311	4ac9b5e53782885651ee3561dea4fef60fad8c8b7bc89f1ad139c866bcde171d	PASS
RW_4	ARG_Mobility_Overlap	ARG_Mobility_Overlap/RW_4/RW_4_overlap.tsv	RW_4_overlap.tsv	209605	9c68c8c6fc1b70f9cb7f4617c63fdccfac7eb6382cc7ec2e064793842dc8e5ec	PASS
RW_4	ARG_Mobility_Overlap	ARG_Mobility_Overlap/RW_4/RW_4_sample_summary.tsv	RW_4_sample_summary.tsv	356	db244235a87737ea822195d2b7dae7db962e7fdd45c4d6d9a769f90a070a7f10	PASS
RW_4	ARG_Mobility_Overlap	ARG_Mobility_Overlap/RW_4/RW_4_strict_perfect_overlap.tsv	RW_4_strict_perfect_overlap.tsv	209605	9c68c8c6fc1b70f9cb7f4617c63fdccfac7eb6382cc7ec2e064793842dc8e5ec	PASS
RW_4	ARG_Mobility_Overlap	ARG_Mobility_Overlap/RW_4/RW_4_strict_perfect_sample_summary.tsv	RW_4_strict_perfect_sample_summary.tsv	326	4e152842749120339cbb983111e405dbe7588f1a1c3b8e94d485f9975fcdc4e2	PASS
RW_5	ARG_Mobility_Overlap	ARG_Mobility_Overlap/RW_5/RW_5_drug_class_summary.tsv	RW_5_drug_class_summary.tsv	1357	935dbc31500a0c5055c29ea70483269cd01ef23f089bb00fde202f1fd3f89533	PASS
RW_5	ARG_Mobility_Overlap	ARG_Mobility_Overlap/RW_5/RW_5_overlap.tsv	RW_5_overlap.tsv	220929	c1ff9a7b66f1fcb57b0b73763c20781cdf9b8b7c88fb6e8a94f18b8eedd992f2	PASS
RW_5	ARG_Mobility_Overlap	ARG_Mobility_Overlap/RW_5/RW_5_sample_summary.tsv	RW_5_sample_summary.tsv	354	d91fab647eeb17b3a0735944b92f31cf7241f3fae22f2c4dd7b68b00980f814a	PASS
RW_5	ARG_Mobility_Overlap	ARG_Mobility_Overlap/RW_5/RW_5_strict_perfect_overlap.tsv	RW_5_strict_perfect_overlap.tsv	220929	c1ff9a7b66f1fcb57b0b73763c20781cdf9b8b7c88fb6e8a94f18b8eedd992f2	PASS
RW_5	ARG_Mobility_Overlap	ARG_Mobility_Overlap/RW_5/RW_5_strict_perfect_sample_summary.tsv	RW_5_strict_perfect_sample_summary.tsv	324	a3ce3bd6169a6c79a9ef8d37cc679cb4c1ab24d1b54580a69e48ae0f124d5d76	PASS
RW_6	ARG_Mobility_Overlap	ARG_Mobility_Overlap/RW_6/RW_6_drug_class_summary.tsv	RW_6_drug_class_summary.tsv	1308	7bf1740c04ecb3f4517be05d97964834778d6020c40dab566cfe2c05360fd538	PASS
RW_6	ARG_Mobility_Overlap	ARG_Mobility_Overlap/RW_6/RW_6_overlap.tsv	RW_6_overlap.tsv	197388	973835ba95da7df6fef2f596b0ff1418ac4b8bf4cafcbe4082d576461bffcab2	PASS
RW_6	ARG_Mobility_Overlap	ARG_Mobility_Overlap/RW_6/RW_6_sample_summary.tsv	RW_6_sample_summary.tsv	356	e9ff4d6872ccace5b6c4d78b595b68607158057b33e4c115b2978fefc1b333bb	PASS
RW_6	ARG_Mobility_Overlap	ARG_Mobility_Overlap/RW_6/RW_6_strict_perfect_overlap.tsv	RW_6_strict_perfect_overlap.tsv	197388	973835ba95da7df6fef2f596b0ff1418ac4b8bf4cafcbe4082d576461bffcab2	PASS
RW_6	ARG_Mobility_Overlap	ARG_Mobility_Overlap/RW_6/RW_6_strict_perfect_sample_summary.tsv	RW_6_strict_perfect_sample_summary.tsv	326	20550e60e3c8bea540726872aa27a5deb2bb4df3594b60318c8da4b3af4e3885	PASS
