destination	source	transformation
Assembly/ERR1713332/ERR1713332_assembly_metrics.tsv	rr-analysis/hendriksen_resistancemap_2016/stage3_5_megahit_batch02_10countries_plus_USA_alt11/results/ERR1713332/final.contigs.fa	Assembly statistics calculated from final MEGAHIT contigs; full contig FASTA excluded
Assembly/ERR1713334/ERR1713334_assembly_metrics.tsv	rr-analysis/hendriksen_resistancemap_2016/stage3_5_megahit_batch02_10countries_plus_USA_alt11/results/ERR1713334/final.contigs.fa	Assembly statistics calculated from final MEGAHIT contigs; full contig FASTA excluded
Assembly/ERR1713335/ERR1713335_assembly_metrics.tsv	rr-analysis/hendriksen_resistancemap_2016/stage3_5_megahit_batch02_10countries_plus_USA_alt11/results/ERR1713335/final.contigs.fa	Assembly statistics calculated from final MEGAHIT contigs; full contig FASTA excluded
Assembly/ERR1713337/ERR1713337_assembly_metrics.tsv	rr-analysis/hendriksen_resistancemap_2016/stage3_5_megahit_batch02_10countries_plus_USA_alt11/results/ERR1713337/final.contigs.fa	Assembly statistics calculated from final MEGAHIT contigs; full contig FASTA excluded
Assembly/ERR1713339/ERR1713339_assembly_metrics.tsv	rr-analysis/hendriksen_resistancemap_2016/stage3_5_megahit_batch02_10countries_plus_USA_alt11/results/ERR1713339/final.contigs.fa	Assembly statistics calculated from final MEGAHIT contigs; full contig FASTA excluded
Assembly/ERR1713343/ERR1713343_assembly_metrics.tsv	rr-analysis/hendriksen_resistancemap_2016/stage3_5_megahit_batch02_10countries_plus_USA_alt11/results/ERR1713343/final.contigs.fa	Assembly statistics calculated from final MEGAHIT contigs; full contig FASTA excluded
Assembly/ERR1713349/ERR1713349_assembly_metrics.tsv	rr-analysis/hendriksen_resistancemap_2016/stage3_5_megahit_batch02_10countries_plus_USA_alt11/results/ERR1713349/final.contigs.fa	Assembly statistics calculated from final MEGAHIT contigs; full contig FASTA excluded
Assembly/ERR1713352/ERR1713352_assembly_metrics.tsv	rr-analysis/hendriksen_resistancemap_2016/stage3_5_megahit_batch02_10countries_plus_USA_alt11/results/ERR1713352/final.contigs.fa	Assembly statistics calculated from final MEGAHIT contigs; full contig FASTA excluded
Assembly/ERR1713362/ERR1713362_assembly_metrics.tsv	rr-analysis/hendriksen_resistancemap_2016/stage3_5_megahit_batch02_10countries_plus_USA_alt11/results/ERR1713362/final.contigs.fa	Assembly statistics calculated from final MEGAHIT contigs; full contig FASTA excluded
Assembly/ERR1713379/ERR1713379_assembly_metrics.tsv	rr-analysis/hendriksen_resistancemap_2016/stage3_5_megahit_batch02_10countries_plus_USA_alt11/results/ERR1713379/final.contigs.fa	Assembly statistics calculated from final MEGAHIT contigs; full contig FASTA excluded
Assembly/ERR1713403/ERR1713403_assembly_metrics.tsv	rr-analysis/hendriksen_resistancemap_2016/stage3_5_megahit_batch02_10countries_plus_USA_alt11/results/ERR1713403/final.contigs.fa	Assembly statistics calculated from final MEGAHIT contigs; full contig FASTA excluded
Bowtie2/ERR1713332/ERR1713332.bowtie2.log	rr-analysis/hendriksen_resistancemap_2016/results/bowtie2_batch02_10countries_plus_USA_alt11/ERR1713332/ERR1713332.bowtie2.log	Copied without modification
Bowtie2/ERR1713334/ERR1713334.bowtie2.log	rr-analysis/hendriksen_resistancemap_2016/results/bowtie2_batch02_10countries_plus_USA_alt11/ERR1713334/ERR1713334.bowtie2.log	Copied without modification
Bowtie2/ERR1713335/ERR1713335.bowtie2.log	rr-analysis/hendriksen_resistancemap_2016/results/bowtie2_batch02_10countries_plus_USA_alt11/ERR1713335/ERR1713335.bowtie2.log	Copied without modification
Bowtie2/ERR1713337/ERR1713337.bowtie2.log	rr-analysis/hendriksen_resistancemap_2016/results/bowtie2_batch02_10countries_plus_USA_alt11/ERR1713337/ERR1713337.bowtie2.log	Copied without modification
Bowtie2/ERR1713339/ERR1713339.bowtie2.log	rr-analysis/hendriksen_resistancemap_2016/results/bowtie2_batch02_10countries_plus_USA_alt11/ERR1713339/ERR1713339.bowtie2.log	Copied without modification
Bowtie2/ERR1713343/ERR1713343.bowtie2.log	rr-analysis/hendriksen_resistancemap_2016/results/bowtie2_batch02_10countries_plus_USA_alt11/ERR1713343/ERR1713343.bowtie2.log	Copied without modification
Bowtie2/ERR1713349/ERR1713349.bowtie2.log	rr-analysis/hendriksen_resistancemap_2016/results/bowtie2_batch02_10countries_plus_USA_alt11/ERR1713349/ERR1713349.bowtie2.log	Copied without modification
Bowtie2/ERR1713352/ERR1713352.bowtie2.log	rr-analysis/hendriksen_resistancemap_2016/results/bowtie2_batch02_10countries_plus_USA_alt11/ERR1713352/ERR1713352.bowtie2.log	Copied without modification
Bowtie2/ERR1713362/ERR1713362.bowtie2.log	rr-analysis/hendriksen_resistancemap_2016/results/bowtie2_batch02_10countries_plus_USA_alt11/ERR1713362/ERR1713362.bowtie2.log	Copied without modification
Bowtie2/ERR1713379/ERR1713379.bowtie2.log	rr-analysis/hendriksen_resistancemap_2016/results/bowtie2_batch02_10countries_plus_USA_alt11/ERR1713379/ERR1713379.bowtie2.log	Copied without modification
Bowtie2/ERR1713403/ERR1713403.bowtie2.log	rr-analysis/hendriksen_resistancemap_2016/results/bowtie2_batch02_10countries_plus_USA_alt11/ERR1713403/ERR1713403.bowtie2.log	Copied without modification
CARD_RGI_BWT/ERR1713332/ERR1713332_rgi_bwt.gene_mapping_data.txt	rr-analysis/hendriksen_resistancemap_2016/rgi_bwt_batch02_10countries_plus_USA_alt11/ERR1713332_rgi_bwt.gene_mapping_data.txt	Copied with LF line endings; trailing ASCII spaces and terminal blank lines removed; tabs preserved
CARD_RGI_BWT/ERR1713332/ERR1713332_rgi_bwt.overall_mapping_stats.txt	rr-analysis/hendriksen_resistancemap_2016/rgi_bwt_batch02_10countries_plus_USA_alt11/ERR1713332_rgi_bwt.overall_mapping_stats.txt	Copied with LF line endings; trailing ASCII spaces and terminal blank lines removed; tabs preserved
CARD_RGI_BWT/ERR1713334/ERR1713334_rgi_bwt.gene_mapping_data.txt	rr-analysis/hendriksen_resistancemap_2016/rgi_bwt_batch02_10countries_plus_USA_alt11/ERR1713334_rgi_bwt.gene_mapping_data.txt	Copied with LF line endings; trailing ASCII spaces and terminal blank lines removed; tabs preserved
CARD_RGI_BWT/ERR1713334/ERR1713334_rgi_bwt.overall_mapping_stats.txt	rr-analysis/hendriksen_resistancemap_2016/rgi_bwt_batch02_10countries_plus_USA_alt11/ERR1713334_rgi_bwt.overall_mapping_stats.txt	Copied with LF line endings; trailing ASCII spaces and terminal blank lines removed; tabs preserved
CARD_RGI_BWT/ERR1713335/ERR1713335_rgi_bwt.gene_mapping_data.txt	rr-analysis/hendriksen_resistancemap_2016/rgi_bwt_batch02_10countries_plus_USA_alt11/ERR1713335_rgi_bwt.gene_mapping_data.txt	Copied with LF line endings; trailing ASCII spaces and terminal blank lines removed; tabs preserved
CARD_RGI_BWT/ERR1713335/ERR1713335_rgi_bwt.overall_mapping_stats.txt	rr-analysis/hendriksen_resistancemap_2016/rgi_bwt_batch02_10countries_plus_USA_alt11/ERR1713335_rgi_bwt.overall_mapping_stats.txt	Copied with LF line endings; trailing ASCII spaces and terminal blank lines removed; tabs preserved
CARD_RGI_BWT/ERR1713337/ERR1713337_rgi_bwt.gene_mapping_data.txt	rr-analysis/hendriksen_resistancemap_2016/rgi_bwt_batch02_10countries_plus_USA_alt11/ERR1713337_rgi_bwt.gene_mapping_data.txt	Copied with LF line endings; trailing ASCII spaces and terminal blank lines removed; tabs preserved
CARD_RGI_BWT/ERR1713337/ERR1713337_rgi_bwt.overall_mapping_stats.txt	rr-analysis/hendriksen_resistancemap_2016/rgi_bwt_batch02_10countries_plus_USA_alt11/ERR1713337_rgi_bwt.overall_mapping_stats.txt	Copied with LF line endings; trailing ASCII spaces and terminal blank lines removed; tabs preserved
CARD_RGI_BWT/ERR1713339/ERR1713339_rgi_bwt.gene_mapping_data.txt	rr-analysis/hendriksen_resistancemap_2016/rgi_bwt_batch02_10countries_plus_USA_alt11/ERR1713339_rgi_bwt.gene_mapping_data.txt	Copied with LF line endings; trailing ASCII spaces and terminal blank lines removed; tabs preserved
CARD_RGI_BWT/ERR1713339/ERR1713339_rgi_bwt.overall_mapping_stats.txt	rr-analysis/hendriksen_resistancemap_2016/rgi_bwt_batch02_10countries_plus_USA_alt11/ERR1713339_rgi_bwt.overall_mapping_stats.txt	Copied with LF line endings; trailing ASCII spaces and terminal blank lines removed; tabs preserved
CARD_RGI_BWT/ERR1713343/ERR1713343_rgi_bwt.gene_mapping_data.txt	rr-analysis/hendriksen_resistancemap_2016/rgi_bwt_batch02_10countries_plus_USA_alt11/ERR1713343_rgi_bwt.gene_mapping_data.txt	Copied with LF line endings; trailing ASCII spaces and terminal blank lines removed; tabs preserved
CARD_RGI_BWT/ERR1713343/ERR1713343_rgi_bwt.overall_mapping_stats.txt	rr-analysis/hendriksen_resistancemap_2016/rgi_bwt_batch02_10countries_plus_USA_alt11/ERR1713343_rgi_bwt.overall_mapping_stats.txt	Copied with LF line endings; trailing ASCII spaces and terminal blank lines removed; tabs preserved
CARD_RGI_BWT/ERR1713349/ERR1713349_rgi_bwt.gene_mapping_data.txt	rr-analysis/hendriksen_resistancemap_2016/rgi_bwt_batch02_10countries_plus_USA_alt11/ERR1713349_rgi_bwt.gene_mapping_data.txt	Copied with LF line endings; trailing ASCII spaces and terminal blank lines removed; tabs preserved
CARD_RGI_BWT/ERR1713349/ERR1713349_rgi_bwt.overall_mapping_stats.txt	rr-analysis/hendriksen_resistancemap_2016/rgi_bwt_batch02_10countries_plus_USA_alt11/ERR1713349_rgi_bwt.overall_mapping_stats.txt	Copied with LF line endings; trailing ASCII spaces and terminal blank lines removed; tabs preserved
CARD_RGI_BWT/ERR1713352/ERR1713352_rgi_bwt.gene_mapping_data.txt	rr-analysis/hendriksen_resistancemap_2016/rgi_bwt_batch02_10countries_plus_USA_alt11/ERR1713352_rgi_bwt.gene_mapping_data.txt	Copied with LF line endings; trailing ASCII spaces and terminal blank lines removed; tabs preserved
CARD_RGI_BWT/ERR1713352/ERR1713352_rgi_bwt.overall_mapping_stats.txt	rr-analysis/hendriksen_resistancemap_2016/rgi_bwt_batch02_10countries_plus_USA_alt11/ERR1713352_rgi_bwt.overall_mapping_stats.txt	Copied with LF line endings; trailing ASCII spaces and terminal blank lines removed; tabs preserved
CARD_RGI_BWT/ERR1713362/ERR1713362_rgi_bwt.gene_mapping_data.txt	rr-analysis/hendriksen_resistancemap_2016/rgi_bwt_batch02_10countries_plus_USA_alt11/ERR1713362_rgi_bwt.gene_mapping_data.txt	Copied with LF line endings; trailing ASCII spaces and terminal blank lines removed; tabs preserved
CARD_RGI_BWT/ERR1713362/ERR1713362_rgi_bwt.overall_mapping_stats.txt	rr-analysis/hendriksen_resistancemap_2016/rgi_bwt_batch02_10countries_plus_USA_alt11/ERR1713362_rgi_bwt.overall_mapping_stats.txt	Copied with LF line endings; trailing ASCII spaces and terminal blank lines removed; tabs preserved
CARD_RGI_BWT/ERR1713379/ERR1713379_rgi_bwt.gene_mapping_data.txt	rr-analysis/hendriksen_resistancemap_2016/rgi_bwt_batch02_10countries_plus_USA_alt11/ERR1713379_rgi_bwt.gene_mapping_data.txt	Copied with LF line endings; trailing ASCII spaces and terminal blank lines removed; tabs preserved
CARD_RGI_BWT/ERR1713379/ERR1713379_rgi_bwt.overall_mapping_stats.txt	rr-analysis/hendriksen_resistancemap_2016/rgi_bwt_batch02_10countries_plus_USA_alt11/ERR1713379_rgi_bwt.overall_mapping_stats.txt	Copied with LF line endings; trailing ASCII spaces and terminal blank lines removed; tabs preserved
CARD_RGI_BWT/ERR1713403/ERR1713403_rgi_bwt.gene_mapping_data.txt	rr-analysis/hendriksen_resistancemap_2016/rgi_bwt_batch02_10countries_plus_USA_alt11/ERR1713403_rgi_bwt.gene_mapping_data.txt	Copied with LF line endings; trailing ASCII spaces and terminal blank lines removed; tabs preserved
CARD_RGI_BWT/ERR1713403/ERR1713403_rgi_bwt.overall_mapping_stats.txt	rr-analysis/hendriksen_resistancemap_2016/rgi_bwt_batch02_10countries_plus_USA_alt11/ERR1713403_rgi_bwt.overall_mapping_stats.txt	Copied with LF line endings; trailing ASCII spaces and terminal blank lines removed; tabs preserved
CARD_RGI_Main/ERR1713332/ERR1713332_rgi_main.txt	rr-analysis/hendriksen_resistancemap_2016/stage3_5_rgi_main_contigs_batch02_10countries_plus_USA_alt11/results/ERR1713332/ERR1713332_rgi_main_contigs.txt	Tabular RGI Main output copied after removing Predicted_DNA, Predicted_Protein, and CARD_Protein_Sequence columns
CARD_RGI_Main/ERR1713334/ERR1713334_rgi_main.txt	rr-analysis/hendriksen_resistancemap_2016/stage3_5_rgi_main_contigs_batch02_10countries_plus_USA_alt11/results/ERR1713334/ERR1713334_rgi_main_contigs.txt	Tabular RGI Main output copied after removing Predicted_DNA, Predicted_Protein, and CARD_Protein_Sequence columns
CARD_RGI_Main/ERR1713335/ERR1713335_rgi_main.txt	rr-analysis/hendriksen_resistancemap_2016/stage3_5_rgi_main_contigs_batch02_10countries_plus_USA_alt11/results/ERR1713335/ERR1713335_rgi_main_contigs.txt	Tabular RGI Main output copied after removing Predicted_DNA, Predicted_Protein, and CARD_Protein_Sequence columns
CARD_RGI_Main/ERR1713337/ERR1713337_rgi_main.txt	rr-analysis/hendriksen_resistancemap_2016/stage3_5_rgi_main_contigs_batch02_10countries_plus_USA_alt11/results/ERR1713337/ERR1713337_rgi_main_contigs.txt	Tabular RGI Main output copied after removing Predicted_DNA, Predicted_Protein, and CARD_Protein_Sequence columns
CARD_RGI_Main/ERR1713339/ERR1713339_rgi_main.txt	rr-analysis/hendriksen_resistancemap_2016/stage3_5_rgi_main_contigs_batch02_10countries_plus_USA_alt11/results/ERR1713339/ERR1713339_rgi_main_contigs.txt	Tabular RGI Main output copied after removing Predicted_DNA, Predicted_Protein, and CARD_Protein_Sequence columns
CARD_RGI_Main/ERR1713343/ERR1713343_rgi_main.txt	rr-analysis/hendriksen_resistancemap_2016/stage3_5_rgi_main_contigs_batch02_10countries_plus_USA_alt11/results/ERR1713343/ERR1713343_rgi_main_contigs.txt	Tabular RGI Main output copied after removing Predicted_DNA, Predicted_Protein, and CARD_Protein_Sequence columns
CARD_RGI_Main/ERR1713349/ERR1713349_rgi_main.txt	rr-analysis/hendriksen_resistancemap_2016/stage3_5_rgi_main_contigs_batch02_10countries_plus_USA_alt11/results/ERR1713349/ERR1713349_rgi_main_contigs.txt	Tabular RGI Main output copied after removing Predicted_DNA, Predicted_Protein, and CARD_Protein_Sequence columns
CARD_RGI_Main/ERR1713352/ERR1713352_rgi_main.txt	rr-analysis/hendriksen_resistancemap_2016/stage3_5_rgi_main_contigs_batch02_10countries_plus_USA_alt11/results/ERR1713352/ERR1713352_rgi_main_contigs.txt	Tabular RGI Main output copied after removing Predicted_DNA, Predicted_Protein, and CARD_Protein_Sequence columns
CARD_RGI_Main/ERR1713362/ERR1713362_rgi_main.txt	rr-analysis/hendriksen_resistancemap_2016/stage3_5_rgi_main_contigs_batch02_10countries_plus_USA_alt11/results/ERR1713362/ERR1713362_rgi_main_contigs.txt	Tabular RGI Main output copied after removing Predicted_DNA, Predicted_Protein, and CARD_Protein_Sequence columns
CARD_RGI_Main/ERR1713379/ERR1713379_rgi_main.txt	rr-analysis/hendriksen_resistancemap_2016/stage3_5_rgi_main_contigs_batch02_10countries_plus_USA_alt11/results/ERR1713379/ERR1713379_rgi_main_contigs.txt	Tabular RGI Main output copied after removing Predicted_DNA, Predicted_Protein, and CARD_Protein_Sequence columns
CARD_RGI_Main/ERR1713403/ERR1713403_rgi_main.txt	rr-analysis/hendriksen_resistancemap_2016/stage3_5_rgi_main_contigs_batch02_10countries_plus_USA_alt11/results/ERR1713403/ERR1713403_rgi_main_contigs.txt	Tabular RGI Main output copied after removing Predicted_DNA, Predicted_Protein, and CARD_Protein_Sequence columns
DIAMOND_CARD/ERR1713332/ERR1713332_diamond_card_hit_summary.tsv	rr-analysis/hendriksen_resistancemap_2016/stage3_4c_diamond_card_batch02_10countries_plus_USA_alt11/results_cleanfasta/ERR1713332/ERR1713332_R1_diamond_card.tsv;rr-analysis/hendriksen_resistancemap_2016/stage3_4c_diamond_card_batch02_10countries_plus_USA_alt11/results_cleanfasta/ERR1713332/ERR1713332_R2_diamond_card.tsv	Compact aggregate summaries generated from six-column R1 and R2 DIAMOND/CARD BLASTX tables; raw per-read tables excluded
DIAMOND_CARD/ERR1713332/ERR1713332_diamond_card_sample_summary.tsv	rr-analysis/hendriksen_resistancemap_2016/stage3_4c_diamond_card_batch02_10countries_plus_USA_alt11/results_cleanfasta/ERR1713332/ERR1713332_R1_diamond_card.tsv;rr-analysis/hendriksen_resistancemap_2016/stage3_4c_diamond_card_batch02_10countries_plus_USA_alt11/results_cleanfasta/ERR1713332/ERR1713332_R2_diamond_card.tsv	Compact aggregate summaries generated from six-column R1 and R2 DIAMOND/CARD BLASTX tables; raw per-read tables excluded
DIAMOND_CARD/ERR1713334/ERR1713334_diamond_card_hit_summary.tsv	rr-analysis/hendriksen_resistancemap_2016/stage3_4c_diamond_card_batch02_10countries_plus_USA_alt11/results_cleanfasta/ERR1713334/ERR1713334_R1_diamond_card.tsv;rr-analysis/hendriksen_resistancemap_2016/stage3_4c_diamond_card_batch02_10countries_plus_USA_alt11/results_cleanfasta/ERR1713334/ERR1713334_R2_diamond_card.tsv	Compact aggregate summaries generated from six-column R1 and R2 DIAMOND/CARD BLASTX tables; raw per-read tables excluded
DIAMOND_CARD/ERR1713334/ERR1713334_diamond_card_sample_summary.tsv	rr-analysis/hendriksen_resistancemap_2016/stage3_4c_diamond_card_batch02_10countries_plus_USA_alt11/results_cleanfasta/ERR1713334/ERR1713334_R1_diamond_card.tsv;rr-analysis/hendriksen_resistancemap_2016/stage3_4c_diamond_card_batch02_10countries_plus_USA_alt11/results_cleanfasta/ERR1713334/ERR1713334_R2_diamond_card.tsv	Compact aggregate summaries generated from six-column R1 and R2 DIAMOND/CARD BLASTX tables; raw per-read tables excluded
DIAMOND_CARD/ERR1713335/ERR1713335_diamond_card_hit_summary.tsv	rr-analysis/hendriksen_resistancemap_2016/stage3_4c_diamond_card_batch02_10countries_plus_USA_alt11/results_cleanfasta/ERR1713335/ERR1713335_R1_diamond_card.tsv;rr-analysis/hendriksen_resistancemap_2016/stage3_4c_diamond_card_batch02_10countries_plus_USA_alt11/results_cleanfasta/ERR1713335/ERR1713335_R2_diamond_card.tsv	Compact aggregate summaries generated from six-column R1 and R2 DIAMOND/CARD BLASTX tables; raw per-read tables excluded
DIAMOND_CARD/ERR1713335/ERR1713335_diamond_card_sample_summary.tsv	rr-analysis/hendriksen_resistancemap_2016/stage3_4c_diamond_card_batch02_10countries_plus_USA_alt11/results_cleanfasta/ERR1713335/ERR1713335_R1_diamond_card.tsv;rr-analysis/hendriksen_resistancemap_2016/stage3_4c_diamond_card_batch02_10countries_plus_USA_alt11/results_cleanfasta/ERR1713335/ERR1713335_R2_diamond_card.tsv	Compact aggregate summaries generated from six-column R1 and R2 DIAMOND/CARD BLASTX tables; raw per-read tables excluded
DIAMOND_CARD/ERR1713337/ERR1713337_diamond_card_hit_summary.tsv	rr-analysis/hendriksen_resistancemap_2016/stage3_4c_diamond_card_batch02_10countries_plus_USA_alt11/results_cleanfasta/ERR1713337/ERR1713337_R1_diamond_card.tsv;rr-analysis/hendriksen_resistancemap_2016/stage3_4c_diamond_card_batch02_10countries_plus_USA_alt11/results_cleanfasta/ERR1713337/ERR1713337_R2_diamond_card.tsv	Compact aggregate summaries generated from six-column R1 and R2 DIAMOND/CARD BLASTX tables; raw per-read tables excluded
DIAMOND_CARD/ERR1713337/ERR1713337_diamond_card_sample_summary.tsv	rr-analysis/hendriksen_resistancemap_2016/stage3_4c_diamond_card_batch02_10countries_plus_USA_alt11/results_cleanfasta/ERR1713337/ERR1713337_R1_diamond_card.tsv;rr-analysis/hendriksen_resistancemap_2016/stage3_4c_diamond_card_batch02_10countries_plus_USA_alt11/results_cleanfasta/ERR1713337/ERR1713337_R2_diamond_card.tsv	Compact aggregate summaries generated from six-column R1 and R2 DIAMOND/CARD BLASTX tables; raw per-read tables excluded
DIAMOND_CARD/ERR1713339/ERR1713339_diamond_card_hit_summary.tsv	rr-analysis/hendriksen_resistancemap_2016/stage3_4c_diamond_card_batch02_10countries_plus_USA_alt11/results_cleanfasta/ERR1713339/ERR1713339_R1_diamond_card.tsv;rr-analysis/hendriksen_resistancemap_2016/stage3_4c_diamond_card_batch02_10countries_plus_USA_alt11/results_cleanfasta/ERR1713339/ERR1713339_R2_diamond_card.tsv	Compact aggregate summaries generated from six-column R1 and R2 DIAMOND/CARD BLASTX tables; raw per-read tables excluded
DIAMOND_CARD/ERR1713339/ERR1713339_diamond_card_sample_summary.tsv	rr-analysis/hendriksen_resistancemap_2016/stage3_4c_diamond_card_batch02_10countries_plus_USA_alt11/results_cleanfasta/ERR1713339/ERR1713339_R1_diamond_card.tsv;rr-analysis/hendriksen_resistancemap_2016/stage3_4c_diamond_card_batch02_10countries_plus_USA_alt11/results_cleanfasta/ERR1713339/ERR1713339_R2_diamond_card.tsv	Compact aggregate summaries generated from six-column R1 and R2 DIAMOND/CARD BLASTX tables; raw per-read tables excluded
DIAMOND_CARD/ERR1713343/ERR1713343_diamond_card_hit_summary.tsv	rr-analysis/hendriksen_resistancemap_2016/stage3_4c_diamond_card_batch02_10countries_plus_USA_alt11/results_cleanfasta/ERR1713343/ERR1713343_R1_diamond_card.tsv;rr-analysis/hendriksen_resistancemap_2016/stage3_4c_diamond_card_batch02_10countries_plus_USA_alt11/results_cleanfasta/ERR1713343/ERR1713343_R2_diamond_card.tsv	Compact aggregate summaries generated from six-column R1 and R2 DIAMOND/CARD BLASTX tables; raw per-read tables excluded
DIAMOND_CARD/ERR1713343/ERR1713343_diamond_card_sample_summary.tsv	rr-analysis/hendriksen_resistancemap_2016/stage3_4c_diamond_card_batch02_10countries_plus_USA_alt11/results_cleanfasta/ERR1713343/ERR1713343_R1_diamond_card.tsv;rr-analysis/hendriksen_resistancemap_2016/stage3_4c_diamond_card_batch02_10countries_plus_USA_alt11/results_cleanfasta/ERR1713343/ERR1713343_R2_diamond_card.tsv	Compact aggregate summaries generated from six-column R1 and R2 DIAMOND/CARD BLASTX tables; raw per-read tables excluded
DIAMOND_CARD/ERR1713349/ERR1713349_diamond_card_hit_summary.tsv	rr-analysis/hendriksen_resistancemap_2016/stage3_4c_diamond_card_batch02_10countries_plus_USA_alt11/results_cleanfasta/ERR1713349/ERR1713349_R1_diamond_card.tsv;rr-analysis/hendriksen_resistancemap_2016/stage3_4c_diamond_card_batch02_10countries_plus_USA_alt11/results_cleanfasta/ERR1713349/ERR1713349_R2_diamond_card.tsv	Compact aggregate summaries generated from six-column R1 and R2 DIAMOND/CARD BLASTX tables; raw per-read tables excluded
DIAMOND_CARD/ERR1713349/ERR1713349_diamond_card_sample_summary.tsv	rr-analysis/hendriksen_resistancemap_2016/stage3_4c_diamond_card_batch02_10countries_plus_USA_alt11/results_cleanfasta/ERR1713349/ERR1713349_R1_diamond_card.tsv;rr-analysis/hendriksen_resistancemap_2016/stage3_4c_diamond_card_batch02_10countries_plus_USA_alt11/results_cleanfasta/ERR1713349/ERR1713349_R2_diamond_card.tsv	Compact aggregate summaries generated from six-column R1 and R2 DIAMOND/CARD BLASTX tables; raw per-read tables excluded
DIAMOND_CARD/ERR1713352/ERR1713352_diamond_card_hit_summary.tsv	rr-analysis/hendriksen_resistancemap_2016/stage3_4c_diamond_card_batch02_10countries_plus_USA_alt11/results_cleanfasta/ERR1713352/ERR1713352_R1_diamond_card.tsv;rr-analysis/hendriksen_resistancemap_2016/stage3_4c_diamond_card_batch02_10countries_plus_USA_alt11/results_cleanfasta/ERR1713352/ERR1713352_R2_diamond_card.tsv	Compact aggregate summaries generated from six-column R1 and R2 DIAMOND/CARD BLASTX tables; raw per-read tables excluded
DIAMOND_CARD/ERR1713352/ERR1713352_diamond_card_sample_summary.tsv	rr-analysis/hendriksen_resistancemap_2016/stage3_4c_diamond_card_batch02_10countries_plus_USA_alt11/results_cleanfasta/ERR1713352/ERR1713352_R1_diamond_card.tsv;rr-analysis/hendriksen_resistancemap_2016/stage3_4c_diamond_card_batch02_10countries_plus_USA_alt11/results_cleanfasta/ERR1713352/ERR1713352_R2_diamond_card.tsv	Compact aggregate summaries generated from six-column R1 and R2 DIAMOND/CARD BLASTX tables; raw per-read tables excluded
DIAMOND_CARD/ERR1713362/ERR1713362_diamond_card_hit_summary.tsv	rr-analysis/hendriksen_resistancemap_2016/stage3_4c_diamond_card_batch02_10countries_plus_USA_alt11/results_cleanfasta/ERR1713362/ERR1713362_R1_diamond_card.tsv;rr-analysis/hendriksen_resistancemap_2016/stage3_4c_diamond_card_batch02_10countries_plus_USA_alt11/results_cleanfasta/ERR1713362/ERR1713362_R2_diamond_card.tsv	Compact aggregate summaries generated from six-column R1 and R2 DIAMOND/CARD BLASTX tables; raw per-read tables excluded
DIAMOND_CARD/ERR1713362/ERR1713362_diamond_card_sample_summary.tsv	rr-analysis/hendriksen_resistancemap_2016/stage3_4c_diamond_card_batch02_10countries_plus_USA_alt11/results_cleanfasta/ERR1713362/ERR1713362_R1_diamond_card.tsv;rr-analysis/hendriksen_resistancemap_2016/stage3_4c_diamond_card_batch02_10countries_plus_USA_alt11/results_cleanfasta/ERR1713362/ERR1713362_R2_diamond_card.tsv	Compact aggregate summaries generated from six-column R1 and R2 DIAMOND/CARD BLASTX tables; raw per-read tables excluded
DIAMOND_CARD/ERR1713379/ERR1713379_diamond_card_hit_summary.tsv	rr-analysis/hendriksen_resistancemap_2016/stage3_4c_diamond_card_batch02_10countries_plus_USA_alt11/results_cleanfasta/ERR1713379/ERR1713379_R1_diamond_card.tsv;rr-analysis/hendriksen_resistancemap_2016/stage3_4c_diamond_card_batch02_10countries_plus_USA_alt11/results_cleanfasta/ERR1713379/ERR1713379_R2_diamond_card.tsv	Compact aggregate summaries generated from six-column R1 and R2 DIAMOND/CARD BLASTX tables; raw per-read tables excluded
DIAMOND_CARD/ERR1713379/ERR1713379_diamond_card_sample_summary.tsv	rr-analysis/hendriksen_resistancemap_2016/stage3_4c_diamond_card_batch02_10countries_plus_USA_alt11/results_cleanfasta/ERR1713379/ERR1713379_R1_diamond_card.tsv;rr-analysis/hendriksen_resistancemap_2016/stage3_4c_diamond_card_batch02_10countries_plus_USA_alt11/results_cleanfasta/ERR1713379/ERR1713379_R2_diamond_card.tsv	Compact aggregate summaries generated from six-column R1 and R2 DIAMOND/CARD BLASTX tables; raw per-read tables excluded
DIAMOND_CARD/ERR1713403/ERR1713403_diamond_card_hit_summary.tsv	rr-analysis/hendriksen_resistancemap_2016/stage3_4c_diamond_card_batch02_10countries_plus_USA_alt11/results_cleanfasta/ERR1713403/ERR1713403_R1_diamond_card.tsv;rr-analysis/hendriksen_resistancemap_2016/stage3_4c_diamond_card_batch02_10countries_plus_USA_alt11/results_cleanfasta/ERR1713403/ERR1713403_R2_diamond_card.tsv	Compact aggregate summaries generated from six-column R1 and R2 DIAMOND/CARD BLASTX tables; raw per-read tables excluded
DIAMOND_CARD/ERR1713403/ERR1713403_diamond_card_sample_summary.tsv	rr-analysis/hendriksen_resistancemap_2016/stage3_4c_diamond_card_batch02_10countries_plus_USA_alt11/results_cleanfasta/ERR1713403/ERR1713403_R1_diamond_card.tsv;rr-analysis/hendriksen_resistancemap_2016/stage3_4c_diamond_card_batch02_10countries_plus_USA_alt11/results_cleanfasta/ERR1713403/ERR1713403_R2_diamond_card.tsv	Compact aggregate summaries generated from six-column R1 and R2 DIAMOND/CARD BLASTX tables; raw per-read tables excluded
FASTP/ERR1713332/ERR1713332.fastp.json	rr-analysis/hendriksen_resistancemap_2016/fastp/batch02_10countries_plus_USA_alt11/ERR1713332/ERR1713332.fastp.json	Copied without modification
FASTP/ERR1713334/ERR1713334.fastp.json	rr-analysis/hendriksen_resistancemap_2016/fastp/batch02_10countries_plus_USA_alt11/ERR1713334/ERR1713334.fastp.json	Copied without modification
FASTP/ERR1713335/ERR1713335.fastp.json	rr-analysis/hendriksen_resistancemap_2016/fastp/batch02_10countries_plus_USA_alt11/ERR1713335/ERR1713335.fastp.json	Copied without modification
FASTP/ERR1713337/ERR1713337.fastp.json	rr-analysis/hendriksen_resistancemap_2016/fastp/batch02_10countries_plus_USA_alt11/ERR1713337/ERR1713337.fastp.json	Copied without modification
FASTP/ERR1713339/ERR1713339.fastp.json	rr-analysis/hendriksen_resistancemap_2016/fastp/batch02_10countries_plus_USA_alt11/ERR1713339/ERR1713339.fastp.json	Copied without modification
FASTP/ERR1713343/ERR1713343.fastp.json	rr-analysis/hendriksen_resistancemap_2016/fastp/batch02_10countries_plus_USA_alt11/ERR1713343/ERR1713343.fastp.json	Copied without modification
FASTP/ERR1713349/ERR1713349.fastp.json	rr-analysis/hendriksen_resistancemap_2016/fastp/batch02_10countries_plus_USA_alt11/ERR1713349/ERR1713349.fastp.json	Copied without modification
FASTP/ERR1713352/ERR1713352.fastp.json	rr-analysis/hendriksen_resistancemap_2016/fastp/batch02_10countries_plus_USA_alt11/ERR1713352/ERR1713352.fastp.json	Copied without modification
FASTP/ERR1713362/ERR1713362.fastp.json	rr-analysis/hendriksen_resistancemap_2016/fastp/batch02_10countries_plus_USA_alt11/ERR1713362/ERR1713362.fastp.json	Copied without modification
FASTP/ERR1713379/ERR1713379.fastp.json	rr-analysis/hendriksen_resistancemap_2016/fastp/batch02_10countries_plus_USA_alt11/ERR1713379/ERR1713379.fastp.json	Copied without modification
FASTP/ERR1713403/ERR1713403.fastp.json	rr-analysis/hendriksen_resistancemap_2016/fastp/batch02_10countries_plus_USA_alt11/ERR1713403/ERR1713403.fastp.json	Copied without modification
README.md	rr-analysis/hendriksen_resistancemap_2016/stage3_5_megahit_batch02_10countries_plus_USA_alt11/samplesheets/batch02_10countries_plus_USA_alt11_megahit_samples.tsv	Release documentation generated
geNomAD/ERR1713332/contig_classification.tsv	rr-analysis/hendriksen_resistancemap_2016/stage3_5_genomad_batch02_10countries_plus_USA_alt11/results/ERR1713332/ERR1713332.contigs_aggregated_classification/ERR1713332.contigs_aggregated_classification.tsv	geNomAD aggregated contig classification copied and standardized as contig_classification.tsv
geNomAD/ERR1713334/contig_classification.tsv	rr-analysis/hendriksen_resistancemap_2016/stage3_5_genomad_batch02_10countries_plus_USA_alt11/results/ERR1713334/ERR1713334.contigs_aggregated_classification/ERR1713334.contigs_aggregated_classification.tsv	geNomAD aggregated contig classification copied and standardized as contig_classification.tsv
geNomAD/ERR1713335/contig_classification.tsv	rr-analysis/hendriksen_resistancemap_2016/stage3_5_genomad_batch02_10countries_plus_USA_alt11/results/ERR1713335/ERR1713335.contigs_aggregated_classification/ERR1713335.contigs_aggregated_classification.tsv	geNomAD aggregated contig classification copied and standardized as contig_classification.tsv
geNomAD/ERR1713337/contig_classification.tsv	rr-analysis/hendriksen_resistancemap_2016/stage3_5_genomad_batch02_10countries_plus_USA_alt11/results/ERR1713337/ERR1713337.contigs_aggregated_classification/ERR1713337.contigs_aggregated_classification.tsv	geNomAD aggregated contig classification copied and standardized as contig_classification.tsv
geNomAD/ERR1713339/contig_classification.tsv	rr-analysis/hendriksen_resistancemap_2016/stage3_5_genomad_batch02_10countries_plus_USA_alt11/results/ERR1713339/ERR1713339.contigs_aggregated_classification/ERR1713339.contigs_aggregated_classification.tsv	geNomAD aggregated contig classification copied and standardized as contig_classification.tsv
geNomAD/ERR1713343/contig_classification.tsv	rr-analysis/hendriksen_resistancemap_2016/stage3_5_genomad_batch02_10countries_plus_USA_alt11/results/ERR1713343/ERR1713343.contigs_aggregated_classification/ERR1713343.contigs_aggregated_classification.tsv	geNomAD aggregated contig classification copied and standardized as contig_classification.tsv
geNomAD/ERR1713349/contig_classification.tsv	rr-analysis/hendriksen_resistancemap_2016/stage3_5_genomad_batch02_10countries_plus_USA_alt11/results/ERR1713349/ERR1713349.contigs_aggregated_classification/ERR1713349.contigs_aggregated_classification.tsv	geNomAD aggregated contig classification copied and standardized as contig_classification.tsv
geNomAD/ERR1713352/contig_classification.tsv	rr-analysis/hendriksen_resistancemap_2016/stage3_5_genomad_batch02_10countries_plus_USA_alt11/results/ERR1713352/ERR1713352.contigs_aggregated_classification/ERR1713352.contigs_aggregated_classification.tsv	geNomAD aggregated contig classification copied and standardized as contig_classification.tsv
geNomAD/ERR1713362/contig_classification.tsv	rr-analysis/hendriksen_resistancemap_2016/stage3_5_genomad_batch02_10countries_plus_USA_alt11/results/ERR1713362/ERR1713362.contigs_aggregated_classification/ERR1713362.contigs_aggregated_classification.tsv	geNomAD aggregated contig classification copied and standardized as contig_classification.tsv
geNomAD/ERR1713379/contig_classification.tsv	rr-analysis/hendriksen_resistancemap_2016/stage3_5_genomad_batch02_10countries_plus_USA_alt11/results/ERR1713379/ERR1713379.contigs_aggregated_classification/ERR1713379.contigs_aggregated_classification.tsv	geNomAD aggregated contig classification copied and standardized as contig_classification.tsv
geNomAD/ERR1713403/contig_classification.tsv	rr-analysis/hendriksen_resistancemap_2016/stage3_5_genomad_batch02_10countries_plus_USA_alt11/results/ERR1713403/ERR1713403.contigs_aggregated_classification/ERR1713403.contigs_aggregated_classification.tsv	geNomAD aggregated contig classification copied and standardized as contig_classification.tsv
metadata/batch02_sample_manifest.tsv	rr-analysis/hendriksen_resistancemap_2016/stage3_5_megahit_batch02_10countries_plus_USA_alt11/samplesheets/batch02_10countries_plus_USA_alt11_megahit_samples.tsv	Standardized 11-sample release manifest generated
